id,doctor_id,hospital_id,availability,consultation_fee
1,1,1,Sat Sun Mon Tue Wed 03:00 PM - 08:00 PM,
3,2,2,,
5,2,3,,
6,3,4,"Satmasjid Road Dhanmondi C/A, Satmasjid Road, Dhanmondi, Dhaka-1209,Bangladesh | Availability: ",
8,4,4,"Satmasjid Road Dhanmondi C/A, Satmasjid Road, Dhanmondi, Dhaka-1209,Bangladesh | Availability: ",
10,5,4,"Satmasjid Road Dhanmondi C/A, Satmasjid Road, Dhanmondi, Dhaka-1209,Bangladesh | Availability: ",
12,6,4,"Satmasjid Road Dhanmondi C/A, Satmasjid Road, Dhanmondi, Dhaka-1209,Bangladesh | Availability: ",
14,7,5,,
16,8,5,,
18,9,5,,
20,10,6,,
22,10,7,,
23,11,8,,
25,12,8,,
27,13,8,,
29,14,8,,
31,15,8,,
33,16,8,,
35,16,9,,
36,17,8,,
38,18,8,,
40,19,8,,
42,20,10,Thur 03:00 PM - 08:00 PMFri 10:00 AM - 05:00 PM,
44,21,11,,
46,22,12,,
48,22,13,,
49,23,14,Sat Sun Mon Tue Wed 9:00 AM - 08:00 PM,
51,24,15,Fri 9:00 AM - 03:00 PM,
52,24,15,,
53,24,16,Fri 9:00 AM - 03:00 PM,
54,25,17,Sat Sun Mon Tue Wed 06:00 PM - 09:00 PM,
56,25,18,Thur 03:00 PM - 05:00 PM,
57,26,19,,
59,27,20,Sat Sun Mon Tue Wed Thur 05:00 PM - 09:00 PM,
61,28,21,Sun Tue Thur 07:00 PM - 10:00 PMFri 10:00 AM - 01:00 PM,
63,29,22,,
65,30,23,Thur 11:00 AM - 04:00 PMSat Mon Wed 11:00 AM - 05:00 PMSun 11:00 AM - 07:00 PMTue 11:00 AM - 06:00 PMFr,
67,31,24,,
69,31,25,,
70,32,5,Sat Sun Mon Tue Wed 06:00 PM - 08:00 PM,
72,32,26,Fri 9:30 AM - 05:00 PM,
73,33,27,Sat Sun Mon Tue Wed 05:00 PM - 08:00 PM,
75,34,28,Sat Sun Mon Tue Wed Thur Fri 07:00 PM - 09:00 PM,
77,35,29,,
79,36,17,Sat Sun Mon Tue Wed Thur 05:00 PM - 10:00 PM,
81,37,30,,
83,38,31,Sat Sun Mon Tue Wed Thur 06:00 PM - 09:30 PM,
85,39,32,"Satmasjid Road, Dhaka-1205,Bangladesh | Availability: ",
87,40,32,"Satmasjid Road, Dhaka-1205,Bangladesh | Availability: Sat Sun 07:00 PM - 09:00 PM",
89,40,33,,
90,41,34,Sat Sun Mon Tue Wed Thur 11:00 AM - 01:00 PMSat Sun Mon Tue Wed Thur 06:00 PM - 09:00 PM,
92,42,35,,
94,43,36,Sat Sun Mon Tue Wed Thur 06:00 PM - 08:00 PM,
96,43,37,Sat Sun Mon Tue Wed Thur 08:00 PM - 10:00 PM,
97,44,38,Fri 9:00 AM - 11:00 AM,
99,44,39,Sun Mon Tue Wed Thur 06:00 PM - 09:00 PM,
100,44,40,Sat 02:00 PM - 09:00 PMFri 02:00 PM - 11:00 PM,
101,45,41,Sat Sun Mon Tue Wed Thur Fri 05:00 PM - 11:00 PM,
103,46,41,Sat Sun Mon Tue Wed 06:00 PM - 09:00 PM,
105,47,41,Sat 09:00 PM - 10:00 PM,
107,48,41,Sat Sun Mon Tue Wed Thur 04:30 PM - 07:00 PM,
109,49,41,Sat Sun Mon Tue Wed Thur 07:00 PM - 09:00 PM,
111,50,41,Sat Sun Mon Tue Wed Thur 06:00 PM - 10:00 PM,
113,51,41,Sat Sun Mon Tue Wed Thur Fri 06:00 PM - 09:00 PM,
115,52,41,Sat Sun Mon Tue Wed Thur 06:00 PM - 08:00 PM,
117,53,41,Sun Tue Thur 06:00 PM - 10:00 PM,
119,54,41,Sat Mon Thur 06:00 PM - 08:00 PM,
121,55,41,Sat Sun Mon Tue Wed Thur 07:00 PM - 09:00 PM,
123,56,41,Sun Tue Thur Fri 05:00 PM - 08:00 PM,
125,57,41,Sat Sun Mon Tue Wed Thur 08:30 PM - 10:00 PM,
127,58,41,Sat Sun Mon Tue 10:00 AM - 00:00 PMThur 06:00 PM - 08:00 PM,
129,59,41,Sat Sun Mon Tue Wed Thur 05:00 PM - 08:30 PM,
131,60,36,Sat Sun Mon Tue Wed Thur 06:30 PM - 08:00 PM,
133,61,36,Sat Sun Mon Tue Wed 09:00 PM - 10:00 PM,
135,62,36,Sun Mon Tue Wed Thur 05:00 PM - 06:30 PM,
137,63,36,Sat Thur Fri 11:00 AM - 01:00 PM,
139,64,36,Sat Mon Wed 06:00 PM - 08:00 PMSun Tue Thur 08:00 PM - 10:00 PM,
141,65,36,Sat Sun Mon Tue Wed Thur 11:00 AM - 01:00 PM,
143,66,36,Sat Sun Mon Tue Wed Thur 05:00 PM - 06:30 PM,
145,67,36,Sun Tue Thur 05:30 PM - 09:00 PM,
147,68,36,Sat Sun Mon Tue Wed Thur 10:00 AM - 01:00 PM,
149,69,36,Sun Mon Tue Wed 11:00 AM - 01:00 PM,
151,70,36,Sat Sun Mon Tue Wed Thur Fri 06:30 PM - 09:00 PM,
153,71,36,Sat Sun Tue Wed Thur 07:00 PM - 09:00 PM,
155,72,36,Sat Sun Mon Tue Wed Thur 06:00 PM - 08:00 PM,
157,73,36,Sat Mon Wed 08:00 PM - 10:00 PM,
159,74,36,Sun Tue Thur 06:00 PM - 07:30 PM,
161,75,36,Sat Mon Wed 07:00 PM - 09:00 PM,
163,76,36,Sun Mon Tue Wed 08:00 PM - 10:00 PM,
165,77,36,Sat Sun Mon Tue Wed Thur 07:00 PM - 09:00 PM,
167,78,36,Sat Mon Wed 07:00 PM - 08:00 PM,
169,79,36,Sat 05:00 PM - 09:00 PMSun Thur 05:00 PM - 07:00 PM,
171,80,36,Sat Sun Mon Tue Wed Thur 07:00 PM - 10:00 PM,
173,81,42,"Satmosjid Road, Mohammadpur, 8, Mohammadpur, Dhaka-1207,Bangladesh | Availability: Sat Sun Mon Tue Wed 08:0",
175,82,43,Sat Mon Wed 03:00 PM - 08:00 PM,
177,83,36,Sat Sun Mon Tue Wed Thur 00:00 PM - 02:00 PMSat Sun Mon Tue Wed Thur 05:00 PM - 10:00 PM,
179,84,36,Sat Sun Mon Tue Wed Thur Fri 07:00 PM - 09:00 PM,
181,85,36,Sat Sun Mon Tue Wed Thur Fri 07:00 PM - 09:00 PM,
183,86,44,Sat Sun Mon Tue Wed Thur Fri 07:00 PM - 10:00 PM,
185,87,44,Sat Sun Wed Thur 07:00 PM - 10:00 PM,
187,88,44,Sat Sun Mon Tue Wed Thur Fri 07:00 PM - 08:30 PM,
189,89,44,Sat Mon Wed 07:00 PM - 08:30 PM,
191,90,44,Sat Thur 04:00 PM - 06:00 PMWed 07:00 PM - 08:30 PM,
193,90,36,Sat Sun Mon Thur 07:30 PM - 09:00 PM,
194,91,44,Sat Mon Wed 06:00 PM - 08:00 PM,
196,92,44,Sat Sun Mon Tue 08:00 PM - 09:30 PM,
198,93,44,Sat Mon Wed 07:00 PM - 08:00 PM,
200,94,44,Sat Mon Wed 05:00 PM - 07:00 PM,
202,95,44,Sat Sun Mon Tue Wed Thur 07:00 PM - 10:00 PM,
204,96,44,Sat Sun Mon Tue Wed Thur 06:00 PM - 09:00 PM,
206,97,44,Sat Sun Mon Tue Wed Thur 07:00 PM - 09:00 PM,
208,98,45,Sat Sun Mon Tue Wed Thur 8:00 AM - 02:00 PM,
210,99,45,Sat Sun Mon Tue Wed Thur Fri 08:00 PM - 10:00 PM,
212,100,19,Sat Mon Wed Thur 05:00 PM - 07:00 PM,
214,101,45,Sat Mon Wed 04:30 PM - 08:30 PM,
216,102,45,Sat Sun Mon Tue Wed Thur 9:00 AM - 03:00 PM,
218,103,45,Sat Sun Mon Tue Wed Thur 07:00 PM - 08:00 PM,
220,104,45,,
222,105,45,,
224,106,45,,
226,107,45,,
228,108,45,Fri 03:00 PM - 09:00 PM,
230,109,45,Sat Sun Mon Tue Wed Thur 8:00 AM - 04:00 PM,
232,110,19,Sat Mon Wed Fri 03:00 PM - 05:00 PM,
234,111,19,Sat Thur 08:00 PM - 09:00 PM,
236,112,19,Sat Sun Mon Tue Wed Thur Fri 9:00 AM - 00:30 PM,
238,113,19,,
240,114,19,,
242,115,19,,
244,116,19,,
246,117,19,Sat Mon Tue Wed Fri 10:00 AM - 00:00 PM,
248,118,19,,
250,119,19,Sat Sun Mon Tue Wed Thur 10:00 AM - 11:00 AM,
252,120,19,Sat Mon Wed 07:00 PM - 09:30 PM,
254,121,19,Sat Sun Mon Tue Wed Thur 05:00 PM - 07:00 PM,
256,122,19,Sat Sun Mon Tue Wed Thur 09:00 PM - 10:30 PM,
258,123,19,Sat Mon Wed 04:00 PM - 06:00 PM,
260,124,19,Sat Sun Mon Tue Wed 06:00 PM - 10:00 PM,
262,125,19,Sat Sun Tue Wed Thur 05:00 PM - 10:00 PM,
264,126,19,Sat Mon 08:00 PM - 10:00 PMSun Tue Wed 9:00 AM - 01:00 PMWed 05:00 PM - 09:00 PM,
266,127,19,Sat Mon Wed 11:00 AM - 01:00 PMSun Tue Thur 05:00 PM - 09:30 PM,
268,128,19,Sat Sun Tue Wed Thur Fri 08:00 PM - 10:00 PM,
270,129,19,Sat Sun Mon Tue Wed Thur 06:00 PM - 10:00 PM,
272,129,44,,
273,130,19,Sat Sun Mon Tue Wed Thur 05:00 PM - 08:00 PM,
275,131,19,Fri 10:00 AM - 01:00 PM,
277,132,19,Sat Sun Mon Tue Wed Thur 04:00 PM - 07:00 PM,
279,133,19,Sat Sun Tue Wed Fri 06:00 PM - 08:00 PM,
281,134,19,Sat Sun Mon Tue Wed Thur 06:00 PM - 10:00 PM,
283,135,19,Sat Sun Mon Tue Wed Thur Fri 08:00 PM - 10:00 PM,
285,136,19,Sat Sun Mon Tue Wed Thur 06:00 PM - 10:00 PM,
287,137,46,Mon Wed 02:30 PM - 04:00 PM,
289,137,47,Sat Sun Mon Tue Wed Thur 04:30 PM - 08:00 PM,
290,137,48,Tue 02:30 PM - 02:00 PM,
291,138,19,Sat Sun Mon Tue Wed Thur 08:00 PM - 11:00 PM,
293,139,19,Sat Sun Mon Tue Wed Thur Fri 05:00 PM - 08:00 PM,
295,140,19,Sat Sun Mon Wed Thur 07:30 PM - 09:00 PM,
297,141,19,Sat Sun Tue Thur 05:30 PM - 09:00 PM,
299,142,19,Sat Sun Tue Wed Thur 08:00 PM - 10:00 PM,
301,143,19,Wed 05:30 PM - 09:30 PMThur 05:30 PM - 07:30 PMFri 09:00 PM - 10:30 PM,
303,144,19,Sat Sun Mon Tue Wed Thur 06:00 PM - 09:00 PM,
305,145,19,Sat Sun Tue Thur 05:00 PM - 10:00 PMMon Wed 07:00 PM - 10:00 PM,
307,146,19,Sat Sun Mon Tue Thur 06:00 PM - 10:00 PMFri 9:00 AM - 01:00 PM,
309,147,19,Sat Sun Mon Tue Wed Thur 05:00 PM - 08:00 PM,
311,148,49,,
313,149,45,Sat Sun Mon Wed Thur 06:30 PM - 09:30 PM,
315,150,45,Sat Sun Mon Tue Wed Thur 9:00 AM - 02:00 PM,
317,151,19,Sat Sun Mon Tue Wed Thur 07:00 PM - 09:30 PM,
319,151,36,Sun Tue Thur 05:30 PM - 07:00 PM,
320,152,45,Sat Wed Thur Fri 8:00 AM - 10:30 AMSun Mon Tue 7:00 AM - 8:30 AM,
322,153,45,Sat Sun Mon Tue Wed 07:00 PM - 10:00 PM,
324,154,45,Sat Sun Mon Tue Wed Thur 07:00 PM - 10:00 PM,
326,155,45,Sat Sun Tue Wed Thur 05:00 PM - 09:30 PMMon 05:00 PM - 09:00 PM,
328,156,45,Sat Mon Wed 06:00 PM - 08:00 PM,
330,156,44,Sat Sun Mon Tue Wed 08:00 PM - 10:00 PM,
331,157,45,Sat Sun Mon Tue Wed Thur 06:00 PM - 09:00 PM,
333,158,45,Sun Mon Tue Wed Thur 11:00 AM - 01:00 PMSun Mon Tue Wed Thur 04:30 PM - 06:30 PM,
335,159,50,,
337,160,45,Sat Sun Mon Tue Wed Thur 05:00 PM - 07:00 PM,
339,161,45,Sat Sun Mon Wed Thur Fri 05:00 PM - 10:00 PMTue 9:00 AM - 00:00 PM,
341,162,45,Sat Sun Mon Tue Wed Thur 10:00 AM - 2:00 AM,
343,163,19,,
345,164,19,Sat Sun Mon Tue Wed Thur Fri 9:00 AM - 00:30 PM,
347,165,51,Sat Tue Fri 07:01 PM - 11:00 PMSun Mon Wed Thur 07:00 PM - 11:00 PM,New: 1000
348,165,51,,
349,165,52,Sat Tue Fri 07:01 PM - 11:00 PMSun Mon Wed Thur 07:00 PM - 11:00 PM,New: 1000
350,166,5,,
352,167,4,"Satmasjid Road Dhanmondi C/A, Satmasjid Road, Dhanmondi, Dhaka-1209,Bangladesh | Availability: Sun Tue Thur",
354,168,53,Sat Sun Mon Tue Wed Thur 10:00 AM - 00:00 PM,
356,169,4,"Satmasjid Road Dhanmondi C/A, Satmasjid Road, Dhanmondi, Dhaka-1209,Bangladesh | Availability: Sat Sun Mon",
358,170,4,"Satmasjid Road Dhanmondi C/A, Satmasjid Road, Dhanmondi, Dhaka-1209,Bangladesh | Availability: Mon Tue 07:0",
360,171,4,"Satmasjid Road Dhanmondi C/A, Satmasjid Road, Dhanmondi, Dhaka-1209,Bangladesh | Availability: Mon 07:00 PM",
362,172,4,"Satmasjid Road Dhanmondi C/A, Satmasjid Road, Dhanmondi, Dhaka-1209,Bangladesh | Availability: Sat Mon Wed",
364,173,4,"Satmasjid Road Dhanmondi C/A, Satmasjid Road, Dhanmondi, Dhaka-1209,Bangladesh | Availability: Sat Sun Mon",
366,174,4,"Satmasjid Road Dhanmondi C/A, Satmasjid Road, Dhanmondi, Dhaka-1209,Bangladesh | Availability: Sat Mon Wed",
368,175,4,"Satmasjid Road Dhanmondi C/A, Satmasjid Road, Dhanmondi, Dhaka-1209,Bangladesh | Availability: Sat Sun Mon",
370,176,54,Sun Mon Tue Wed 05:00 PM - 07:00 PM,
372,176,55,Sun Mon Tue Wed 09:00 PM - 10:00 PM,
373,177,4,"Satmasjid Road Dhanmondi C/A, Satmasjid Road, Dhanmondi, Dhaka-1209,Bangladesh | Availability: Sat Mon Wed",
375,178,4,"Satmasjid Road Dhanmondi C/A, Satmasjid Road, Dhanmondi, Dhaka-1209,Bangladesh | Availability: Sun Mon Wed",
377,179,4,"Satmasjid Road Dhanmondi C/A, Satmasjid Road, Dhanmondi, Dhaka-1209,Bangladesh | Availability: ",
379,180,4,"Satmasjid Road Dhanmondi C/A, Satmasjid Road, Dhanmondi, Dhaka-1209,Bangladesh | Availability: Sun Tue Thur",
381,181,56,Sun Mon Tue Wed Thur 06:30 PM - 10:00 PM,
383,182,4,"Satmasjid Road Dhanmondi C/A, Satmasjid Road, Dhanmondi, Dhaka-1209,Bangladesh | Availability: ",
385,183,4,"Satmasjid Road Dhanmondi C/A, Satmasjid Road, Dhanmondi, Dhaka-1209,Bangladesh | Availability: Sat Sun Tue",
387,184,4,"Satmasjid Road Dhanmondi C/A, Satmasjid Road, Dhanmondi, Dhaka-1209,Bangladesh | Availability: Sun Tue Thur",
389,185,4,"Satmasjid Road Dhanmondi C/A, Satmasjid Road, Dhanmondi, Dhaka-1209,Bangladesh | Availability: Sun Tue Thur",
391,185,57,,
392,186,4,"Satmasjid Road Dhanmondi C/A, Satmasjid Road, Dhanmondi, Dhaka-1209,Bangladesh | Availability: Sat Mon Wed",
394,187,58,Sat Sun Mon Tue Wed 07:00 PM - 10:00 PM,
396,187,59,Thur 05:11 PM - 10:00 PMFri 9:00 AM - 09:00 PM,
397,187,52,Sun Mon Tue Wed 11:00 PM - 0:00 AMSat 10:00 PM - 0:00 AM,New: 500 | Follow-up: 300
398,188,60,Thur 07:06 PM - 10:06 PMFri 10:06 AM - 10:06 PM,
399,188,60,,
400,188,61,Thur 07:06 PM - 10:06 PMFri 10:06 AM - 10:06 PM,
401,188,52,Sat 7:00 AM - 10:30 PMSun Mon Wed Thur Fri 1:18 AM - 1:18 AMTue 4:18 AM - 1:18 AM,New: 800
402,189,62,Sat Sun Mon Tue 9:00 AM - 11:00 PMFri 9:00 AM - 11:10 PM,New: 600 | Follow-up: 400
403,189,62,,
404,189,63,,
405,189,52,Sat Sun Mon Tue 9:00 AM - 11:00 PMFri 9:00 AM - 11:10 PM,New: 600 | Follow-up: 400
406,190,64,Sat Sun Mon Tue Wed Thur 04:00 PM - 10:00 PM,
408,191,65,,
410,191,66,,
411,191,67,,
412,192,68,Sat 04:00 PM - 09:30 PMSun 04:00 PM - 09:06 PMMon 04:01 PM - 09:07 PMTue Wed Thur 04:00 PM - 08:00 PM B,
414,193,69,Sat Mon Tue Wed Sun Thur 03:00 PM - 06:00 PM,
416,194,70,"Friday - 10am to 3pm)., ., Noakhali Sadar, Noakhali-3800,Bangladesh | Availability: ",
417,194,70,,
418,194,71,"Friday - 10am to 3pm)., ., Noakhali Sadar, Noakhali-3800,Bangladesh | Availability: ",
419,194,46,Sat Sun Mon Tue Wed 8:30 AM - 02:00 PMThur 8:30 AM - 00:00 PM,
420,194,72,"Thursday- 5pm to 10pm)(Friday - 3pm to 7pm)Hospital Road, Maijdee, Noakhali., Maijdee, Bangladesh, Maij",
421,195,73,Sat Sun Mon Tue Wed 7:00 AM - 10:00 AM,
423,195,23,Sat Sun Mon Tue Wed 3:00 AM - 7:00 AM,
424,195,74,Fri 9:30 AM - 05:30 PM,
425,196,75,Sat 8:00 AM - 10:00 PMSun 8:00 AM - 0:12 AMMon Tue Wed Thur 8:00 AM - 11:00 PM,New: 900
426,196,75,,
427,196,52,Sat 8:00 AM - 10:00 PMSun 8:00 AM - 0:12 AMMon Tue Wed Thur 8:00 AM - 11:00 PM,New: 900
428,197,76,Sat Mon Thur 11:00 AM - 09:00 PM,New: 1000 | Follow-up: 600 | Report: 500
429,197,76,,
430,197,77,,
431,197,52,Sat Mon Thur 11:00 AM - 09:00 PM,New: 1000 | Follow-up: 600 | Report: 500
432,198,78,,
434,199,78,,
436,200,78,,
438,201,78,,
440,202,78,,
442,203,78,,
444,204,78,,
446,205,78,,
448,206,79,Sat Sun Mon Tue 05:00 PM - 07:00 PM,
450,206,80,Wed Thur 03:00 PM - 05:00 PM,
451,207,81,,
453,208,81,,
455,209,81,,
457,210,81,,
459,211,81,,
461,212,81,,
463,213,81,,
465,214,81,,
467,215,6,Fri 04:00 PM - 06:00 PMSat 03:00 PM - 06:00 PM,
469,215,82,Tue Thur 05:00 PM - 07:00 PM,
470,215,83,Mon Thur 08:00 PM - 10:00 PM,
471,216,81,,
473,217,81,,
475,218,81,,
477,219,81,,
479,220,81,,
481,221,81,,
483,222,81,,
485,223,81,,
487,224,81,,
489,225,81,,
491,226,81,,
493,227,81,,
495,228,81,,
497,229,81,,
499,230,81,,
501,231,81,,
503,232,81,,
505,233,81,,
507,234,81,,
509,235,81,,
511,236,81,,
513,237,81,,
515,238,81,,
517,239,81,,
519,240,81,,
521,241,81,,
523,242,81,,
525,243,81,,
527,244,81,,
529,245,81,,
531,246,81,,
533,247,81,,
535,248,81,,
537,249,81,,
539,250,81,,
541,251,81,,
543,252,81,,
545,253,81,,
547,254,81,,
549,255,81,,
551,256,81,,
553,257,81,,
555,258,22,Wed 06:00 PM - 08:00 PM,
557,259,22,,
559,260,22,,
561,261,22,,
563,262,22,Sat Mon Wed 07:30 PM - 09:30 PM,
565,263,81,,
567,264,81,,
569,265,81,,
571,266,81,,
573,267,81,,
575,268,81,,
577,269,81,,
579,270,81,,
581,271,81,,
583,272,81,,
585,273,81,,
587,274,81,,
589,275,81,,
591,276,81,,
593,277,81,,
595,278,81,,
597,279,81,,
599,280,84,Sun Tue Thur 06:00 PM - 09:00 PM,
601,280,85,Sat Mon Wed 06:00 PM - 09:00 PM,
602,280,86,"Monipuripara, Farmgate, Dhaka-1215,Bangladesh | Availability: Sat 8:30 AM - 06:00 PM",
603,280,52,Sat Sun Mon Tue Wed Thur 05:30 PM - 11:30 PMFri 06:00 PM - 11:30 PM,New: 200
604,281,81,,
606,282,81,,
608,283,81,,
610,284,81,,
612,285,81,,
614,286,81,,
616,287,81,,
618,288,81,,
620,289,81,,
622,290,81,,
624,291,81,,
626,292,81,,
628,293,81,,
630,294,81,,
632,295,81,,
634,296,87,,
636,297,87,,
638,298,87,,
640,299,87,,
642,300,88,,
644,301,88,,
646,302,88,,
648,303,88,Fri 10:00 AM - 01:00 PM,
650,304,88,,
652,305,88,,
654,306,88,,
656,307,88,,
658,308,88,,
660,309,88,,
662,310,88,Sun Wed 05:00 PM - 07:00 PM,
663,310,88,,
664,310,41,Sun Wed 05:00 PM - 07:00 PM,
665,311,88,,
667,312,88,,
669,313,88,,
671,314,88,,
673,315,88,,
675,316,89,Thur 05:00 PM - 09:00 PMFri 10:00 AM - 04:00 PM,
676,316,89,,
677,316,90,Thur 05:00 PM - 09:00 PMFri 10:00 AM - 04:00 PM,
678,317,81,,
680,318,81,,
682,319,81,,
684,320,81,,
686,321,81,,
688,322,81,,
690,323,81,,
692,324,81,,
694,325,81,,
696,326,81,,
698,327,81,,
700,328,81,,
702,329,81,,
704,330,81,,
706,331,81,,
708,332,81,,
710,333,81,,
712,334,81,,
714,335,81,,
716,336,81,,
718,337,81,,
720,338,81,,
722,339,81,,
724,340,81,,
726,341,81,,
728,342,81,,
730,343,81,,
732,344,81,,
734,345,91,,
736,346,91,,
738,347,91,,
740,348,91,,
742,349,91,,
744,350,91,,
746,351,91,,
748,352,91,,
750,353,91,,
752,354,91,,
754,355,91,,
756,356,91,,
758,357,91,,
760,358,91,,
762,359,91,,
764,360,91,,
766,361,91,,
768,362,91,,
770,363,91,,
772,364,91,,
774,365,91,,
776,366,91,,
778,367,91,,
780,368,92,,
782,369,92,,
784,370,92,,
786,371,92,,
788,372,92,,
790,373,92,,
792,374,92,,
794,375,92,,
796,376,92,,
798,377,92,,
800,378,92,,
802,379,92,,
804,380,92,,
806,381,92,,
808,382,92,,
810,383,92,,
812,384,92,,
814,385,92,,
816,386,92,,
818,387,92,,
820,388,92,,
822,389,92,,
824,390,92,,
826,391,92,,
828,392,92,,
830,393,92,,
832,394,92,,
834,395,92,,
836,396,92,,
838,397,92,,
840,398,92,,
842,399,92,,
844,400,92,,
846,401,92,,
848,402,92,,
850,403,92,,
852,404,92,,
854,405,92,,
856,406,92,,
858,407,92,,
860,408,92,,
862,409,92,,
864,410,92,,
866,411,92,,
868,412,92,,
870,413,93,,
872,414,73,,
874,415,73,,
876,416,73,,
878,417,73,,
880,418,73,,
882,419,73,,
884,420,73,,
886,421,73,,
888,422,73,,
890,423,94,,
892,424,94,,
894,425,94,,
896,426,94,,
898,427,94,,
900,428,94,,
902,429,94,Sat Sun Mon Tue Wed Thur 05:00 PM - 09:00 PM,
904,430,95,Sun Tue Thur 05:00 PM - 08:00 PM,
906,430,88,Sat Mon Wed 06:00 PM - 08:00 PM,
907,431,73,,
909,432,73,,
911,433,73,,
913,434,73,,
915,435,73,,
917,436,73,,
919,437,73,,
921,438,73,,
923,439,73,,
925,440,73,,
927,441,73,,
929,442,73,,
931,443,73,,
933,444,73,,
935,445,73,,
937,445,92,,
938,446,73,,
940,447,73,,
942,448,73,,
944,449,73,,
946,450,73,,
948,451,73,,
950,452,73,,
952,453,73,,
954,454,73,,
956,455,73,,
958,456,73,,
960,457,96,,
962,458,96,,
964,459,96,,
966,460,96,,
968,461,97,,
970,462,97,,
972,463,97,,
974,464,97,,
976,464,92,,
977,465,97,,
979,466,98,,
981,467,98,,
983,468,98,,
985,469,98,,
987,470,91,,
989,471,91,,
991,472,91,,
993,473,91,,
995,474,99,,
997,475,99,,
999,476,99,,
1001,477,99,,
1003,478,99,,
1005,478,91,,
1006,479,100,,
1008,480,100,,
1010,481,101,,
1012,482,101,,
1014,483,101,,
1016,484,101,,
1018,485,101,,
1020,486,102,,
1022,487,102,,
1024,488,102,,
1026,489,102,,
1028,490,92,,
1030,491,92,,
1032,492,103,,
1034,493,102,,
1036,494,103,,
1038,495,103,,
1040,496,103,,
1042,497,103,,
1044,498,73,,
1046,499,73,,
1048,500,73,,
1050,501,73,,
1052,502,73,,
1054,503,73,,
1056,504,73,,
1058,505,73,,
1060,506,73,,
1062,507,73,,
1064,508,73,,
1066,509,73,,
1068,510,73,,
1070,511,73,,
1072,512,73,,
1074,513,73,,
1076,513,92,,
1077,514,73,,
1079,515,73,,
1081,515,92,,
1082,516,104,Sat Sun Mon Tue Wed 03:00 PM - 09:00 PMThur 03:00 PM - 07:00 PM,New: 500 | Follow-up: 400
1083,516,104,,
1084,516,52,Sat Sun Mon Tue Wed 03:00 PM - 09:00 PMThur 03:00 PM - 07:00 PM,New: 500 | Follow-up: 400
1085,517,104,,
1087,518,104,,
1089,519,104,,
1091,520,104,,
1093,521,104,,
1095,522,104,,
1097,523,104,,
1099,524,104,,
1101,525,104,,
1103,526,104,,
1105,527,104,,
1107,528,104,,
1109,529,104,,
1111,530,104,,
1113,531,104,,
1115,532,104,Sat Sun Mon Tue Wed Thur 07:30 PM - 10:00 PM,
1117,533,104,,
1119,534,104,,
1121,535,104,,
1123,536,104,,
1125,537,104,,
1127,538,104,,
1129,539,104,,
1131,540,104,,
1133,541,104,,
1135,542,104,,
1137,543,104,,
1139,544,104,,
1141,545,104,,
1143,546,104,,
1145,547,104,,
1147,548,104,,
1149,549,104,,
1151,550,104,,
1153,551,104,,
1155,552,104,,
1157,553,104,,
1159,554,104,,
1161,555,104,,
1163,556,104,,
1165,557,104,,
1167,558,104,,
1169,559,104,,
1171,560,104,,
1173,561,104,,
1175,562,104,,
1177,563,104,,
1179,564,104,,
1181,565,104,,
1183,566,104,,
1185,567,104,,
1187,568,104,,
1189,569,104,,
1191,570,104,,
1193,571,104,,
1195,572,104,,
1197,573,104,,
1199,574,104,,
1201,575,104,,
1203,576,104,,
1205,577,104,,
1207,578,104,,
1209,579,104,,
1211,580,104,,
1213,581,104,,
1215,582,104,,
1217,583,104,,
1219,584,104,,
1221,585,104,,
1223,586,104,,
1225,587,104,,
1227,588,104,,
1229,589,104,,
1231,590,105,,
1233,590,92,,
1234,591,105,,
1236,592,105,,
1238,593,105,,
1240,594,105,,
1242,595,105,,
1244,596,105,,
1246,597,105,,
1248,598,105,,
1250,599,105,,
1252,600,105,,
1254,601,105,,
1256,602,105,,
1258,603,105,,
1260,604,105,,
1262,605,105,,
1264,606,105,,
1266,607,105,,
1268,608,105,,
1270,609,105,,
1272,610,105,,
1274,611,105,,
1276,612,105,,
1278,613,105,,
1280,614,105,,
1282,615,105,,
1284,616,105,,
1286,617,105,,
1288,618,105,,
1290,619,105,,
1292,620,105,,
1294,621,105,,
1296,621,73,,
1297,622,105,,
1299,623,105,,
1301,623,92,,
1302,624,105,,
1304,625,105,,
1306,626,105,,
1308,627,105,,
1310,628,105,,
1312,629,105,,
1314,630,105,,
1316,631,105,,
1318,632,105,,
1320,633,105,,
1322,634,105,,
1324,635,105,,
1326,636,105,,
1328,636,73,,
1329,637,105,,
1331,638,105,,
1333,639,105,,
1335,640,105,,
1337,641,105,,
1339,642,105,,
1341,643,105,,
1343,644,105,,
1345,645,106,,
1347,646,106,,
1349,647,106,,
1351,648,106,Sat Fri 03:00 PM - 08:00 PM,
1353,649,106,,
1355,650,106,,
1357,651,106,,
1359,652,106,,
1361,653,106,,
1363,654,106,,
1365,655,106,,
1367,656,106,,
1369,657,106,,
1371,658,106,,
1373,659,106,,
1375,660,106,,
1377,661,106,,
1379,661,81,,
1380,662,106,,
1382,663,106,,
1384,664,106,,
1386,665,106,,
1388,666,106,,
1390,666,81,,
1391,667,106,,
1393,668,106,,
1395,669,106,,
1397,670,106,,
1399,671,106,,
1401,672,106,,
1403,673,106,,
1405,674,106,,
1407,675,106,,
1409,675,81,,
1410,676,106,,
1412,677,106,,
1414,678,106,,
1416,679,106,,
1418,680,106,,
1420,681,106,,
1422,682,106,,
1424,682,81,,
1425,683,106,,
1427,683,81,,
1428,684,106,,
1430,685,106,,
1432,686,106,,
1434,687,106,,
1436,688,106,,
1438,689,106,,
1440,690,106,,
1442,691,106,,
1444,692,106,,
1446,693,106,,
1448,694,50,,
1450,695,107,,
1452,696,108,,
1454,697,108,,
1456,698,108,,
1458,699,108,,
1460,700,108,,
1462,701,106,,
1464,702,61,,
1466,703,61,,
1468,704,61,,
1470,705,106,,
1472,706,106,,
1474,707,106,,
1476,708,106,,
1478,709,106,,
1480,710,106,,
1482,711,106,,
1484,712,106,,
1486,713,106,,
1488,714,106,,
1490,715,106,,
1492,716,106,,
1494,717,106,,
1496,718,106,,
1498,719,109,,
1500,720,61,,
1502,721,61,,
1504,722,61,,
1506,723,61,,
1508,724,109,,
1510,725,109,,
1512,726,61,,
1514,727,109,,
1516,728,109,,
1518,729,109,,
1520,730,61,,
1522,731,61,,
1524,732,61,Thur 02:00 PM - 04:00 PM,
1526,733,61,,
1528,734,61,,
1530,735,61,,
1532,736,109,,
1534,737,109,,
1536,738,109,,
1538,739,109,,
1540,740,109,,
1542,741,109,,
1544,742,109,,
1546,743,109,,
1548,744,109,,
1550,745,109,,
1552,746,109,,
1554,747,109,Thur 04:00 PM - 08:00 PMFri 9:00 AM - 03:00 PM,
1556,748,109,,
1558,749,61,,
1560,750,109,,
1562,751,61,,
1564,752,109,,
1566,753,61,,
1568,754,109,,
1570,755,61,,
1572,756,109,,
1574,757,61,,
1576,758,61,,
1578,759,61,,
1580,760,61,,
1582,761,61,,
1584,762,61,,
1586,763,61,,
1588,764,61,,
1590,765,109,,
1592,766,109,,
1594,767,109,,
1596,768,109,,
1598,769,109,,
1600,770,109,,
1602,771,109,,
1604,772,109,,
1606,773,109,Sat Mon Wed 04:00 PM - 07:00 PM,
1608,774,61,,
1610,775,61,,
1612,776,61,,
1614,777,61,,
1616,778,61,,
1618,779,61,,
1620,780,61,,
1622,781,61,,
1624,782,109,Sat Sun Mon Tue Wed Thur 04:00 PM - 09:00 PM,
1626,783,109,,
1628,784,109,,
1630,785,109,,
1632,786,109,Thur 02:00 PM - 06:00 PMFri 8:00 AM - 11:00 AM,
1634,787,109,,
1636,788,61,,
1638,789,61,,
1640,790,61,,
1642,791,61,,
1644,792,61,,
1646,793,61,,
1648,794,61,,
1650,795,61,,
1652,796,61,,
1654,797,61,,
1656,798,61,,
1658,799,61,,
1660,800,61,,
1662,801,61,,
1664,802,61,,
1666,803,61,,
1668,804,61,,
1670,805,61,,
1672,806,50,,
1674,807,110,,
1676,808,50,,
1678,809,50,,
1680,810,61,,
1682,811,50,,
1684,812,50,,
1686,813,50,,
1688,814,50,,
1690,815,50,,
1692,816,61,,
1694,817,61,,
1696,818,111,,
1698,819,111,,
1700,820,111,,
1702,821,111,,
1704,822,112,,
1706,823,50,,
1708,824,50,,
1710,825,50,,
1712,826,112,,
1714,827,112,,
1716,828,112,,
1718,829,112,Sat Sun Mon Tue Wed Thur Fri 04:30 PM - 07:30 PM,
1720,830,50,Sat Sun Mon Tue Wed Thur 9:00 AM - 11:00 AM,
1721,830,50,,
1722,830,19,Sat Sun Mon Tue Wed Thur 9:00 AM - 11:00 AM,
1723,831,50,,
1725,832,50,,
1727,833,50,,
1729,834,111,Sat Sun Mon Tue Wed Thur 06:30 PM - 08:00 PM,
1731,835,111,,
1733,836,50,,
1735,837,50,,
1737,838,50,,
1739,839,50,,
1741,840,111,,
1743,841,111,,
1745,842,113,Thur 04:00 PM - 08:00 PM,
1746,842,113,,
1747,842,114,Thur 04:00 PM - 08:00 PM,
1748,842,52,Sat Fri 03:00 PM - 09:00 PMSun 06:00 PM - 09:00 PMTue 07:00 PM - 09:00 PM,New: 1500
1749,843,50,,
1751,844,50,,
1753,845,50,,
1755,846,50,,
1757,847,50,,
1759,848,50,,
1761,849,50,,
1763,850,111,,
1765,851,115,,
1767,852,115,,
1769,853,115,,
1771,854,115,,
1773,855,115,,
1775,856,115,,
1777,856,111,,
1778,857,116,Sat Sun Mon Tue Wed Thur Fri 11:30 AM - 06:00 PM,
1780,857,52,Sat Tue Fri 10:00 AM - 11:59 PMSun Mon Wed Thur 05:00 PM - 11:59 PM,New: 300
1781,858,115,,
1783,859,115,,
1785,860,115,,
1787,861,115,,
1789,862,115,,
1791,863,50,,
1793,864,117,,
1795,865,117,,
1797,866,117,,
1799,867,117,,
1801,868,117,,
1803,869,117,,
1805,870,117,,
1807,871,117,,
1809,872,118,,
1811,873,118,,
1813,874,118,,
1815,875,118,,
1817,876,118,,
1819,877,118,,
1821,878,117,,
1823,879,117,,
1825,880,117,,
1827,881,117,,
1829,882,117,,
1831,883,117,,
1833,884,117,,
1835,885,117,,
1837,886,119,Sat Sun Tue Wed Thur 03:00 PM - 09:00 PMMon 03:00 PM - 03:00 PM,
1839,886,52,Sat Sun Mon Tue Wed Thur 02:00 PM - 11:00 PMFri 10:00 AM - 11:00 PM,New: 1000
1840,887,117,,
1842,888,117,,
1844,889,117,,
1846,890,117,,
1848,891,117,,
1850,892,117,,
1852,893,117,,
1854,894,117,,
1856,895,118,,
1858,896,118,,
1860,897,118,,
1862,898,118,,
1864,898,108,,
1865,899,118,,
1867,900,118,,
1869,901,118,,
1871,902,120,,
1873,903,120,,
1875,904,120,,
1877,905,120,,
1879,906,120,,
1881,907,120,,
1883,908,118,,
1885,909,118,,
1887,910,118,Mon Thur 02:30 PM - 04:00 PM,
1889,911,118,Sat Sun Mon Wed Thur 05:00 PM - 09:00 PM,
1890,911,118,,
1891,911,19,Sat Sun Mon Wed Thur 05:00 PM - 09:00 PM,
1892,912,118,,
1894,913,118,,
1896,914,118,,
1898,915,12,Sat Sun Tue Wed 9:00 AM - 05:00 PMThur 9:00 AM - 05:30 PMFri 9:30 AM - 04:00 PM,
1900,916,118,,
1902,917,118,,
1904,918,118,,
1906,918,81,,
1907,919,121,,
1909,920,121,Fri 08:00 PM - 10:00 PM,
1911,921,121,,
1913,922,121,,
1915,923,121,,
1917,924,121,,
1919,925,121,,
1921,926,121,,
1923,927,122,,
1925,928,122,,
1927,929,118,,
1929,930,122,,
1931,931,123,,
1933,932,118,,
1935,933,122,,
1937,934,118,,
1939,935,118,,
1941,936,118,,
1943,937,118,,
1945,938,118,,
1947,939,118,,
1949,940,118,Thur 03:00 PM - 06:00 PMFri 05:00 PM - 07:00 PM,
1950,940,118,,
1951,940,81,Thur 03:00 PM - 06:00 PMFri 05:00 PM - 07:00 PM,
1952,941,118,,
1954,942,118,,
1956,942,81,,
1957,943,118,,
1959,944,118,,
1961,944,81,,
1962,945,118,,
1964,946,118,,
1966,947,122,,
1968,948,122,,
1970,949,122,,
1972,950,122,,
1974,951,122,,
1976,952,122,,
1978,953,32,"Satmasjid Road, Dhaka-1205,Bangladesh | Availability: ",
1980,954,122,,
1982,955,122,,
1984,956,122,,
1986,957,118,,
1988,958,118,,
1990,959,118,,
1992,960,118,,
1994,961,118,,
1996,962,118,,
1998,963,118,,
2000,964,118,,
2002,965,122,,
2004,966,122,,
2006,967,123,,
2008,968,122,,
2010,969,122,,
2012,970,122,Sun Tue Thur 05:00 PM - 06:30 PM,
2014,971,122,,
2016,972,121,,
2018,973,121,,
2020,974,121,,
2022,975,121,,
2024,976,118,,
2026,977,118,Sat Sun Mon Tue Wed Thur 08:00 PM - 09:30 PM,
2027,977,118,,
2028,977,19,,
2029,977,36,Sat Sun Mon Tue Wed Thur 08:00 PM - 09:30 PM,
2030,978,118,,
2032,979,124,,
2034,980,118,,
2036,981,121,,
2038,982,121,,
2040,983,121,,
2042,984,125,,
2044,985,121,,
2046,986,121,,
2048,987,121,,
2050,988,121,,
2052,989,121,,
2054,990,121,,
2056,991,121,,
2058,992,121,,
2060,993,126,,
2062,994,126,,
2064,995,126,,
2066,996,125,,
2068,997,125,,
2070,998,125,,
2072,999,125,,
2074,1000,125,,
2076,1001,125,,
2078,1002,125,,
2080,1003,125,,
2082,1004,126,,
2084,1005,126,,
2086,1006,126,,
2088,1007,125,,
2090,1008,126,,
2092,1009,126,,
2094,1010,126,,
2096,1011,126,,
2098,1012,126,,
2100,1013,126,,
2102,1014,126,,
2104,1015,126,,
2106,1016,126,,
2108,1017,126,,
2110,1018,126,,
2112,1019,126,,
2114,1020,126,,
2116,1021,126,,
2118,1022,126,,
2120,1023,126,,
2122,1024,126,,
2124,1025,118,Sat Sun Mon Tue Wed Thur 02:30 PM - 05:00 PM,
2126,1026,125,,
2128,1027,125,,
2130,1028,125,,
2132,1029,125,,
2134,1030,125,,
2136,1031,125,,
2138,1032,125,,
2140,1033,127,,
2142,1034,128,,
2144,1035,128,,
2146,1036,128,,
2148,1037,127,,
2150,1038,128,,
2152,1039,127,,
2154,1040,128,,
2156,1041,128,,
2158,1042,128,,
2160,1043,128,,
2162,1044,128,,
2164,1045,128,,
2166,1046,128,,
2168,1047,128,,
2170,1048,128,,
2172,1049,128,,
2174,1050,128,,
2176,1051,128,,
2178,1052,128,,
2180,1053,129,,
2182,1054,129,,
2184,1055,129,,
2186,1056,127,,
2188,1057,127,,
2190,1057,5,,
2191,1058,127,,
2193,1059,127,,
2195,1060,127,,
2197,1061,127,,
2199,1062,37,,
2201,1063,130,,
2203,1064,130,,
2205,1065,130,Sat Sun Mon Tue Wed Thur 06:30 PM - 08:00 PM,
2206,1065,130,,
2207,1065,36,Sat Sun Mon Tue Wed Thur 06:30 PM - 08:00 PM,
2208,1066,130,,
2210,1067,130,,
2212,1068,130,,
2214,1069,130,,
2216,1070,130,,
2218,1071,130,,
2220,1072,130,,
2222,1073,131,Sat 07:00 PM - 10:00 PM,
2224,1073,52,Sat Sun Mon Tue Wed 07:00 PM - 10:00 PM,New: 500 | Follow-up: 300 | Report: 200
2225,1074,132,,
2227,1075,132,,
2229,1076,132,,
2231,1077,132,,
2233,1078,132,,
2235,1079,133,Sat Mon 04:00 PM - 07:00 PM,
2237,1079,134,Sun Tue 04:00 PM - 07:00 PM,
2238,1079,135,Thur 05:00 PM - 07:00 PM,
2239,1080,37,,
2241,1081,37,,
2243,1081,125,,
2244,1082,37,,
2246,1083,37,,
2248,1084,37,,
2250,1085,37,,
2252,1086,37,,
2254,1087,37,,
2256,1088,37,Fri 05:00 PM - 09:00 PM,
2257,1088,37,,
2258,1088,118,Fri 05:00 PM - 09:00 PM,
2259,1089,37,,
2261,1090,37,,
2263,1091,132,,
2265,1092,132,,
2267,1093,132,,
2269,1094,132,,
2271,1095,132,,
2273,1096,132,,
2275,1096,126,,
2276,1097,132,,
2278,1098,132,,
2280,1099,132,,
2282,1100,136,,
2284,1101,136,,
2286,1102,136,,
2288,1103,137,,
2290,1104,137,,
2292,1105,137,,
2294,1106,138,,
2296,1107,138,,
2298,1108,138,,
2300,1109,138,,
2302,1110,37,,
2304,1110,88,,
2305,1111,37,,
2307,1112,37,,
2309,1113,37,,
2311,1114,37,,
2313,1115,37,,
2315,1116,37,,
2317,1117,37,,
2319,1117,88,,
2320,1118,37,,
2322,1119,37,,
2324,1120,37,,
2326,1121,37,,
2328,1122,138,,
2330,1123,138,,
2332,1124,138,,
2334,1125,37,,
2336,1126,138,,
2338,1127,37,Tue Thur 07:30 PM - 08:30 PM,
2340,1128,139,,
2342,1129,139,,
2344,1130,139,,
2346,1131,140,,
2348,1132,140,,
2350,1133,140,,
2352,1134,141,,
2354,1134,142,,
2355,1135,141,,
2357,1136,141,,
2359,1137,141,,
2361,1138,140,,
2363,1139,140,,
2365,1140,140,,
2367,1141,140,,
2369,1142,140,,
2371,1143,141,,
2373,1144,141,,
2375,1144,128,,
2376,1145,141,,
2378,1146,141,,
2380,1147,141,,
2382,1148,141,,
2384,1149,141,,
2386,1150,141,,
2388,1151,141,,
2390,1152,141,,
2392,1153,143,Sun Tue 05:30 PM - 09:00 PMThur 05:30 PM - 08:30 PM,
2394,1154,141,,
2396,1155,141,"Satmasjid Road Dhanmondi C/A, Satmasjid Road, Dhanmondi, Dhaka-1209,Bangladesh | Availability: Sat Mon Wed",
2397,1155,141,,
2398,1155,4,"Satmasjid Road Dhanmondi C/A, Satmasjid Road, Dhanmondi, Dhaka-1209,Bangladesh | Availability: Sat Mon Wed",
2399,1156,141,,
2401,1157,141,,
2403,1158,141,,
2405,1159,141,,
2407,1160,141,,
2409,1161,144,,
2411,1162,144,,
2413,1163,144,,
2415,1164,144,,
2417,1165,144,,
2419,1166,144,,
2421,1167,144,,
2423,1168,144,,
2425,1169,144,,
2427,1170,144,,
2429,1171,144,,
2431,1172,144,,
2433,1173,145,,
2435,1174,145,,
2437,1175,145,,
2439,1176,145,,
2441,1177,145,,
2443,1178,141,,
2445,1179,145,,
2447,1180,141,,
2449,1181,141,,
2451,1182,141,,
2453,1183,141,,
2455,1184,141,,
2457,1185,141,,
2459,1186,141,,
2461,1187,141,,
2463,1188,141,,
2465,1188,88,,
2466,1189,141,,
2468,1190,141,,
2470,1191,146,,
2472,1192,146,,
2474,1193,146,,
2476,1194,146,,
2478,1195,147,,
2480,1196,146,,
2482,1197,146,,
2484,1198,146,,
2486,1199,141,,
2488,1200,141,,
2490,1201,141,,
2492,1202,146,,
2494,1203,146,,
2496,1204,146,,
2498,1205,141,,
2500,1206,146,,
2502,1207,146,,
2504,1208,146,,
2506,1209,146,,
2508,1210,146,,
2510,1211,146,,
2512,1212,146,,
2514,1213,148,,
2516,1214,148,,
2518,1215,148,,
2520,1216,148,"Satmasjid Road Dhanmondi C/A, Satmasjid Road, Dhanmondi, Dhaka-1209,Bangladesh | Availability: ",
2521,1216,148,,
2522,1216,4,"Satmasjid Road Dhanmondi C/A, Satmasjid Road, Dhanmondi, Dhaka-1209,Bangladesh | Availability: ",
2523,1217,148,,
2525,1218,149,,
2527,1219,149,,
2529,1220,149,,
2531,1221,149,,
2533,1222,149,,
2535,1223,149,,
2537,1224,149,,
2539,1225,149,,
2541,1226,149,,
2543,1227,141,,
2545,1228,141,,
2547,1229,141,,
2549,1230,141,,
2551,1231,74,,
2553,1232,74,,
2555,1233,74,,
2557,1234,148,,
2559,1235,148,,
2561,1236,148,,
2563,1237,150,,
2565,1238,150,,
2567,1239,150,,
2569,1240,150,,
2571,1241,150,,
2573,1242,74,,
2575,1243,150,,
2577,1243,148,,
2578,1244,74,,
2580,1245,151,,
2582,1246,151,,
2584,1247,152,,
2586,1248,152,,
2588,1249,152,,
2590,1250,74,,
2592,1251,153,Sun 05:02 PM - 08:12 PMTue Thur 05:00 PM - 09:13 PMFri 9:21 AM - 00:13 PM,
2594,1251,52,Sat Sun Wed 08:29 PM - 11:55 PMMon 08:30 PM - 11:55 PMTue 08:31 PM - 11:50 PMThur 08:31 PM - 11:54 PMFr,
2595,1252,74,,
2597,1253,74,,
2599,1254,74,,
2601,1255,74,Fri 8:00 AM - 05:00 PM,
2603,1256,74,,
2605,1257,149,,
2607,1258,154,"Monsur Ali Medical College & HospitalPlot# 26 & 26/A, Road # 10, Sector # 11, Uttara Model Town, Dhaka-",
2609,1259,154,"Monsur Ali Medical College & HospitalPlot# 26 & 26/A, Road # 10, Sector # 11, Uttara Model Town, Dhaka-",
2611,1260,154,"Monsur Ali Medical College & HospitalPlot# 26 & 26/A, Road # 10, Sector # 11, Uttara Model Town, Dhaka-",
2613,1261,155,,
2615,1261,141,,
2616,1262,155,,
2618,1263,141,,
2620,1264,74,,
2622,1265,74,,
2624,1266,74,,
2626,1267,74,,
2628,1268,74,,
2630,1269,74,,
2632,1270,74,,
2634,1271,74,,
2636,1272,155,,
2638,1273,155,,
2640,1274,155,,
2642,1275,155,,
2644,1276,155,,
2646,1277,155,,
2648,1278,155,,
2650,1279,155,,
2652,1280,155,,
2654,1281,155,,
2656,1282,156,,
2658,1283,156,,
2660,1284,156,,
2662,1285,156,,
2664,1286,156,,
2666,1287,156,,
2668,1288,156,,
2670,1289,156,,
2672,1290,156,,
2674,1291,156,,
2676,1292,74,,
2678,1293,74,,
2680,1294,74,,
2682,1295,74,,
2684,1296,74,,
2686,1297,74,,
2688,1298,74,Fri 9:00 AM - 06:00 PM,
2690,1299,74,,
2692,1300,74,,
2694,1301,74,,
2696,1302,74,,
2698,1303,74,,
2700,1304,74,,
2702,1305,74,,
2704,1306,74,,
2706,1307,74,,
2708,1308,74,,
2710,1309,74,,
2712,1310,74,,
2714,1311,74,,
2716,1312,157,"Sun Plaza, Ruhitpur Bazar, Keranigonj Model, Dhaka-1310,Bangladesh | Availability: ",
2718,1313,157,"Sun Plaza, Ruhitpur Bazar, Keranigonj Model, Dhaka-1310,Bangladesh | Availability: ",
2720,1313,104,,
2721,1314,157,"Sun Plaza, Ruhitpur Bazar, Keranigonj Model, Dhaka-1310,Bangladesh | Availability: ",
2723,1315,157,"Sun Plaza, Ruhitpur Bazar, Keranigonj Model, Dhaka-1310,Bangladesh | Availability: ",
2725,1316,157,"Sun Plaza, Ruhitpur Bazar, Keranigonj Model, Dhaka-1310,Bangladesh | Availability: ",
2727,1317,157,"Sun Plaza, Ruhitpur Bazar, Keranigonj Model, Dhaka-1310,Bangladesh | Availability: ",
2729,1318,157,"Sun Plaza, Ruhitpur Bazar, Keranigonj Model, Dhaka-1310,Bangladesh | Availability: ",
2731,1319,157,"Sun Plaza, Ruhitpur Bazar, Keranigonj Model, Dhaka-1310,Bangladesh | Availability: ",
2733,1320,157,"Sun Plaza, Ruhitpur Bazar, Keranigonj Model, Dhaka-1310,Bangladesh | Availability: ",
2735,1321,157,"Sun Plaza, Ruhitpur Bazar, Keranigonj Model, Dhaka-1310,Bangladesh | Availability: ",
2737,1322,157,"Sun Plaza, Ruhitpur Bazar, Keranigonj Model, Dhaka-1310,Bangladesh | Availability: ",
2739,1323,157,"Sun Plaza, Ruhitpur Bazar, Keranigonj Model, Dhaka-1310,Bangladesh | Availability: ",
2741,1324,157,"Sun Plaza, Ruhitpur Bazar, Keranigonj Model, Dhaka-1310,Bangladesh | Availability: ",
2743,1325,157,"Sun Plaza, Ruhitpur Bazar, Keranigonj Model, Dhaka-1310,Bangladesh | Availability: ",
2745,1326,157,"Sun Plaza, Ruhitpur Bazar, Keranigonj Model, Dhaka-1310,Bangladesh | Availability: ",
2747,1327,157,"Sun Plaza, Ruhitpur Bazar, Keranigonj Model, Dhaka-1310,Bangladesh | Availability: ",
2749,1327,126,,
2750,1328,157,"Sun Plaza, Ruhitpur Bazar, Keranigonj Model, Dhaka-1310,Bangladesh | Availability: ",
2752,1329,157,"Sun Plaza, Ruhitpur Bazar, Keranigonj Model, Dhaka-1310,Bangladesh | Availability: ",
2754,1330,157,"Sun Plaza, Ruhitpur Bazar, Keranigonj Model, Dhaka-1310,Bangladesh | Availability: ",
2756,1331,74,,
2758,1332,74,,
2760,1333,74,,
2762,1334,74,,
2764,1335,74,Sun Mon Tue Wed Thur 04:00 PM - 08:00 PM,
2766,1336,20,,
2768,1337,20,,
2770,1338,158,,
2772,1339,158,,
2774,1340,158,,
2776,1341,158,,
2778,1342,158,,
2780,1343,158,,
2782,1344,159,,
2784,1345,159,,
2786,1346,159,,
2788,1347,159,,
2790,1348,159,,
2792,1349,159,,
2794,1350,159,,
2796,1351,159,,
2798,1352,20,,
2800,1353,20,,
2802,1354,20,,
2804,1355,20,,
2806,1356,20,,
2808,1356,122,,
2809,1356,50,,
2810,1357,20,,
2812,1358,20,,
2814,1359,159,,
2816,1359,92,,
2817,1360,159,,
2819,1361,159,,
2821,1362,159,,
2823,1362,87,,
2824,1363,159,,
2826,1364,159,,
2828,1365,159,,
2830,1366,159,,
2832,1367,159,,
2834,1368,159,,
2836,1369,159,,
2838,1369,81,,
2839,1370,159,,
2841,1371,159,,
2843,1372,159,,
2845,1373,160,,
2847,1374,160,,
2849,1375,160,,
2851,1375,151,,
2852,1376,160,,
2854,1376,151,,
2855,1377,160,,
2857,1377,151,,
2858,1378,160,,
2860,1378,152,,
2861,1378,111,,
2862,1379,161,,
2864,1380,20,,
2866,1381,20,,
2868,1382,20,,
2870,1383,20,,
2872,1383,155,,
2873,1384,20,,
2875,1385,20,,
2877,1385,78,,
2878,1386,20,,
2880,1387,161,,
2882,1388,161,,
2884,1389,161,,
2886,1390,161,,
2888,1391,162,,
2890,1392,162,,
2892,1393,162,,
2894,1394,37,,
2896,1395,162,,
2898,1396,163,,
2900,1397,164,,
2902,1398,164,,
2904,1399,163,,
2906,1400,163,,
2908,1401,163,,
2910,1402,163,,
2912,1403,163,,
2914,1404,165,,
2916,1405,165,,
2918,1406,165,,
2920,1406,155,,
2921,1407,165,,
2923,1408,165,,
2925,1409,164,,
2927,1409,52,,
2928,1410,20,,
2930,1411,20,,
2932,1412,20,,
2934,1413,20,,
2936,1414,20,,
2938,1415,165,,
2940,1416,165,,
2942,1417,165,,
2944,1418,166,,
2946,1419,166,,
2948,1420,166,,
2950,1421,167,,
2952,1422,167,,
2954,1422,50,,
2955,1423,167,,
2957,1424,167,,
2959,1425,167,,
2961,1425,121,,
2962,1426,167,,
2964,1427,167,,
2966,1428,20,,
2968,1429,20,,
2970,1430,20,,
2972,1431,20,,
2974,1432,20,,
2976,1433,20,,
2978,1434,20,,
2980,1435,20,,
2982,1436,168,,
2984,1437,168,,
2986,1437,158,,
2987,1438,168,,
2989,1439,169,,
2991,1439,160,,
2992,1439,151,,
2993,1440,169,,
2995,1441,169,,
2997,1442,169,,
2999,1442,149,,
3000,1443,169,,
3002,1444,169,,
3004,1444,151,,
3005,1445,169,,
3007,1446,169,,
3009,1447,169,,
3011,1448,169,,
3013,1449,169,,
3015,1450,169,,
3017,1451,169,,
3019,1452,169,,
3021,1453,169,,
3023,1454,170,Sat Sun Mon Tue Wed 07:00 PM - 10:00 PM,
3025,1454,118,,
3026,1454,106,,
3027,1455,20,,
3029,1456,20,,
3031,1457,20,,
3033,1458,20,,
3035,1459,20,,
3037,1460,20,,
3039,1461,20,,
3041,1462,20,,
3043,1463,20,,
3045,1464,20,,
3047,1465,20,,
3049,1466,20,,
3051,1467,20,,
3053,1468,20,,
3055,1469,20,,
3057,1470,20,,
3059,1471,20,,
3061,1472,20,,
3063,1473,20,,
3065,1474,20,,
3067,1475,171,,
3069,1476,20,,
3071,1477,171,,
3073,1478,171,,
3075,1479,20,,
3077,1480,171,,
3079,1481,171,,
3081,1482,172,,
3083,1483,171,,
3085,1484,171,,
3087,1485,172,,
3089,1486,171,,
3091,1487,171,,
3093,1487,165,,
3094,1488,172,,
3096,1489,171,,
3098,1490,173,,
3100,1491,173,,
3102,1492,173,,
3104,1492,148,,
3105,1493,173,,
3107,1493,132,,
3108,1494,174,,
3110,1495,174,,
3112,1496,174,,
3114,1497,175,Sat Wed 03:00 PM - 06:00 PMMon 06:00 PM - 08:00 PMFri 04:00 PM - 10:00 PM,
3116,1498,174,,
3118,1499,174,,
3120,1500,176,,
3122,1501,172,,
3124,1502,174,,
3126,1502,171,,
3127,1502,150,,
3128,1503,174,,
3130,1504,177,,
3132,1505,177,,
3134,1506,177,,
3136,1507,177,,
3138,1508,178,,
3140,1509,178,,
3142,1510,172,,
3144,1511,172,,
3146,1512,172,,
3148,1513,172,,
3150,1514,172,,
3152,1515,172,,
3154,1516,172,,
3156,1516,108,,
3157,1517,172,,
3159,1518,172,,
3161,1519,172,,
3163,1520,179,,
3165,1520,141,,
3166,1521,179,,
3168,1522,179,,
3170,1523,180,,
3172,1524,180,,
3174,1525,180,,
3176,1526,180,,
3178,1527,180,,
3180,1528,180,,
3182,1528,150,,
3183,1529,181,,
3185,1530,181,,
3187,1531,181,,
3189,1532,181,,
3191,1533,181,,
3193,1534,181,,
3195,1535,181,,
3197,1536,182,,
3199,1537,182,,
3201,1538,182,,
3203,1538,178,,
3204,1538,171,,
3205,1539,182,,
3207,1540,182,,
3209,1540,152,,
3210,1541,182,,
3212,1542,28,,
3214,1543,28,,
3216,1544,28,,
3218,1545,28,,
3220,1546,28,,
3222,1547,28,,
3224,1548,28,,
3226,1549,172,,
3228,1550,172,,
3230,1551,48,Sat Mon Tue Wed Thur Fri 8:00 AM - 02:30 PMMon Tue Thur 05:00 PM - 08:00 PM,
3232,1552,28,,
3234,1553,28,,
3236,1554,28,,
3238,1554,149,,
3239,1555,28,,
3241,1556,28,,
3243,1557,28,,
3245,1558,28,,
3247,1559,28,,
3249,1560,28,,
3251,1561,28,,
3253,1562,183,,
3255,1563,183,,
3257,1564,183,,
3259,1565,183,,
3261,1566,183,Sat Sun Mon Tue Wed Thur 07:00 PM - 10:00 PM,
3262,1566,183,,
3263,1566,45,Sat Sun Mon Tue Wed Thur 07:00 PM - 10:00 PM,
3264,1567,183,,
3266,1568,183,,
3268,1569,183,,
3270,1569,169,,
3271,1570,183,,
3273,1571,172,,
3275,1572,172,,
3277,1573,172,,
3279,1574,172,Sat Sun Mon Tue Wed 05:00 PM - 08:00 PM,
3280,1574,172,,
3281,1574,19,Sat Sun Mon Tue Wed 05:00 PM - 08:00 PM,
3282,1575,172,,
3284,1576,172,,
3286,1577,172,,
3288,1577,118,,
3289,1578,184,,
3291,1579,184,,
3293,1580,185,,
3295,1581,185,,
3297,1582,118,,
3299,1583,185,,
3301,1584,185,,
3303,1585,186,,
3305,1586,186,,
3307,1587,186,,
3309,1588,187,,
3311,1589,187,,
3313,1590,187,,
3315,1591,187,,
3317,1592,187,,
3319,1593,187,,
3321,1594,172,,
3323,1595,172,Sat Sun Mon Tue Wed Thur 07:00 PM - 09:00 PM,
3324,1595,172,,
3325,1595,36,Sat Sun Mon Tue Wed Thur 07:00 PM - 09:00 PM,
3326,1596,172,,
3328,1597,172,,
3330,1598,172,,
3332,1599,172,,
3334,1600,172,,
3336,1601,172,,
3338,1602,172,,
3340,1603,172,,
3342,1604,172,,
3344,1605,172,,
3346,1606,172,,
3348,1607,172,,
3350,1607,37,,
3351,1608,172,,
3353,1609,172,,
3355,1610,187,,
3357,1610,20,,
3358,1611,187,,
3360,1612,187,,
3362,1613,187,,
3364,1614,9,,
3366,1615,9,,
3368,1616,9,,
3370,1617,9,,
3372,1617,50,,
3373,1618,9,,
3375,1619,9,,
3377,1620,9,,
3379,1621,9,,
3381,1621,61,,
3382,1622,9,,
3384,1623,172,,
3386,1624,188,,
3388,1625,172,,
3390,1625,149,,
3391,1626,172,,
3393,1627,172,,
3395,1628,172,,
3397,1629,172,,
3399,1630,172,,
3401,1631,172,,
3403,1632,172,,
3405,1633,172,,
3407,1634,172,,
3409,1635,172,,
3411,1636,189,,
3413,1637,189,,
3415,1638,189,,
3417,1639,189,,
3419,1640,189,,
3421,1641,189,,
3423,1641,141,,
3424,1642,189,,
3426,1643,189,,
3428,1644,189,,
3430,1645,189,,
3432,1646,189,,
3434,1647,189,,
3436,1648,189,,
3438,1649,9,,
3440,1650,9,,
3442,1651,9,,
3444,1652,9,,
3446,1653,9,,
3448,1654,9,,
3450,1655,9,,
3452,1656,9,,
3454,1656,61,,
3455,1657,9,,
3457,1658,9,,
3459,1659,9,,
3461,1660,9,,
3463,1661,9,,
3465,1662,9,,
3467,1663,9,,
3469,1663,50,,
3470,1664,9,,
3472,1665,9,,
3474,1666,9,,
3476,1667,9,,
3478,1668,9,,
3480,1669,189,,
3482,1670,189,,
3484,1671,189,,
3486,1672,189,Sat Sun Mon Tue Wed 06:00 PM - 09:00 PM,
3487,1672,189,,
3488,1672,132,,
3489,1672,118,Sat Sun Mon Tue Wed 06:00 PM - 09:00 PM,
3490,1673,189,,
3492,1673,20,,
3493,1674,189,,
3495,1675,189,,
3497,1676,189,,
3499,1677,189,,
3501,1678,189,,
3503,1679,189,,
3505,1680,189,,
3507,1681,189,,
3509,1682,189,Sat Mon Tue Thur 06:00 PM - 09:00 PM,
3510,1682,189,,
3511,1682,41,Sat Mon Tue Thur 06:00 PM - 09:00 PM,
3512,1683,189,,
3514,1684,189,,
3516,1685,189,,
3518,1686,189,,
3520,1686,20,,
3521,1687,9,,
3523,1688,9,,
3525,1689,9,,
3527,1690,9,,
3529,1691,9,,
3531,1692,9,,
3533,1693,9,,
3535,1694,9,,
3537,1695,9,,
3539,1696,9,,
3541,1697,9,,
3543,1698,9,,
3545,1699,9,,
3547,1700,9,,
3549,1701,9,,
3551,1702,9,,
3553,1703,9,,
3555,1704,9,,
3557,1705,9,,
3559,1706,9,,
3561,1707,189,,
3563,1708,189,,
3565,1709,190,,
3567,1710,189,,
3569,1711,189,,
3571,1712,189,,
3573,1713,189,,
3575,1714,189,,
3577,1715,189,,
3579,1716,189,,
3581,1717,189,,
3583,1718,189,,
3585,1719,9,,
3587,1719,61,,
3588,1719,109,,
3589,1720,9,,
3591,1721,9,,
3593,1722,9,,
3595,1723,9,,
3597,1724,9,,
3599,1725,9,,
3601,1726,9,,
3603,1727,9,,
3605,1728,9,,
3607,1729,9,,
3609,1730,9,,
3611,1731,9,,
3613,1732,9,,
3615,1733,9,,
3617,1734,9,,
3619,1735,9,,
3621,1736,9,,
3623,1737,9,,
3625,1738,9,,
3627,1739,9,,
3629,1740,9,,
3631,1741,189,,
3633,1742,189,,
3635,1743,189,,
3637,1744,189,,
3639,1745,189,,
3641,1746,189,,
3643,1747,189,,
3645,1748,189,,
3647,1749,189,,
3649,1750,189,,
3651,1751,189,,
3653,1752,189,,
3655,1753,189,,
3657,1754,9,,
3659,1755,9,,
3661,1756,9,,
3663,1757,9,,
3665,1758,9,,
3667,1759,9,,
3669,1760,9,,
3671,1760,61,,
3672,1761,9,,
3674,1762,9,,
3676,1763,9,,
3678,1764,9,,
3680,1765,9,,
3682,1766,9,,
3684,1767,9,,
3686,1768,9,,
3688,1769,9,,
3690,1770,9,,
3692,1771,9,,
3694,1772,9,,
3696,1773,9,,
3698,1773,61,,
3699,1774,189,,
3701,1775,189,,
3703,1776,75,,
3705,1777,75,,
3707,1778,75,,
3709,1779,75,,
3711,1780,75,,
3713,1781,75,,
3715,1782,75,Thur 04:00 PM - 08:00 PM,
3717,1783,191,,
3719,1784,192,,
3721,1785,192,,
3723,1786,192,,
3725,1787,75,,
3727,1788,192,,
3729,1789,75,Sat Mon Wed 8:00 AM - 10:30 AM,
3731,1789,141,,
3732,1790,192,,
3734,1791,192,,
3736,1791,146,,
3737,1792,192,,
3739,1793,192,,
3741,1794,192,,
3743,1795,193,,
3745,1796,193,,
3747,1797,193,,
3749,1798,193,,
3751,1799,193,,
3753,1800,193,,
3755,1801,193,,
3757,1802,193,,
3759,1803,75,,
3761,1804,75,,
3763,1805,194,,
3765,1806,194,,
3767,1807,194,,
3769,1808,194,,
3771,1809,194,,
3773,1810,195,,
3775,1811,195,,
3777,1812,195,,
3779,1813,195,,
3781,1814,195,,
3783,1815,195,,
3785,1816,195,,
3787,1817,195,,
3789,1818,195,,
3791,1819,195,,
3793,1820,195,,
3795,1821,195,,
3797,1822,195,,
3799,1823,75,,
3801,1824,75,,
3803,1825,75,,
3805,1826,75,,
3807,1827,75,,
3809,1828,75,,
3811,1829,75,,
3813,1830,195,,
3815,1831,195,,
3817,1832,195,,
3819,1833,195,,
3821,1834,195,,
3823,1835,195,,
3825,1836,195,,
3827,1837,196,,
3829,1838,196,,
3831,1839,196,,
3833,1840,196,,
3835,1841,197,,
3837,1842,197,,
3839,1843,197,,
3841,1843,50,,
3842,1844,197,,
3844,1845,197,,
3846,1846,75,,
3848,1847,75,,
3850,1848,198,,
3852,1849,198,,
3854,1850,198,,
3856,1851,75,,
3858,1852,75,,
3860,1853,75,,
3862,1853,118,,
3863,1854,75,,
3865,1855,75,,
3867,1856,75,,
3869,1857,75,,
3871,1858,75,,
3873,1859,75,,
3875,1860,75,,
3877,1861,75,,
3879,1862,75,,
3881,1863,75,,
3883,1864,75,,
3885,1865,75,,
3887,1866,75,,
3889,1867,75,,
3891,1868,75,,
3893,1869,198,,
3895,1870,197,,
3897,1871,197,,
3899,1872,197,,
3901,1873,197,,
3903,1874,199,,
3905,1875,199,,
3907,1876,199,,
3909,1877,199,,
3911,1878,199,,
3913,1879,199,,
3915,1880,199,,
3917,1881,75,,
3919,1882,75,,
3921,1883,75,,
3923,1884,75,,
3925,1885,75,,
3927,1886,75,,
3929,1887,75,,
3931,1888,75,,
3933,1889,199,,
3935,1890,199,,
3937,1891,199,,
3939,1892,199,,
3941,1893,199,,
3943,1894,199,,
3945,1895,199,,
3947,1896,199,,
3949,1897,199,,
3951,1898,199,,
3953,1899,199,,
3955,1900,199,,
3957,1901,199,,
3959,1902,199,,
3961,1903,199,,
3963,1904,200,,
3965,1905,200,,
3967,1906,200,,
3969,1907,200,,
3971,1908,75,,
3973,1909,75,,
3975,1910,75,,
3977,1911,75,,
3979,1912,75,,
3981,1913,75,,
3983,1914,75,,
3985,1915,75,,
3987,1916,200,,
3989,1917,200,,
3991,1918,200,,
3993,1919,200,,
3995,1920,201,,
3997,1921,200,,
3999,1922,200,,
4001,1923,202,,
4003,1924,202,,
4005,1925,202,,
4007,1926,202,,
4009,1926,189,,
4010,1927,202,,
4012,1928,202,,
4014,1928,94,,
4015,1929,202,,
4017,1930,202,,
4019,1931,75,,
4021,1932,75,,
4023,1933,75,,
4025,1934,75,,
4027,1935,75,,
4029,1936,75,,
4031,1937,75,,
4033,1938,75,,
4035,1939,75,,
4037,1940,75,,
4039,1941,75,,
4041,1942,75,,
4043,1943,75,,
4045,1944,202,,
4047,1945,202,,
4049,1946,202,,
4051,1947,202,,
4053,1948,202,,
4055,1949,202,,
4057,1950,202,,
4059,1951,202,,
4061,1952,202,,
4063,1953,202,,
4065,1954,202,,
4067,1955,202,,
4069,1956,202,,
4071,1957,202,,
4073,1957,28,,
4074,1958,202,,
4076,1958,138,,
4077,1959,202,,
4079,1960,202,Sat Sun Mon Tue Wed Thur 05:00 PM - 08:00 PM,
4080,1960,202,,
4081,1960,41,Sat Sun Mon Tue Wed Thur 05:00 PM - 08:00 PM,
4082,1961,202,,
4084,1962,202,,
4086,1963,202,,
4088,1964,202,,
4090,1965,202,,
4092,1966,202,,
4094,1966,172,,
4095,1967,202,,
4097,1968,202,,
4099,1968,88,,
4100,1969,202,,
4102,1970,202,,
4104,1971,202,,
4106,1972,202,,
4108,1973,202,,
4110,1974,202,,
4112,1975,202,,
4114,1976,202,,
4116,1977,202,,
4118,1978,202,,
4120,1979,202,,
4122,1980,202,,
4124,1981,202,,
4126,1981,159,,
4127,1982,202,,
4129,1983,202,,
4131,1983,149,,
4132,1984,202,,
4134,1985,202,,
4136,1986,202,,
4138,1987,202,,
4140,1988,202,,
4142,1989,202,,
4144,1990,202,,
4146,1991,202,,
4148,1992,202,,
4150,1992,88,,
4151,1993,202,,
4153,1994,202,,
4155,1995,202,,
4157,1996,202,,
4159,1997,202,,
4161,1998,202,,
4163,1999,202,Sat 10:00 AM - 01:00 PMSun Mon Tue Wed Thur 11:00 AM - 01:00 PM,
4164,1999,202,,
4165,1999,45,Sat 10:00 AM - 01:00 PMSun Mon Tue Wed Thur 11:00 AM - 01:00 PM,
4166,2000,202,,
4168,2001,202,,
4170,2001,88,,
4171,2002,202,,
4173,2003,203,,
4175,2004,203,,
4177,2005,203,,
4179,2006,203,,
4181,2007,204,,
4183,2008,204,,
4185,2009,204,,
4187,2010,204,,
4189,2011,204,,
4191,2012,204,,
4193,2013,204,,
4195,2014,204,,
4197,2015,204,,
4199,2016,204,,
4201,2017,204,,
4203,2018,204,,
4205,2019,204,,
4207,2020,204,,
4209,2021,204,,
4211,2022,204,,
4213,2023,204,,
4215,2024,205,Mon 04:00 PM - 06:00 PM,
4217,2025,205,,
4219,2026,205,,
4221,2027,205,,
4223,2028,205,,
4225,2029,205,,
4227,2030,205,,
4229,2030,193,,
4230,2031,205,,
4232,2032,206,,
4234,2033,206,,
4236,2034,206,,
4238,2035,206,,
4240,2035,146,,
4241,2036,206,,
4243,2036,126,,
4244,2037,206,,
4246,2038,206,,
4248,2039,206,,
4250,2039,115,,
4251,2040,206,,
4253,2040,115,,
4254,2041,206,,
4256,2042,206,,
4258,2043,206,,
4260,2044,110,,
4262,2045,207,"Satmosjid Road, Dhanmondi, Dhaka-1209,Bangladesh | Availability: ",
4264,2046,207,"Satmosjid Road, Dhanmondi, Dhaka-1209,Bangladesh | Availability: ",
4266,2047,207,"Satmosjid Road, Dhanmondi, Dhaka-1209,Bangladesh | Availability: ",
4268,2048,208,,
4270,2049,208,Sat Mon Wed 08:00 PM - 10:00 PM,
4271,2049,208,,
4272,2049,155,,
4273,2049,45,Sat Mon Wed 08:00 PM - 10:00 PM,
4274,2050,208,,
4276,2050,203,,
4277,2051,208,,
4279,2052,208,,
4281,2053,208,,
4283,2054,208,,
4285,2055,208,,
4287,2056,209,,
4289,2057,209,,
4291,2058,93,,
4293,2059,23,,
4295,2060,23,,
4297,2061,23,,
4299,2062,23,,
4301,2063,23,,
4303,2064,23,,
4305,2065,23,,
4307,2066,23,,
4309,2066,92,,
4310,2067,23,,
4312,2068,23,,
4314,2069,23,,
4316,2069,73,,
4317,2070,23,,
4319,2071,23,,
4321,2072,23,,
4323,2073,23,,
4325,2074,23,,
4327,2075,23,,
4329,2075,92,,
4330,2076,23,,
4332,2077,23,,
4334,2077,92,,
4335,2078,23,,
4337,2079,23,,
4339,2080,23,,
4341,2081,23,,
4343,2082,23,,
4345,2083,23,,
4347,2084,23,,
4349,2085,23,,
4351,2086,23,,
4353,2087,23,,
4355,2088,23,,
4357,2089,23,,
4359,2090,23,,
4361,2091,23,,
4363,2092,23,,
4365,2093,23,,
4367,2093,73,,
4368,2094,23,,
4370,2095,23,,
4372,2096,23,,
4374,2097,23,,
4376,2098,23,,
4378,2099,23,,
4380,2100,23,,
4382,2101,23,,
4384,2102,23,,
4386,2103,23,,
4388,2104,23,,
4390,2105,23,,
4392,2106,23,,
4394,2107,23,,
4396,2108,23,,
4398,2109,23,,
4400,2110,23,,
4402,2111,23,,
4404,2112,23,Sat Mon Wed 06:30 PM - 09:30 PMFri 9:00 AM - 11:59 AM,
4406,2113,23,,
4408,2114,23,,
4410,2115,23,,
4412,2116,23,,
4414,2116,73,,
4415,2117,23,,
4417,2118,23,,
4419,2119,23,,
4421,2120,23,,
4423,2121,23,,
4425,2122,209,,
4427,2122,50,,
4428,2123,209,,
4430,2124,209,,
4432,2125,209,,
4434,2126,209,,
4436,2127,209,,
4438,2128,209,,
4440,2129,209,,
4442,2129,74,,
4443,2129,128,,
4444,2130,23,,
4446,2131,209,,
4448,2132,23,,
4450,2133,209,,
4452,2134,23,,
4454,2135,209,,
4456,2136,23,,
4458,2137,23,,
4460,2137,92,,
4461,2138,23,,
4463,2139,23,,
4465,2140,209,,
4467,2141,23,,
4469,2142,209,,
4471,2143,23,,
4473,2144,209,,
4475,2145,209,,
4477,2146,209,,
4479,2147,209,,
4481,2148,209,,
4483,2149,209,,
4485,2150,209,,
4487,2151,23,,
4489,2152,23,,
4491,2153,23,,
4493,2154,23,,
4495,2155,23,,
4497,2156,93,,
4499,2157,93,,
4501,2158,93,,
4503,2159,93,,
4505,2160,93,,
4507,2161,93,,
4509,2162,93,,
4511,2163,93,,
4513,2164,93,,
4515,2165,93,,
4517,2166,93,,
4519,2167,93,,
4521,2168,93,,
4523,2169,93,,
4525,2170,93,,
4527,2171,93,,
4529,2172,210,,
4531,2173,210,,
4533,2174,93,Sat Sun Mon Tue Wed Thur 04:00 PM - 09:00 PM,
4534,2174,93,,
4535,2174,189,Sat Sun Mon Tue Wed Thur 04:00 PM - 09:00 PM,
4536,2175,93,,
4538,2176,93,,
4540,2177,210,,
4542,2178,93,,
4544,2179,93,,
4546,2180,210,,
4548,2181,93,,
4550,2182,110,,
4552,2183,210,,
4554,2184,211,,
4556,2185,211,,
4558,2186,211,,
4560,2187,211,,
4562,2188,211,,
4564,2189,211,,
4566,2190,211,,
4568,2191,211,,
4570,2192,93,,
4572,2193,93,,
4574,2194,93,,
4576,2195,93,,
4578,2196,93,,
4580,2197,93,,
4582,2198,93,,
4584,2198,189,,
4585,2199,93,,
4587,2199,20,,
4588,2200,211,,
4590,2201,211,,
4592,2202,211,,
4594,2203,212,,
4596,2204,212,,
4598,2205,212,,
4600,2206,212,,
4602,2207,213,,
4604,2208,213,,
4606,2208,141,,
4607,2209,213,,
4609,2210,213,,
4611,2211,213,,
4613,2212,93,,
4615,2213,93,,
4617,2214,213,,
4619,2215,213,,
4621,2215,182,,
4622,2215,171,,
4623,2216,213,,
4625,2216,187,,
4626,2217,213,,
4628,2218,213,,
4630,2218,187,,
4631,2219,213,,
4633,2220,213,,
4635,2221,213,,
4637,2222,93,Sat Sun Mon Wed Thur 05:30 PM - 10:00 PMTue 07:00 PM - 10:00 PM,
4638,2222,93,,
4639,2222,31,Sat Sun Mon Wed Thur 05:30 PM - 10:00 PMTue 07:00 PM - 10:00 PM,
4640,2223,93,,
4642,2224,93,,
4644,2225,93,,
4646,2226,93,,
4648,2227,93,,
4650,2228,93,,
4652,2229,93,,
4654,2229,128,,
4655,2230,93,,
4657,2231,93,,
4659,2232,93,,
4661,2233,93,,
4663,2234,93,,
4665,2235,93,,
4667,2236,93,Sat Sun Mon Tue Wed 06:00 PM - 09:00 PM,
4668,2236,93,,
4669,2236,20,Sat Sun Mon Tue Wed 06:00 PM - 09:00 PM,
4670,2237,93,,
4672,2238,93,,
4674,2239,93,,
4676,2240,93,,
4678,2241,214,,
4680,2242,214,,
4682,2243,214,,
4684,2244,214,,
4686,2245,214,,
4688,2246,214,,
4690,2247,214,,
4692,2248,214,,
4694,2249,214,,
4696,2250,214,,
4698,2251,215,,
4700,2252,215,,
4702,2253,215,,
4704,2254,215,,
4706,2255,215,,
4708,2256,215,,
4710,2257,215,,
4712,2258,215,,
4714,2259,215,Thur Fri 06:00 PM - 09:00 PM,
4715,2259,215,,
4716,2259,19,Thur Fri 06:00 PM - 09:00 PM,
4717,2260,215,,
4719,2261,215,,
4721,2262,215,,
4723,2263,215,,
4725,2264,215,,
4727,2265,215,,
4729,2266,215,,
4731,2267,215,,
4733,2268,215,,
4735,2269,215,,
4737,2270,215,,
4739,2271,215,,
4741,2272,215,,
4743,2273,215,,
4745,2274,215,,
4747,2275,215,,
4749,2276,215,,
4751,2277,215,,
4753,2278,215,,
4755,2279,215,,
4757,2280,215,,
4759,2281,215,,
4761,2282,78,Sat Sun Mon Tue Wed Thur 10:00 AM - 05:00 PM,
4763,2282,216,Sat Wed 08:00 PM - 10:00 PM,
4764,2282,52,Sat Sun Mon 02:00 PM - 05:00 PMTue Wed Thur 10:00 AM - 1:00 AM,New: 600 | Follow-up: 400
4765,2283,215,,
4767,2284,215,,
4769,2285,215,,
4771,2286,215,,
4773,2287,215,,
4775,2288,215,,
4777,2289,215,,
4779,2289,19,,
4780,2290,215,,
4782,2290,118,,
4783,2291,86,"Monipuripara, Farmgate, Dhaka-1215,Bangladesh | Availability: ",
4785,2292,86,"Monipuripara, Farmgate, Dhaka-1215,Bangladesh | Availability: ",
4787,2293,86,"Monipuripara, Farmgate, Dhaka-1215,Bangladesh | Availability: ",
4789,2294,86,"Monipuripara, Farmgate, Dhaka-1215,Bangladesh | Availability: ",
4791,2295,86,"Monipuripara, Farmgate, Dhaka-1215,Bangladesh | Availability: ",
4793,2296,86,"Monipuripara, Farmgate, Dhaka-1215,Bangladesh | Availability: ",
4795,2297,86,"Monipuripara, Farmgate, Dhaka-1215,Bangladesh | Availability: ",
4797,2298,86,"Monipuripara, Farmgate, Dhaka-1215,Bangladesh | Availability: ",
4799,2299,86,"Monipuripara, Farmgate, Dhaka-1215,Bangladesh | Availability: ",
4801,2300,86,"Monipuripara, Farmgate, Dhaka-1215,Bangladesh | Availability: ",
4803,2301,86,"Monipuripara, Farmgate, Dhaka-1215,Bangladesh | Availability: ",
4805,2301,217,Sun Wed 07:00 PM - 09:00 PM,
4806,2301,218,Sat Mon 06:00 PM - 08:00 PMThur 04:00 PM - 07:00 PM,
4807,2302,86,"Monipuripara, Farmgate, Dhaka-1215,Bangladesh | Availability: ",
4809,2303,86,"Monipuripara, Farmgate, Dhaka-1215,Bangladesh | Availability: ",
4811,2304,86,"Monipuripara, Farmgate, Dhaka-1215,Bangladesh | Availability: ",
4813,2305,86,"Monipuripara, Farmgate, Dhaka-1215,Bangladesh | Availability: ",
4815,2306,86,"Monipuripara, Farmgate, Dhaka-1215,Bangladesh | Availability: ",
4817,2307,86,"Monipuripara, Farmgate, Dhaka-1215,Bangladesh | Availability: ",
4819,2308,86,"Monipuripara, Farmgate, Dhaka-1215,Bangladesh | Availability: ",
4821,2309,86,"Monipuripara, Farmgate, Dhaka-1215,Bangladesh | Availability: ",
4823,2310,86,"Monipuripara, Farmgate, Dhaka-1215,Bangladesh | Availability: ",
4825,2311,86,"Monipuripara, Farmgate, Dhaka-1215,Bangladesh | Availability: ",
4827,2312,86,"Monipuripara, Farmgate, Dhaka-1215,Bangladesh | Availability: ",
4829,2313,86,"Monipuripara, Farmgate, Dhaka-1215,Bangladesh | Availability: ",
4831,2314,86,"Monipuripara, Farmgate, Dhaka-1215,Bangladesh | Availability: ",
4833,2315,86,"Monipuripara, Farmgate, Dhaka-1215,Bangladesh | Availability: ",
4835,2316,86,"Monipuripara, Farmgate, Dhaka-1215,Bangladesh | Availability: ",
4837,2317,219,"Satmasjid Road Opposite of Anam Rangs Plaza, Dhanmondi, Dhaka-1209,Bangladesh | Availability: ",
4839,2318,219,"Satmasjid Road Opposite of Anam Rangs Plaza, Dhanmondi, Dhaka-1209,Bangladesh | Availability: ",
4841,2319,219,"Satmasjid Road Opposite of Anam Rangs Plaza, Dhanmondi, Dhaka-1209,Bangladesh | Availability: ",
4843,2320,219,"Satmasjid Road Opposite of Anam Rangs Plaza, Dhanmondi, Dhaka-1209,Bangladesh | Availability: ",
4845,2321,219,"Satmasjid Road Opposite of Anam Rangs Plaza, Dhanmondi, Dhaka-1209,Bangladesh | Availability: ",
4847,2322,219,"Satmasjid Road Opposite of Anam Rangs Plaza, Dhanmondi, Dhaka-1209,Bangladesh | Availability: ",
4849,2323,219,"Satmasjid Road Opposite of Anam Rangs Plaza, Dhanmondi, Dhaka-1209,Bangladesh | Availability: ",
4851,2324,219,"Satmasjid Road Opposite of Anam Rangs Plaza, Dhanmondi, Dhaka-1209,Bangladesh | Availability: ",
4853,2325,219,"Satmasjid Road Opposite of Anam Rangs Plaza, Dhanmondi, Dhaka-1209,Bangladesh | Availability: ",
4855,2326,219,"Satmasjid Road Opposite of Anam Rangs Plaza, Dhanmondi, Dhaka-1209,Bangladesh | Availability: ",
4857,2327,219,"Satmasjid Road Opposite of Anam Rangs Plaza, Dhanmondi, Dhaka-1209,Bangladesh | Availability: ",
4859,2328,219,"Satmasjid Road Opposite of Anam Rangs Plaza, Dhanmondi, Dhaka-1209,Bangladesh | Availability: ",
4861,2329,219,"Satmasjid Road Opposite of Anam Rangs Plaza, Dhanmondi, Dhaka-1209,Bangladesh | Availability: ",
4863,2330,219,"Satmasjid Road Opposite of Anam Rangs Plaza, Dhanmondi, Dhaka-1209,Bangladesh | Availability: ",
4865,2331,219,"Satmasjid Road Opposite of Anam Rangs Plaza, Dhanmondi, Dhaka-1209,Bangladesh | Availability: ",
4867,2332,219,"Satmasjid Road Opposite of Anam Rangs Plaza, Dhanmondi, Dhaka-1209,Bangladesh | Availability: ",
4869,2333,219,"Satmasjid Road Opposite of Anam Rangs Plaza, Dhanmondi, Dhaka-1209,Bangladesh | Availability: ",
4871,2334,219,"Satmasjid Road Opposite of Anam Rangs Plaza, Dhanmondi, Dhaka-1209,Bangladesh | Availability: ",
4873,2334,93,,
4874,2335,219,"Satmasjid Road Opposite of Anam Rangs Plaza, Dhanmondi, Dhaka-1209,Bangladesh | Availability: ",
4876,2336,89,,
4878,2337,89,,
4880,2338,89,,
4882,2338,141,,
4883,2339,89,,
4885,2340,89,,
4887,2341,89,,
4889,2342,37,,
4891,2343,89,,
4893,2344,89,Sat Sun Mon Tue Wed Thur 11:00 AM - 01:00 PM,
4894,2344,89,,
4895,2344,189,,
4896,2344,20,Sat Sun Mon Tue Wed Thur 11:00 AM - 01:00 PM,
4897,2345,118,,
4899,2346,89,,
4901,2347,89,,
4903,2348,89,,
4905,2349,89,,
4907,2350,89,,
4909,2351,89,,
4911,2352,89,,
4913,2353,89,,
4915,2354,89,,
4917,2354,106,,
4918,2355,89,,
4920,2356,89,,
4922,2357,89,,
4924,2358,89,,
4926,2359,220,"Monipuri Para, Gate No – 1, Dhaka-1215,Bangladesh | Availability: ",
4928,2360,220,"Monipuri Para, Gate No – 1, Dhaka-1215,Bangladesh | Availability: ",
4930,2361,220,"Monipuri Para, Gate No – 1, Dhaka-1215,Bangladesh | Availability: ",
4932,2362,220,"Monipuri Para, Gate No – 1, Dhaka-1215,Bangladesh | Availability: ",
4934,2363,220,"Monipuri Para, Gate No – 1, Dhaka-1215,Bangladesh | Availability: ",
4936,2364,220,"Monipuri Para, Gate No – 1, Dhaka-1215,Bangladesh | Availability: ",
4938,2365,89,,
4940,2366,89,,
4942,2367,89,,
4944,2368,89,,
4946,2369,221,,
4948,2370,221,,
4950,2371,221,,
4952,2372,222,,
4954,2373,221,,
4956,2374,221,,
4958,2375,221,,
4960,2376,221,,
4962,2377,221,,
4964,2378,221,,
4966,2379,221,,
4968,2380,221,,
4970,2381,221,,
4972,2382,221,,
4974,2383,221,,
4976,2384,223,,
4978,2385,223,,
4980,2386,223,,
4982,2387,223,,
4984,2388,223,,
4986,2389,223,,
4988,2390,223,,
4990,2391,223,,
4992,2392,223,,
4994,2393,223,,
4996,2394,223,,
4998,2395,223,,
5000,2396,223,,
5002,2397,223,,
5004,2398,223,,
5006,2399,223,,
5008,2400,223,,
5010,2400,189,,
5011,2401,223,,
5013,2402,223,,
5015,2403,223,,
5017,2404,224,,
5019,2405,224,,
5021,2406,224,,
5023,2407,224,,
5025,2408,224,,
5027,2409,224,Sat Thur 5:00 AM - 8:00 AM,
5028,2409,224,,
5029,2409,144,Sat Thur 5:00 AM - 8:00 AM,
5030,2410,224,,
5032,2411,224,,
5034,2411,115,,
5035,2412,224,,
5037,2413,224,,
5039,2414,224,,
5041,2415,224,,
5043,2416,224,,
5045,2417,225,,
5047,2418,225,,
5049,2419,225,,
5051,2420,225,,
5053,2421,225,,
5055,2422,225,,
5057,2423,225,,
5059,2424,225,,
5061,2425,225,,
5063,2426,86,"Monipuripara, Farmgate, Dhaka-1215,Bangladesh | Availability: ",
5065,2427,57,,
5067,2428,127,,
5069,2429,225,,
5071,2430,225,,
5073,2431,225,,
5075,2432,225,,
5077,2433,225,,
5079,2434,225,,
5081,2435,225,,
5083,2436,127,,
5085,2437,225,,
5087,2438,225,,
5089,2439,225,,
5091,2440,225,,
5093,2441,225,,
5095,2442,225,,
5097,2443,225,,
5099,2444,225,,
5101,2445,115,,
5103,2446,226,Sun Tue Thur 07:00 PM - 09:00 PM,
5105,2446,227,Sat 06:29 PM - 09:30 PMSun 06:30 PM - 09:30 PMMon Tue Thur 06:31 PM - 09:31 PM,
5106,2446,52,Sat Sun Mon Tue Wed Thur 07:00 PM - 10:00 PM,New: 600 | Follow-up: 300
5107,2447,27,,
5109,2448,228,,
5111,2449,229,,
5113,2450,230,,
5115,2451,170,,
5117,2452,78,,
5119,2453,225,,
5121,2454,225,,
5123,2455,225,,
5125,2456,225,,
5127,2457,225,,
5129,2458,225,,
5131,2458,121,,
5132,2459,225,,
5134,2460,225,,
5136,2461,225,,
5138,2462,225,,
5140,2463,225,,
5142,2464,225,,
5144,2465,225,,
5146,2466,225,,
5148,2467,225,,
5150,2467,193,,
5151,2468,225,,
5153,2469,225,,
5155,2470,225,,
5157,2471,225,,
5159,2472,225,,
5161,2473,225,,
5163,2474,225,,
5165,2475,225,,
5167,2476,225,,
5169,2477,225,,
5171,2478,225,,
5173,2479,231,,
5175,2479,118,,
5176,2480,231,,
5178,2480,128,,
5179,2480,118,,
5180,2481,231,,
5182,2482,231,,
5184,2483,231,,
5186,2484,231,,
5188,2485,231,,
5190,2486,231,,
5192,2487,231,,
5194,2488,231,,
5196,2489,118,,
5198,2490,231,,
5200,2491,231,,
5202,2492,231,,
5204,2493,231,,
5206,2494,231,,
5208,2495,231,,
5210,2495,109,,
5211,2496,231,,
5213,2497,231,,
5215,2498,50,Sat Mon Wed 10:00 PM - 11:59 PM,
5217,2499,231,,
5219,2499,118,,
5220,2500,231,Sat Sun Mon Tue Wed Thur 07:00 PM - 10:00 PM,
5222,2501,231,,
5224,2502,231,,
5226,2503,231,Sat Sun Mon Tue 07:00 PM - 08:30 PM,
5227,2503,231,,
5228,2503,44,Sat Sun Mon Tue 07:00 PM - 08:30 PM,
5229,2504,231,,
5231,2505,231,,
5233,2506,231,,
5235,2507,232,,
5237,2508,232,,
5239,2509,232,,
5241,2510,232,,
5243,2511,232,,
5245,2512,232,,
5247,2513,233,,
5249,2514,233,,
5251,2515,233,,
5253,2515,121,,
5254,2516,233,,
5256,2517,233,,
5258,2518,233,,
5260,2519,118,Sat Mon Tue Wed Thur 05:00 PM - 07:30 PM,
5262,2519,216,Sat Mon Tue Wed Thur 08:00 PM - 10:00 PM,
5263,2519,52,Sat Sun Mon Tue Wed Thur 07:00 PM - 09:30 PM,New: 1000 | Follow-up: 600
5264,2520,233,,
5266,2521,233,Sun Tue Thur 04:00 PM - 09:00 PM,
5267,2521,233,,
5268,2521,36,Sun Tue Thur 04:00 PM - 09:00 PM,
5269,2522,234,,
5271,2522,108,,
5272,2523,234,,
5274,2523,210,,
5275,2524,234,,
5277,2525,234,,
5279,2526,234,,
5281,2527,234,,
5283,2528,234,,
5285,2529,234,,
5287,2530,234,,
5289,2531,234,,
5291,2531,231,,
5292,2532,234,,
5294,2533,235,Sat Sun Mon Tue Wed Thur Fri 0:00 AM - 11:55 PM,
5296,2533,52,Sat Sun Mon Tue Wed Thur Fri 0:00 AM - 11:55 PM,New: 300 | Follow-up: 200 | Report: 100
5297,2534,222,,
5299,2535,222,,
5301,2536,222,,
5303,2537,222,,
5305,2538,236,Sat Sun Mon Tue Wed 06:00 PM - 11:00 PMThur 02:00 PM - 11:00 PMFri 11:00 AM - 11:00 PM,
5306,2538,236,,
5307,2538,52,Sat Sun Mon Tue Wed 06:00 PM - 11:00 PMThur 02:00 PM - 11:00 PMFri 11:00 AM - 11:00 PM,
5308,2539,222,,
5310,2540,78,,
5312,2541,118,,
5314,2542,237,Sat Sun Mon Tue Wed Thur 07:00 PM - 10:00 PM,
5316,2543,238,Sat Mon Wed 08:00 PM - 10:00 PM,
5318,2543,239,Fri 9:00 AM - 08:00 PM,
5319,2543,240,Tue Thur 04:00 PM - 07:00 PM,
5320,2543,52,Sat Mon Wed Thur Fri 8:00 AM - 11:00 PMSun 8:00 AM - 03:00 PMTue 04:00 PM - 11:00 PM,
5321,2544,222,,
5323,2545,14,,
5325,2546,241,,
5327,2547,241,,
5329,2548,241,,
5331,2549,241,,
5333,2550,241,,
5335,2551,241,,
5337,2552,241,Sat Sun Mon Tue Wed Thur 07:30 PM - 10:00 PM,
5339,2553,241,,
5341,2554,241,,
5343,2555,241,,
5345,2556,241,,
5347,2556,120,,
5348,2557,241,,
5350,2557,81,,
5351,2558,170,,
5353,2559,170,,
5355,2560,242,Sat Sun Tue Thur 03:00 PM - 06:00 PM,
5357,2561,242,,
5359,2562,242,,
5361,2563,242,,
5363,2564,242,,
5365,2565,242,,
5367,2566,242,,
5369,2567,242,,
5371,2568,242,,
5373,2569,242,Mon Wed 06:00 PM - 09:00 PM,
5375,2570,242,,
5377,2571,242,,
5379,2572,242,,
5381,2573,242,,
5383,2574,242,,
5385,2575,242,,
5387,2576,242,,
5389,2577,242,,
5391,2578,242,,
5393,2579,242,,
5395,2580,242,,
5397,2581,242,,
5399,2582,242,,
5401,2583,242,,
5403,2584,242,,
5405,2585,242,,
5407,2586,242,,
5409,2586,233,,
5410,2587,242,,
5412,2587,50,,
5413,2588,242,,
5415,2588,155,,
5416,2589,242,,
5418,2590,242,,
5420,2591,242,Sat Tue 06:00 PM - 08:00 PM,
5422,2592,242,,
5424,2593,242,,
5426,2594,242,,
5428,2594,115,,
5429,2595,242,,
5431,2596,242,,
5433,2597,242,,
5435,2598,242,,
5437,2599,242,,
5439,2600,242,,
5441,2601,242,Sat Sun Mon Tue Wed Thur 00:00 PM - 02:00 PM,
5443,2602,242,,
5445,2603,242,,
5447,2604,242,,
5449,2605,242,,
5451,2606,242,,
5453,2607,242,,
5455,2608,170,,
5457,2608,242,,
5458,2609,170,,
5460,2610,108,Sat Sun Mon Tue Wed Thur 01:30 PM - 07:00 PM,
5462,2611,170,,
5464,2611,118,,
5465,2612,170,,
5467,2613,170,,
5469,2614,170,,
5471,2615,170,,
5473,2616,170,,
5475,2616,81,,
5476,2617,170,,
5478,2618,170,,
5480,2619,170,,
5482,2620,170,,
5484,2621,33,,
5486,2622,33,,
5488,2622,126,,
5489,2623,33,,
5491,2624,33,,
5493,2625,33,,
5495,2626,33,,
5497,2626,126,,
5498,2627,33,,
5500,2627,93,,
5501,2628,33,,
5503,2629,33,,
5505,2630,33,,
5507,2631,33,,
5509,2632,33,,
5511,2632,50,,
5512,2633,33,,
5514,2634,33,,
5516,2634,231,,
5517,2635,33,,
5519,2636,33,,
5521,2637,33,,
5523,2638,33,,
5525,2639,33,,
5527,2640,33,,
5529,2641,33,,
5531,2642,33,,
5533,2643,33,,
5535,2644,33,,
5537,2645,33,,
5539,2645,109,,
5540,2645,22,,
5541,2646,33,,
5543,2647,33,,
5545,2648,33,,
5547,2649,33,,
5549,2650,33,,
5551,2651,33,,
5553,2651,193,,
5554,2652,33,,
5556,2653,33,,
5558,2654,33,,
5560,2655,33,,
5562,2656,33,,
5564,2657,33,,
5566,2658,33,,
5568,2659,33,,
5570,2660,33,,
5572,2660,225,,
5573,2661,33,,
5575,2662,33,,
5577,2663,33,,
5579,2664,33,,
5581,2665,33,,
5583,2666,33,,
5585,2667,33,,
5587,2668,33,,
5589,2669,33,,
5591,2670,33,,
5593,2670,232,,
5594,2671,33,,
5596,2672,33,Sun Wed 06:00 PM - 09:00 PM,
5598,2673,33,,
5600,2674,243,,
5602,2675,243,,
5604,2676,243,,
5606,2677,243,,
5608,2678,243,,
5610,2678,177,,
5611,2679,243,,
5613,2680,243,,
5615,2681,243,,
5617,2682,243,,
5619,2683,243,,
5621,2684,243,,
5623,2685,243,,
5625,2686,243,,
5627,2687,243,,
5629,2688,243,,
5631,2689,243,,
5633,2690,243,,
5635,2691,243,,
5637,2692,243,,
5639,2692,50,,
5640,2692,5,,
5641,2693,244,,
5643,2694,244,,
5645,2695,244,,
5647,2696,244,,
5649,2697,244,,
5651,2698,244,,
5653,2699,244,,
5655,2700,244,,
5657,2701,244,,
5659,2701,232,,
5660,2702,244,,
5662,2703,244,,
5664,2704,244,,
5666,2705,245,Sat 04:00 PM - 0:00 AMSun Mon Tue Wed 9:00 AM - 0:00 AMThur 06:00 PM - 11:00 PMFri 05:00 PM - 07:00 PMF,
5667,2705,245,,
5668,2705,52,Sat 04:00 PM - 0:00 AMSun Mon Tue Wed 9:00 AM - 0:00 AMThur 06:00 PM - 11:00 PMFri 05:00 PM - 07:00 PMF,
5669,2706,244,,
5671,2707,244,,
5673,2708,244,,
5675,2709,244,,
5677,2710,244,,
5679,2711,244,,
5681,2712,246,,
5683,2712,78,,
5684,2713,247,,
5686,2714,247,,
5688,2715,247,,
5690,2716,247,,
5692,2717,247,,
5694,2718,247,,
5696,2719,247,,
5698,2720,247,,
5700,2721,247,,
5702,2721,126,,
5703,2722,248,,
5705,2723,248,,
5707,2724,248,,
5709,2725,248,,
5711,2726,248,,
5713,2727,248,,
5715,2727,232,,
5716,2728,248,,
5718,2728,225,,
5719,2729,248,,
5721,2730,248,,
5723,2731,248,,
5725,2732,248,,
5727,2733,248,,
5729,2734,248,,
5731,2735,248,,
5733,2736,248,,
5735,2737,248,,
5737,2738,248,,
5739,2739,248,,
5741,2740,248,,
5743,2741,248,,
5745,2742,249,,
5747,2743,249,,
5749,2744,249,,
5751,2744,118,,
5752,2745,249,,
5754,2746,249,,
5756,2747,249,,
5758,2747,225,,
5759,2748,249,,
5761,2749,249,,
5763,2750,249,,
5765,2751,249,,
5767,2752,249,,
5769,2752,132,,
5770,2752,126,,
5771,2752,88,,
5772,2753,249,,
5774,2753,232,,
5775,2753,126,,
5776,2754,249,,
5778,2755,249,,
5780,2756,249,,
5782,2757,249,,
5784,2758,249,,
5786,2759,249,,
5788,2760,249,,
5790,2761,250,"Friendship Hospital Ltd.Plot-23, Road, 3 Ave No. 8, Dhaka-1219,Bangladesh | Availability: ",
5792,2762,250,"Friendship Hospital Ltd.Plot-23, Road, 3 Ave No. 8, Dhaka-1219,Bangladesh | Availability: ",
5794,2763,250,"Friendship Hospital Ltd.Plot-23, Road, 3 Ave No. 8, Dhaka-1219,Bangladesh | Availability: ",
5796,2764,250,"Friendship Hospital Ltd.Plot-23, Road, 3 Ave No. 8, Dhaka-1219,Bangladesh | Availability: ",
5798,2765,250,"Friendship Hospital Ltd.Plot-23, Road, 3 Ave No. 8, Dhaka-1219,Bangladesh | Availability: ",
5800,2765,221,,
5801,2766,250,"Friendship Hospital Ltd.Plot-23, Road, 3 Ave No. 8, Dhaka-1219,Bangladesh | Availability: ",
5803,2767,250,"Friendship Hospital Ltd.Plot-23, Road, 3 Ave No. 8, Dhaka-1219,Bangladesh | Availability: ",
5805,2768,250,"Friendship Hospital Ltd.Plot-23, Road, 3 Ave No. 8, Dhaka-1219,Bangladesh | Availability: ",
5807,2769,250,"Friendship Hospital Ltd.Plot-23, Road, 3 Ave No. 8, Dhaka-1219,Bangladesh | Availability: ",
5809,2770,250,"Friendship Hospital Ltd.Plot-23, Road, 3 Ave No. 8, Dhaka-1219,Bangladesh | Availability: ",
5811,2771,250,"Friendship Hospital Ltd.Plot-23, Road, 3 Ave No. 8, Dhaka-1219,Bangladesh | Availability: ",
5813,2772,250,"Friendship Hospital Ltd.Plot-23, Road, 3 Ave No. 8, Dhaka-1219,Bangladesh | Availability: ",
5815,2773,250,"Friendship Hospital Ltd.Plot-23, Road, 3 Ave No. 8, Dhaka-1219,Bangladesh | Availability: ",
5817,2774,250,"Friendship Hospital Ltd.Plot-23, Road, 3 Ave No. 8, Dhaka-1219,Bangladesh | Availability: ",
5819,2775,251,,
5821,2776,251,,
5823,2777,251,,
5825,2777,118,,
5826,2778,251,,
5828,2779,251,,
5830,2780,251,,
5832,2781,251,,
5834,2782,251,,
5836,2782,232,,
5837,2783,251,,
5839,2784,251,,
5841,2784,93,,
5842,2785,251,,
5844,2786,251,,
5846,2787,251,,
5848,2788,251,,
5850,2789,251,,
5852,2790,251,,
5854,2790,104,,
5855,2791,251,,
5857,2792,251,,
5859,2793,251,,
5861,2794,251,,
5863,2795,251,,
5865,2796,251,,
5867,2797,251,,
5869,2798,251,,
5871,2799,251,,
5873,2800,251,,
5875,2801,251,,
5877,2802,251,,
5879,2803,251,,
5881,2804,251,,
5883,2805,252,,
5885,2806,252,"Monipuripara, Farmgate, Dhaka-1215,Bangladesh | Availability: ",
5886,2806,252,,
5887,2806,86,"Monipuripara, Farmgate, Dhaka-1215,Bangladesh | Availability: ",
5888,2807,252,,
5890,2808,252,,
5892,2809,252,,
5894,2810,253,,
5896,2811,252,,
5898,2812,252,,
5900,2813,252,,
5902,2814,252,,
5904,2815,252,,
5906,2816,252,,
5908,2817,252,,
5910,2818,252,,
5912,2819,252,,
5914,2820,254,,
5916,2821,254,,
5918,2822,254,,
5920,2823,254,,
5922,2824,254,,
5924,2825,254,,
5926,2826,254,,
5928,2827,254,,
5930,2828,254,,
5932,2829,254,,
5934,2830,254,,
5936,2831,254,,
5938,2832,254,,
5940,2833,254,,
5942,2834,254,,
5944,2835,254,,
5946,2836,254,,
5948,2836,22,,
5949,2837,254,,
5951,2838,254,,
5953,2839,254,,
5955,2840,254,,
5957,2841,254,,
5959,2842,254,,
5961,2843,254,,
5963,2844,254,,
5965,2845,254,,
5967,2846,254,,
5969,2847,254,,
5971,2848,254,,
5973,2849,254,,
5975,2850,254,,
5977,2851,254,,
5979,2852,254,,
5981,2853,254,,
5983,2854,254,"Satmasjid Road Dhanmondi C/A, Satmasjid Road, Dhanmondi, Dhaka-1209,Bangladesh | Availability: Sun Tue Thur",
5984,2854,254,,
5985,2854,146,,
5986,2854,4,"Satmasjid Road Dhanmondi C/A, Satmasjid Road, Dhanmondi, Dhaka-1209,Bangladesh | Availability: Sun Tue Thur",
5987,2855,254,,
5989,2855,75,,
5990,2856,254,,
5992,2857,254,,
5994,2857,232,,
5995,2858,254,,
5997,2859,254,,
5999,2860,254,,
6001,2861,254,,
6003,2862,254,,
6005,2863,255,,
6007,2864,255,,
6009,2865,255,,
6011,2866,255,,
6013,2867,255,,
6015,2868,255,,
6017,2869,255,,
6019,2870,255,,
6021,2871,255,,
6023,2872,255,,
6025,2873,255,,
6027,2874,117,,
6029,2875,256,Sat Sun Mon Wed Thur 05:00 PM - 09:30 PMTue 07:00 PM - 09:30 PM,
6031,2876,257,Sat Sun Mon Tue Wed 07:00 PM - 09:00 PM,
6033,2876,141,,
6034,2877,255,,
6036,2878,255,,
6038,2879,255,,
6040,2880,255,,
6042,2881,255,,
6044,2882,255,,
6046,2883,255,,
6048,2884,255,,
6050,2885,255,,
6052,2886,255,,
6054,2887,255,,
6056,2888,255,,
6058,2889,255,,
6060,2890,255,,
6062,2891,255,,
6064,2892,255,,
6066,2893,258,,
6068,2894,258,,
6070,2894,75,,
6071,2895,258,"Monipuripara, Farmgate, Dhaka-1215,Bangladesh | Availability: ",
6072,2895,258,,
6073,2895,86,"Monipuripara, Farmgate, Dhaka-1215,Bangladesh | Availability: ",
6074,2896,258,"Monipuripara, Farmgate, Dhaka-1215,Bangladesh | Availability: ",
6075,2896,258,,
6076,2896,86,"Monipuripara, Farmgate, Dhaka-1215,Bangladesh | Availability: ",
6077,2897,258,,
6079,2898,258,,
6081,2899,258,,
6083,2900,258,,
6085,2901,258,,
6087,2902,258,,
6089,2903,258,,
6091,2904,258,,
6093,2905,258,,
6095,2906,258,,
6097,2907,258,,
6099,2908,258,,
6101,2909,258,,
6103,2909,75,,
6104,2910,258,,
6106,2911,258,,
6108,2912,258,,
6110,2913,258,,
6112,2914,258,,
6114,2915,258,,
6116,2916,258,,
6118,2917,258,,
6120,2918,258,,
6122,2919,259,,
6124,2919,104,,
6125,2920,259,,
6127,2920,136,,
6128,2921,259,,
6130,2922,259,,
6132,2923,259,,
6134,2924,259,,
6136,2925,259,,
6138,2926,259,,
6140,2927,259,,
6142,2928,259,,
6144,2929,259,,
6146,2930,259,,
6148,2930,118,,
6149,2931,259,,
6151,2932,259,,
6153,2933,259,,
6155,2933,221,,
6156,2934,259,,
6158,2935,259,,
6160,2936,259,,
6162,2936,88,,
6163,2937,259,,
6165,2938,259,,
6167,2939,259,,
6169,2939,221,,
6170,2940,259,,
6172,2940,148,,
6173,2941,259,,
6175,2942,259,,
6177,2943,260,,
6179,2944,118,,
6181,2945,260,,
6183,2946,260,,
6185,2947,260,,
6187,2948,260,,
6189,2949,260,,
6191,2950,260,,
6193,2951,260,,
6195,2952,260,,
6197,2953,260,,
6199,2954,260,,
6201,2955,260,,
6203,2956,260,,
6205,2957,260,,
6207,2958,260,,
6209,2959,260,,
6211,2960,260,,
6213,2961,260,,
6215,2962,260,,
6217,2962,232,,
6218,2962,89,,
6219,2963,260,,
6221,2963,5,,
6222,2964,260,"Satmasjid Road Dhanmondi C/A, Satmasjid Road, Dhanmondi, Dhaka-1209,Bangladesh | Availability: ",
6223,2964,260,,
6224,2964,126,,
6225,2964,4,"Satmasjid Road Dhanmondi C/A, Satmasjid Road, Dhanmondi, Dhaka-1209,Bangladesh | Availability: ",
6226,2965,260,,
6228,2966,260,,
6230,2967,260,,
6232,2968,260,,
6234,2969,260,,
6236,2970,33,,
6238,2971,260,,
6240,2971,50,,
6241,2972,260,,
6243,2973,260,,
6245,2974,260,,
6247,2975,260,,
6249,2976,260,,
6251,2977,261,,
6253,2978,261,,
6255,2979,261,,
6257,2980,261,,
6259,2980,195,,
6260,2981,170,,
6262,2981,37,,
6263,2982,261,,
6265,2983,261,,
6267,2984,261,,
6269,2985,261,,
6271,2986,94,,
6273,2987,118,,
6275,2988,215,Sat Mon Tue Thur 05:00 PM - 07:00 PMSun Wed 09:00 PM - 10:00 PM,
6276,2988,215,,
6277,2988,19,Sat Mon Tue Thur 05:00 PM - 07:00 PMSun Wed 09:00 PM - 10:00 PM,
6278,2988,36,Sat Mon Thur 09:00 PM - 10:00 PM,
6279,2989,172,,
6281,2990,94,Sat Sun Mon Tue Wed Thur 05:00 PM - 08:00 PM,
6282,2990,94,,
6283,2990,45,Sat Sun Mon Tue Wed Thur 05:00 PM - 08:00 PM,
6284,2991,94,,
6286,2992,94,Sat Sun Mon Tue Wed Thur 06:00 PM - 08:00 PM,
6287,2992,94,,
6288,2992,44,Sat Sun Mon Tue Wed Thur 06:00 PM - 08:00 PM,
6289,2993,118,,
6291,2993,107,,
6292,2994,94,,
6294,2995,94,,
6296,2996,94,,
6298,2997,262,,
6300,2998,262,,
6302,2999,262,,
6304,3000,262,,
6306,3001,262,,
6308,3002,262,,
6310,3003,262,,
6312,3004,262,,
6314,3005,262,,
6316,3006,262,,
6318,3007,262,,
6320,3008,262,,
6322,3009,262,,
6324,3010,262,,
6326,3011,262,,
6328,3012,262,,
6330,3013,121,Sat Sun Mon Tue Wed Thur 06:30 PM - 08:30 PM,
6332,3014,262,,
6334,3015,262,,
6336,3016,262,,
6338,3016,187,,
6339,3017,262,,
6341,3018,262,,
6343,3018,231,,
6344,3019,262,,
6346,3020,262,,
6348,3021,262,,
6350,3022,262,,
6352,3023,262,,
6354,3024,262,,
6356,3025,262,,
6358,3026,262,,
6360,3027,262,,
6362,3028,262,,
6364,3029,262,,
6366,3030,262,,
6368,3031,262,,
6370,3032,262,,
6372,3033,262,,
6374,3034,262,,
6376,3035,262,,
6378,3036,262,,
6380,3037,262,,
6382,3037,138,,
6383,3038,262,,
6385,3039,262,,
6387,3040,262,,
6389,3041,262,,
6391,3042,262,,
6393,3043,262,,
6395,3044,262,,
6397,3045,262,,
6399,3046,263,,
6401,3047,264,,
6403,3048,263,,
6405,3049,263,,
6407,3050,263,,
6409,3051,263,,
6411,3052,263,,
6413,3053,263,,
6415,3054,263,,
6417,3055,263,,
6419,3056,263,,
6421,3057,265,,
6423,3058,265,,
6425,3059,265,,
6427,3060,265,,
6429,3061,265,,
6431,3062,265,,
6433,3063,265,,
6435,3064,265,,
6437,3064,115,,
6438,3065,265,,
6440,3066,265,,
6442,3067,265,,
6444,3068,265,,
6446,3068,200,,
6447,3069,265,,
6449,3070,265,,
6451,3070,115,,
6452,3071,265,,
6454,3072,265,,
6456,3072,224,,
6457,3073,265,,
6459,3074,265,,
6461,3075,265,,
6463,3076,265,,
6465,3077,265,,
6467,3078,265,,
6469,3079,265,,
6471,3080,265,,
6473,3081,265,,
6475,3082,265,,
6477,3082,89,,
6478,3083,265,,
6480,3084,265,,
6482,3085,56,,
6484,3086,56,,
6486,3087,56,,
6488,3088,56,,
6490,3089,56,,
6492,3090,56,,
6494,3091,56,,
6496,3092,56,,
6498,3093,56,,
6500,3094,56,,
6502,3095,56,,
6504,3096,56,,
6506,3097,56,,
6508,3098,56,,
6510,3099,56,,
6512,3100,56,,
6514,3101,56,,
6516,3101,232,,
6517,3102,56,,
6519,3102,150,,
6520,3103,56,,
6522,3104,56,,
6524,3105,56,,
6526,3106,56,,
6528,3106,148,,
6529,3107,56,,
6531,3108,56,,
6533,3109,56,,
6535,3110,56,,
6537,3111,56,,
6539,3112,56,,
6541,3113,56,,
6543,3114,266,Sat Sun Mon Tue Wed Thur 02:35 PM - 03:25 PM,
6545,3114,267,Sat Sun Mon Tue Wed Thur 07:10 PM - 08:55 PM,
6546,3114,268,Sat Sun Mon Tue Wed Thur 03:35 PM - 04:25 PM,
6547,3114,269,Sat Sun Mon Tue Wed Thur 05:10 PM - 06:55 PM,
6548,3114,270,Thur 07:10 PM - 08:55 PMFri 11:10 AM - 00:55 PM,
6549,3114,271,Fri 06:10 PM - 07:55 PM,
6550,3114,272,Fri 02:10 PM - 05:55 PM,
6551,3114,273,Thur 09:10 PM - 09:55 PMFri 10:10 AM - 11:10 AM,
6552,3114,274,Sat Tue 02:35 PM - 03:55 PM,
6553,3114,52,Sat Sun Mon Tue Wed Thur 02:35 PM - 11:55 PMFri 10:10 AM - 11:55 PM,New: 700
6554,3115,56,,
6556,3116,56,,
6558,3117,56,,
6560,3118,56,,
6562,3119,56,,
6564,3120,56,,
6566,3121,56,,
6568,3122,56,,
6570,3123,56,,
6572,3124,56,,
6574,3125,56,,
6576,3126,56,,
6578,3127,56,,
6580,3128,56,Sat Mon Wed 06:00 PM - 08:00 PM,
6581,3128,56,,
6582,3128,41,Sat Mon Wed 06:00 PM - 08:00 PM,
6583,3129,56,Sat Mon Tue 05:00 PM - 10:00 PM,
6585,3130,56,,
6587,3131,56,,
6589,3131,115,,
6590,3131,22,,
6591,3132,56,,
6593,3133,56,,
6595,3134,56,,
6597,3135,56,,
6599,3136,56,,
6601,3137,56,,
6603,3138,56,,
6605,3138,233,,
6606,3139,56,,
6608,3140,56,,
6610,3140,161,,
6611,3141,56,,
6613,3142,56,,
6615,3143,56,,
6617,3144,56,,
6619,3145,56,,
6621,3146,56,,
6623,3147,56,,
6625,3148,56,,
6627,3148,93,,
6628,3149,56,,
6630,3149,138,,
6631,3150,56,,
6633,3151,56,,
6635,3152,56,,
6637,3153,56,,
6639,3154,56,,
6641,3155,56,,
6643,3155,214,,
6644,3156,56,,
6646,3157,275,,
6648,3158,275,,
6650,3159,275,,
6652,3160,275,,
6654,3161,275,,
6656,3162,275,,
6658,3163,275,,
6660,3164,275,,
6662,3165,275,,
6664,3166,275,,
6666,3167,275,,
6668,3168,275,,
6670,3169,275,,
6672,3170,275,,
6674,3171,275,,
6676,3172,275,,
6678,3173,275,,
6680,3174,275,,
6682,3175,275,,
6684,3176,275,,
6686,3177,275,,
6688,3178,275,,
6690,3179,275,,
6692,3180,275,,
6694,3181,275,,
6696,3182,275,,
6698,3183,275,,
6700,3184,275,,
6702,3185,276,,
6704,3186,276,,
6706,3187,276,,
6708,3188,276,,
6710,3189,276,,
6712,3190,276,,
6714,3191,276,,
6716,3192,276,,
6718,3193,276,,
6720,3193,37,,
6721,3194,276,,
6723,3195,276,,
6725,3196,276,,
6727,3197,276,,
6729,3198,276,,
6731,3199,276,,
6733,3200,276,,
6735,3201,276,,
6737,3202,276,,
6739,3203,276,,
6741,3204,276,,
6743,3205,276,,
6745,3206,276,,
6747,3207,276,,
6749,3208,276,,
6751,3209,276,,
6753,3210,276,,
6755,3211,276,,
6757,3212,277,,
6759,3213,277,,
6761,3214,277,,
6763,3215,277,,
6765,3215,146,,
6766,3216,277,,
6768,3217,277,Fri 05:00 PM - 08:00 PM,
6770,3218,277,,
6772,3219,277,Sat 03:00 PM - 07:00 PMSun Mon Tue Wed 05:00 PM - 07:00 PM,
6774,3220,277,,
6776,3221,277,,
6778,3221,146,,
6779,3221,118,,
6780,3222,277,,
6782,3223,277,,
6784,3224,277,,
6786,3225,277,,
6788,3226,277,,
6790,3226,211,,
6791,3226,146,,
6792,3227,277,,
6794,3227,189,,
6795,3228,277,Sun Tue Thur 04:00 PM - 06:00 PM,
6796,3228,277,,
6797,3228,146,Sun Tue Thur 04:00 PM - 06:00 PM,
6798,3229,277,Sat Sun Mon Tue Wed Thur 04:00 PM - 06:00 PM,
6800,3229,198,Mon Thur 07:00 PM - 09:00 PM,
6801,3230,277,,
6803,3230,146,,
6804,3231,277,,
6806,3231,146,,
6807,3232,42,"Satmosjid Road, Mohammadpur, 8, Mohammadpur, Dhaka-1207,Bangladesh | Availability: ",
6809,3233,42,"Satmosjid Road, Mohammadpur, 8, Mohammadpur, Dhaka-1207,Bangladesh | Availability: ",
6811,3234,42,"Satmosjid Road, Mohammadpur, 8, Mohammadpur, Dhaka-1207,Bangladesh | Availability: ",
6813,3235,42,"Satmosjid Road, Mohammadpur, 8, Mohammadpur, Dhaka-1207,Bangladesh | Availability: ",
6815,3236,42,"Satmosjid Road, Mohammadpur, 8, Mohammadpur, Dhaka-1207,Bangladesh | Availability: ",
6817,3237,42,"Satmosjid Road, Mohammadpur, 8, Mohammadpur, Dhaka-1207,Bangladesh | Availability: ",
6819,3238,42,"Satmosjid Road, Mohammadpur, 8, Mohammadpur, Dhaka-1207,Bangladesh | Availability: ",
6821,3239,42,"Satmosjid Road, Mohammadpur, 8, Mohammadpur, Dhaka-1207,Bangladesh | Availability: ",
6823,3240,42,"Satmosjid Road, Mohammadpur, 8, Mohammadpur, Dhaka-1207,Bangladesh | Availability: ",
6825,3241,42,"Satmosjid Road, Mohammadpur, 8, Mohammadpur, Dhaka-1207,Bangladesh | Availability: ",
6827,3242,42,"Satmosjid Road, Mohammadpur, 8, Mohammadpur, Dhaka-1207,Bangladesh | Availability: ",
6829,3243,42,"Satmosjid Road, Mohammadpur, 8, Mohammadpur, Dhaka-1207,Bangladesh | Availability: ",
6831,3243,189,,
6832,3243,155,,
6833,3244,42,"Satmosjid Road, Mohammadpur, 8, Mohammadpur, Dhaka-1207,Bangladesh | Availability: ",
6835,3245,42,"Satmosjid Road, Mohammadpur, 8, Mohammadpur, Dhaka-1207,Bangladesh | Availability: ",
6837,3245,93,,
6838,3246,42,"Satmosjid Road, Mohammadpur, 8, Mohammadpur, Dhaka-1207,Bangladesh | Availability: ",
6840,3247,42,"Satmosjid Road, Mohammadpur, 8, Mohammadpur, Dhaka-1207,Bangladesh | Availability: ",
6842,3248,42,"Satmosjid Road, Mohammadpur, 8, Mohammadpur, Dhaka-1207,Bangladesh | Availability: ",
6844,3249,42,"Satmosjid Road, Mohammadpur, 8, Mohammadpur, Dhaka-1207,Bangladesh | Availability: ",
6846,3250,42,"Satmosjid Road, Mohammadpur, 8, Mohammadpur, Dhaka-1207,Bangladesh | Availability: Sat Sun Mon Tue Wed Thur",
6848,3251,42,"Satmosjid Road, Mohammadpur, 8, Mohammadpur, Dhaka-1207,Bangladesh | Availability: Sat Sun 05:00 PM - 07:00",
6850,3252,42,"Satmosjid Road, Mohammadpur, 8, Mohammadpur, Dhaka-1207,Bangladesh | Availability: Sat Sun Mon Tue Wed Thur",
6852,3253,42,"Satmosjid Road, Mohammadpur, 8, Mohammadpur, Dhaka-1207,Bangladesh | Availability: Sat Sun Mon Tue Thur 07:",
6854,3254,42,"Satmosjid Road, Mohammadpur, 8, Mohammadpur, Dhaka-1207,Bangladesh | Availability: Sat Sun Mon Tue Wed Thur",
6856,3255,42,"Satmosjid Road, Mohammadpur, 8, Mohammadpur, Dhaka-1207,Bangladesh | Availability: Sat Sun Mon Tue Wed Thur",
6858,3256,42,"Satmosjid Road, Mohammadpur, 8, Mohammadpur, Dhaka-1207,Bangladesh | Availability: Sat Sun Mon Tue Wed Thur",
6860,3256,219,"Satmasjid Road Opposite of Anam Rangs Plaza, Dhanmondi, Dhaka-1209,Bangladesh | Availability: ",
6861,3257,42,"Satmosjid Road, Mohammadpur, 8, Mohammadpur, Dhaka-1207,Bangladesh | Availability: Sat Sun Mon Tue Wed Thur",
6863,3258,42,"Satmosjid Road, Mohammadpur, 8, Mohammadpur, Dhaka-1207,Bangladesh | Availability: Sat Sun Mon Tue Wed Thur",
6865,3259,42,"Satmosjid Road, Mohammadpur, 8, Mohammadpur, Dhaka-1207,Bangladesh | Availability: Sat Mon Wed 9:00 AM - 00",
6867,3260,4,"Satmasjid Road Dhanmondi C/A, Satmasjid Road, Dhanmondi, Dhaka-1209,Bangladesh | Availability: Sat Mon Tue",
6869,3261,42,"Satmosjid Road, Mohammadpur, 8, Mohammadpur, Dhaka-1207,Bangladesh | Availability: Mon Wed 07:00 PM - 09:00",
6871,3262,42,"Satmosjid Road, Mohammadpur, 8, Mohammadpur, Dhaka-1207,Bangladesh | Availability: Sat Sun Mon Tue Wed Thur",
6873,3263,42,"Satmosjid Road, Mohammadpur, 8, Mohammadpur, Dhaka-1207,Bangladesh | Availability: Sat Sun Mon Tue Wed Thur",
6875,3264,42,"Satmosjid Road, Mohammadpur, 8, Mohammadpur, Dhaka-1207,Bangladesh | Availability: Sat Sun Mon Tue Wed Thur",
6877,3265,42,"Satmosjid Road, Mohammadpur, 8, Mohammadpur, Dhaka-1207,Bangladesh | Availability: Sat Sun Mon Tue Wed Thur",
6879,3266,278,"Sataish, Tongi, Gazipur, Dhaka-1711,Bangladesh | Availability: Sat Sun Mon Tue Wed Thur 8:00 AM - 02:00 PM",
6881,3267,278,"Sataish, Tongi, Gazipur, Dhaka-1711,Bangladesh | Availability: Sat Sun Mon Tue Wed Thur 8:00 AM - 02:00 PM",
6883,3268,278,"Sataish, Tongi, Gazipur, Dhaka-1711,Bangladesh | Availability: Sat Sun Mon Tue Wed Thur 8:00 AM - 02:00 PM",
6885,3269,278,"Sataish, Tongi, Gazipur, Dhaka-1711,Bangladesh | Availability: Sat Sun Mon Tue Wed Thur 8:00 AM - 02:00 PM",
6887,3270,278,"Sataish, Tongi, Gazipur, Dhaka-1711,Bangladesh | Availability: Sat Sun Mon Tue Wed Thur 8:00 AM - 02:00 PM",
6889,3271,278,"Sataish, Tongi, Gazipur, Dhaka-1711,Bangladesh | Availability: Sat Sun Mon Tue Wed Thur 8:00 AM - 02:00 PM",
6891,3272,278,"Sataish, Tongi, Gazipur, Dhaka-1711,Bangladesh | Availability: Sat Sun Mon Tue Wed Thur 8:00 AM - 02:00 PM",
6893,3273,278,"Sataish, Tongi, Gazipur, Dhaka-1711,Bangladesh | Availability: Sat Sun Mon Tue Wed Thur 8:00 AM - 02:00 PM",
6895,3274,278,"Sataish, Tongi, Gazipur, Dhaka-1711,Bangladesh | Availability: Sat Sun Mon Tue Wed Thur 8:00 AM - 02:00 PM",
6897,3275,278,"Sataish, Tongi, Gazipur, Dhaka-1711,Bangladesh | Availability: Sat Sun Mon Tue Wed Thur 8:00 AM - 02:00 PM",
6899,3276,278,"Sataish, Tongi, Gazipur, Dhaka-1711,Bangladesh | Availability: Sat Sun Mon Tue Wed Thur 8:00 AM - 02:00 PM",
6901,3277,278,"Sataish, Tongi, Gazipur, Dhaka-1711,Bangladesh | Availability: Sat Sun Mon Tue Wed Thur 8:00 AM - 02:00 PM",
6903,3278,278,"Sataish, Tongi, Gazipur, Dhaka-1711,Bangladesh | Availability: Sat Mon Wed 8:00 AM - 02:00 PM",
6905,3279,278,"Sataish, Tongi, Gazipur, Dhaka-1711,Bangladesh | Availability: Sat Sun Mon Tue Wed Thur 8:00 AM - 02:00 PM",
6907,3280,278,"Sataish, Tongi, Gazipur, Dhaka-1711,Bangladesh | Availability: Sat Sun Mon Tue Wed Thur 8:00 AM - 02:00 PM",
6909,3281,278,"Sataish, Tongi, Gazipur, Dhaka-1711,Bangladesh | Availability: Sat Sun Wed 8:00 AM - 02:00 PM",
6911,3282,278,"Sataish, Tongi, Gazipur, Dhaka-1711,Bangladesh | Availability: Sat Sun Mon Tue Thur 8:00 AM - 02:00 PM Book",
6913,3283,278,"Sataish, Tongi, Gazipur, Dhaka-1711,Bangladesh | Availability: Sat Sun Mon Tue Wed Thur 8:00 AM - 02:00 PM",
6915,3284,278,"Sataish, Tongi, Gazipur, Dhaka-1711,Bangladesh | Availability: Sat Sun Mon Tue Wed Thur 8:00 AM - 02:00 PM",
6917,3285,278,"Sataish, Tongi, Gazipur, Dhaka-1711,Bangladesh | Availability: Sat Sun 8:00 AM - 02:00 PM",
6919,3286,278,"Sataish, Tongi, Gazipur, Dhaka-1711,Bangladesh | Availability: Sat Sun Mon Tue Wed Thur 8:00 AM - 02:00 PM",
6921,3287,33,Mon 07:30 PM - 09:30 PMWed 08:00 PM - 10:00 PM,
6923,3288,278,"Sataish, Tongi, Gazipur, Dhaka-1711,Bangladesh | Availability: Sat Sun Mon Tue Wed Thur 8:00 AM - 02:00 PM",
6925,3289,278,"Sataish, Tongi, Gazipur, Dhaka-1711,Bangladesh | Availability: Sat Sun Mon Tue Wed Thur 8:00 AM - 02:00 PM",
6927,3290,278,"Sataish, Tongi, Gazipur, Dhaka-1711,Bangladesh | Availability: Sat Sun Mon Tue Wed Thur 8:00 AM - 02:00 PM",
6929,3291,278,"Sataish, Tongi, Gazipur, Dhaka-1711,Bangladesh | Availability: Sat Mon Tue Wed Thur 8:00 AM - 02:00 PM Book",
6931,3292,279,Sat 05:00 PM - 08:30 PM,
6933,3292,280,Sun Mon Tue Thur 02:30 PM - 08:00 PMFri 8:30 AM - 06:00 PM,
6934,3292,52,Sat 06:50 PM - 08:30 PM,New: 500 | Follow-up: 400 | Report: 300
6935,3293,278,"Sataish, Tongi, Gazipur, Dhaka-1711,Bangladesh | Availability: Sat Sun Mon Tue Wed 8:00 AM - 02:00 PM Book",
6937,3294,278,"Sataish, Tongi, Gazipur, Dhaka-1711,Bangladesh | Availability: Sat Sun Mon Tue Thur 8:00 AM - 00:00 PM Book",
6939,3295,278,"Sataish, Tongi, Gazipur, Dhaka-1711,Bangladesh | Availability: Sat Sun Mon Tue Wed 8:00 AM - 02:00 PM Book",
6941,3296,278,"Sataish, Tongi, Gazipur, Dhaka-1711,Bangladesh | Availability: Sun Mon Tue Wed Thur 8:00 AM - 02:00 PM Book",
6943,3297,278,"Sataish, Tongi, Gazipur, Dhaka-1711,Bangladesh | Availability: Sun Mon Tue Wed 8:00 AM - 02:00 PM",
6945,3298,278,"Sataish, Tongi, Gazipur, Dhaka-1711,Bangladesh | Availability: Sat Sun Mon Tue Wed Thur 8:00 AM - 02:00 PM",
6947,3299,278,"Sataish, Tongi, Gazipur, Dhaka-1711,Bangladesh | Availability: Sun Mon Tue Wed Thur 8:00 AM - 02:00 PM Book",
6949,3299,117,,
6950,3300,278,"Sataish, Tongi, Gazipur, Dhaka-1711,Bangladesh | Availability: Sat Sun Mon Tue Wed Thur 8:00 AM - 02:00 PM",
6952,3301,278,"Sataish, Tongi, Gazipur, Dhaka-1711,Bangladesh | Availability: Sun 9:00 AM - 02:00 PMMon Tue Wed Thur 8:00",
6954,3301,151,,
6955,3302,278,"Sataish, Tongi, Gazipur, Dhaka-1711,Bangladesh | Availability: Sat Sun Mon Tue Wed Thur 8:00 AM - 02:00 PM",
6957,3303,278,"Sataish, Tongi, Gazipur, Dhaka-1711,Bangladesh | Availability: Sat Mon Tue Wed Thur 8:00 AM - 02:00 PM Book",
6959,3304,278,"Sataish, Tongi, Gazipur, Dhaka-1711,Bangladesh | Availability: Sat Sun Mon Tue Wed Thur 8:00 AM - 02:00 PM",
6961,3305,278,"Sataish, Tongi, Gazipur, Dhaka-1711,Bangladesh | Availability: Sat Sun Mon Tue Wed Thur 8:00 AM - 02:00 PM",
6963,3306,278,"Sataish, Tongi, Gazipur, Dhaka-1711,Bangladesh | Availability: Sat Mon Tue Wed Thur 8:00 AM - 02:00 PM Book",
6965,3307,278,"Sataish, Tongi, Gazipur, Dhaka-1711,Bangladesh | Availability: Sat Sun Mon Tue Wed Thur 8:00 AM - 02:00 PM",
6967,3308,278,"Sataish, Tongi, Gazipur, Dhaka-1711,Bangladesh | Availability: Sat Sun Mon Tue Wed Thur 8:00 AM - 02:00 PM",
6969,3309,278,"Sataish, Tongi, Gazipur, Dhaka-1711,Bangladesh | Availability: Sat Sun Tue Wed 8:00 AM - 02:00 PM",
6971,3309,169,,
6972,3309,168,,
6973,3309,152,,
6974,3310,281,Sat Sun Mon Tue Wed Thur 08:00 PM - 10:00 PM,
6976,3311,281,Sat Sun Mon Tue Wed Thur 07:00 PM - 09:00 PM,
6978,3312,281,Sat Sun Mon Tue Wed Thur 06:00 PM - 08:00 PM,
6980,3313,281,Sat Sun Mon Tue Wed Thur 08:00 PM - 10:00 PM,
6982,3313,148,,
6983,3314,281,Sat Sun Mon Tue Wed Thur 07:00 PM - 09:00 PM,
6985,3315,281,Sat Sun Mon Tue Wed Thur 06:00 PM - 08:00 PM,
6987,3316,281,Sat Sun Mon Tue Wed Thur 07:00 PM - 09:00 PM,
6989,3317,281,Sat Sun Mon Tue Wed Thur 08:00 PM - 10:00 PM,
6991,3318,281,Sat Sun Mon Tue Wed Thur 02:00 PM - 04:00 PM,
6993,3319,281,Sat Sun Mon Tue Wed Thur 07:00 PM - 09:00 PM,
6995,3320,281,Sat Sun Mon Tue Wed Thur 04:00 PM - 06:00 PM,
6997,3321,281,Sat Sun Mon Tue Wed Thur 08:00 PM - 10:00 PM,
6999,3322,281,Sat Sun Mon Tue Wed Thur 08:00 PM - 10:00 PM,
7001,3323,281,Sat Sun Mon Tue Wed Thur 07:00 PM - 09:00 PM,
7003,3324,281,Sat Sun Mon Tue Wed Thur 08:00 PM - 10:00 PM,
7005,3325,281,Sat Sun Mon Tue Wed Thur 06:00 PM - 08:00 PM,
7007,3326,282,Sat Sun Mon Tue Wed Thur 07:00 PM - 09:00 PM,
7009,3327,282,Thur 06:30 PM - 08:00 PM,
7011,3328,282,Sat Sun Mon Tue Wed Thur 08:00 PM - 09:00 PM,
7013,3329,282,Sat Sun Mon Tue Wed Thur 04:00 PM - 08:00 PM,
7015,3330,282,Sat Sun Mon Tue Wed Thur 05:00 PM - 08:00 PM,
7017,3331,282,Sat Sun Mon Tue Wed Thur 07:00 PM - 09:00 PM,
7019,3332,282,Sat Sun Mon Tue Wed Thur 05:00 PM - 08:00 PM,
7021,3332,104,,
7022,3333,282,Sat Sun Mon Tue Wed Thur 05:00 PM - 08:00 PM,
7024,3334,283,Sat Sun Mon Tue Wed Thur 08:00 PM - 10:00 PM,
7026,3334,19,,
7027,3335,283,Sat Sun Mon Tue Wed Thur 06:00 PM - 08:00 PM,
7029,3336,283,Sat Sun Mon Tue Wed Thur 04:00 PM - 07:00 PM,
7031,3337,283,Sun Tue Thur 02:00 PM - 04:00 PM,
7033,3338,283,Sat Sun Mon Tue Wed Thur 04:00 PM - 05:00 PM,
7035,3338,141,,
7036,3339,283,Sat Sun Mon Tue Wed Thur 10:00 AM - 00:00 PM,
7038,3340,283,Sat Sun Mon Tue Wed Thur 03:00 PM - 05:00 PM,
7040,3341,283,Sat Mon Wed 05:30 PM - 08:00 PM,
7042,3342,283,Sat Sun Mon Tue Wed Thur 04:00 PM - 09:00 PM,
7044,3343,283,Sat Sun Mon Tue Wed Thur 02:00 PM - 03:30 PM,
7046,3344,283,Sat Sun Mon Tue Wed Thur 05:00 PM - 07:00 PM,
7048,3345,283,Sun Tue Sat Mon Wed Thur 05:00 PM - 06:00 PM,
7050,3346,283,Sat Sun Mon Tue Wed Thur 05:00 PM - 08:00 PM,
7052,3346,221,,
7053,3347,283,Sat Sun Mon Tue Wed Thur 04:00 PM - 06:00 PM,
7055,3348,283,Sat Sun Mon Tue Wed 06:00 PM - 09:00 PM,
7057,3349,283,Sun Tue Thur 06:00 PM - 08:00 PM,
7059,3350,283,Sat Sun Mon Tue Wed Thur 02:30 PM - 06:00 PM,
7061,3351,283,Sat Tue 06:00 PM - 08:00 PM,
7063,3352,284,Sat Mon Wed 02:00 PM - 07:00 PM,
7065,3353,284,Sat Sun Mon Tue Wed Thur 08:00 PM - 10:00 PM,
7067,3354,284,Sat Sun Tue Wed Thur 9:00 AM - 02:00 PM,
7069,3355,284,Sat Sun Mon Tue Wed 8:00 AM - 02:00 PM,
7071,3356,284,Sat Sun Mon Tue Wed Thur 05:00 PM - 07:00 PM,
7073,3357,284,Sat Sun Mon Tue Wed Thur 08:00 PM - 10:00 PM,
7075,3358,284,Sun Tue Thur 8:00 AM - 02:00 PM,
7077,3359,284,Sun Mon Tue Wed Thur Fri 02:00 PM - 10:00 PM,
7079,3360,284,Sat Sun Mon Tue Wed Thur 06:00 PM - 08:00 PM,
7081,3361,284,Sat Sun Mon Tue Wed Thur 07:00 PM - 09:00 PM,
7083,3362,284,Sat Sun Mon Tue Wed Thur 08:00 PM - 10:00 PM,
7085,3363,284,Sat Sun Mon Tue Wed Thur 06:00 PM - 08:00 PM,
7087,3364,284,Sat Sun Mon Tue Wed Thur 07:00 PM - 09:00 PM,
7089,3365,284,Sat Sun Mon Tue Wed Thur 08:00 PM - 10:00 PM,
7091,3366,284,Sat Sun Mon Tue Wed Thur 08:00 PM - 10:00 PM,
7093,3367,284,Sat Sun Mon Tue Wed Thur 07:00 PM - 09:00 PM,
7095,3368,284,Sat Sun Mon Tue Wed Thur 07:00 PM - 09:00 PM,
7097,3369,284,Sat Sun Mon Tue Wed Thur 07:00 PM - 09:00 PM,
7099,3370,284,Sat Sun Mon Tue Wed Thur 06:00 PM - 08:00 PM,
7101,3371,284,Sat Sun Mon Tue Wed Thur 08:00 PM - 10:00 PM,
7103,3372,284,Sat Sun Mon Tue Wed 04:00 PM - 07:00 PM,
7105,3373,284,Sun Tue Thur 8:00 AM - 02:00 PM,
7107,3373,215,,
7108,3374,284,Sat Sun Mon Tue Wed Thur 07:00 PM - 09:00 PM,
7110,3375,284,Sat Sun Mon Tue Wed Thur 04:00 PM - 06:00 PM,
7112,3376,284,Sat Sun Mon Tue Wed Thur 08:00 PM - 10:00 PM,
7114,3377,284,Sat Sun Mon Tue Wed Thur 07:00 PM - 09:00 PM,
7116,3378,284,Sat Sun Mon Tue Wed Thur 06:00 PM - 08:00 PM,
7118,3379,284,Sat Sun Mon Tue Wed Thur 08:00 PM - 10:00 PM,
7120,3379,137,,
7121,3380,284,Sat Sun 9:00 AM - 01:30 PMMon Tue Thur 9:00 AM - 01:00 PMWed 04:00 PM - 01:00 PM,
7123,3381,285,"Monowara Hospital Private Limited54 Siddheswari Road, Ramna, 34, Ramna, Dhaka-1217, BangladeshAvailabil",
7125,3382,285,"Monowara Hospital Private Limited54 Siddheswari Road, Ramna, 34, Ramna, Dhaka-1217, BangladeshAvailabil",
7127,3383,285,"Monowara Hospital Private Limited54 Siddheswari Road, Ramna, 34, Ramna, Dhaka-1217, BangladeshAvailabil",
7129,3384,285,"Monowara Hospital Private Limited54 Siddheswari Road, Ramna, 34, Ramna, Dhaka-1217, BangladeshAvailabil",
7131,3384,126,,
7132,3385,285,"Monowara Hospital Private Limited54 Siddheswari Road, Ramna, 34, Ramna, Dhaka-1217, BangladeshAvailabil",
7134,3386,285,"Monowara Hospital Private Limited54 Siddheswari Road, Ramna, 34, Ramna, Dhaka-1217, BangladeshAvailabil",
7136,3387,12,Sat Tue Thur 11:00 AM - 03:00 PM,
7138,3388,285,"Monowara Hospital Private Limited54 Siddheswari Road, Ramna, 34, Ramna, Dhaka-1217, BangladeshAvailabil",
7140,3389,285,"Monowara Hospital Private Limited54 Siddheswari Road, Ramna, 34, Ramna, Dhaka-1217, BangladeshAvailabil",
7142,3390,285,"Monowara Hospital Private Limited54 Siddheswari Road, Ramna, 34, Ramna, Dhaka-1217, BangladeshAvailabil",
7144,3391,285,"Monowara Hospital Private Limited54 Siddheswari Road, Ramna, 34, Ramna, Dhaka-1217, BangladeshAvailabil",
7146,3392,285,"Monowara Hospital Private Limited54 Siddheswari Road, Ramna, 34, Ramna, Dhaka-1217, BangladeshAvailabil",
7148,3393,285,"Monowara Hospital Private Limited54 Siddheswari Road, Ramna, 34, Ramna, Dhaka-1217, BangladeshAvailabil",
7150,3394,285,"Monowara Hospital Private Limited54 Siddheswari Road, Ramna, 34, Ramna, Dhaka-1217, BangladeshAvailabil",
7152,3395,285,"Monowara Hospital Private Limited54 Siddheswari Road, Ramna, 34, Ramna, Dhaka-1217, BangladeshAvailabil",
7154,3395,141,,
7155,3396,285,"Monowara Hospital Private Limited54 Siddheswari Road, Ramna, 34, Ramna, Dhaka-1217, BangladeshAvailabil",
7157,3397,285,"Monowara Hospital Private Limited54 Siddheswari Road, Ramna, 34, Ramna, Dhaka-1217, BangladeshAvailabil",
7159,3398,285,"Monowara Hospital Private Limited54 Siddheswari Road, Ramna, 34, Ramna, Dhaka-1217, BangladeshAvailabil",
7161,3399,285,"Monowara Hospital Private Limited54 Siddheswari Road, Ramna, 34, Ramna, Dhaka-1217, BangladeshAvailabil",
7163,3400,285,"Monowara Hospital Private Limited54 Siddheswari Road, Ramna, 34, Ramna, Dhaka-1217, BangladeshAvailabil",
7165,3401,285,"Monowara Hospital Private Limited54 Siddheswari Road, Ramna, 34, Ramna, Dhaka-1217, BangladeshAvailabil",
7167,3402,285,"Monowara Hospital Private Limited54 Siddheswari Road, Ramna, 34, Ramna, Dhaka-1217, BangladeshAvailabil",
7169,3403,285,"Monowara Hospital Private Limited54 Siddheswari Road, Ramna, 34, Ramna, Dhaka-1217, BangladeshAvailabil",
7171,3404,285,"Monowara Hospital Private Limited54 Siddheswari Road, Ramna, 34, Ramna, Dhaka-1217, BangladeshAvailabil",
7173,3404,120,,
7174,3405,285,"Monowara Hospital Private Limited54 Siddheswari Road, Ramna, 34, Ramna, Dhaka-1217, BangladeshAvailabil",
7176,3406,285,"Monowara Hospital Private Limited54 Siddheswari Road, Ramna, 34, Ramna, Dhaka-1217, BangladeshAvailabil",
7178,3407,285,"Monowara Hospital Private Limited54 Siddheswari Road, Ramna, 34, Ramna, Dhaka-1217, BangladeshAvailabil",
7180,3408,285,"Monowara Hospital Private Limited54 Siddheswari Road, Ramna, 34, Ramna, Dhaka-1217, BangladeshAvailabil",
7182,3409,285,"Monowara Hospital Private Limited54 Siddheswari Road, Ramna, 34, Ramna, Dhaka-1217, BangladeshAvailabil",
7184,3410,285,"Monowara Hospital Private Limited54 Siddheswari Road, Ramna, 34, Ramna, Dhaka-1217, BangladeshAvailabil",
7186,3410,118,,
7187,3410,19,Sat Sun Mon Tue Wed Thur 08:00 PM - 10:00 PM,
7188,3411,285,"Monowara Hospital Private Limited54 Siddheswari Road, Ramna, 34, Ramna, Dhaka-1217, BangladeshAvailabil",
7190,3412,285,"Monowara Hospital Private Limited54 Siddheswari Road, Ramna, 34, Ramna, Dhaka-1217, BangladeshAvailabil",
7192,3413,285,"Monowara Hospital Private Limited54 Siddheswari Road, Ramna, 34, Ramna, Dhaka-1217, BangladeshAvailabil",
7194,3413,89,,
7195,3414,285,"Monowara Hospital Private Limited54 Siddheswari Road, Ramna, 34, Ramna, Dhaka-1217, BangladeshAvailabil",
7197,3415,285,"Monowara Hospital Private Limited54 Siddheswari Road, Ramna, 34, Ramna, Dhaka-1217, BangladeshAvailabil",
7199,3416,285,"Monowara Hospital Private Limited54 Siddheswari Road, Ramna, 34, Ramna, Dhaka-1217, BangladeshAvailabil",
7201,3417,285,"Monowara Hospital Private Limited54 Siddheswari Road, Ramna, 34, Ramna, Dhaka-1217, BangladeshAvailabil",
7203,3417,196,,
7204,3418,285,"Monowara Hospital Private Limited54 Siddheswari Road, Ramna, 34, Ramna, Dhaka-1217, BangladeshAvailabil",
7206,3418,225,,
7207,3419,286,Sat Sun Mon Tue Wed 04:00 PM - 07:00 PM,
7209,3420,286,Sat Mon Wed 07:00 PM - 09:00 PM,
7211,3421,286,Mon Wed Fri 03:00 PM - 04:30 PM,
7213,3422,286,Sun Tue Thur 06:00 PM - 08:00 PM,
7215,3423,286,Sat Mon Wed 04:00 PM - 05:30 PM,
7217,3424,286,Sun Mon Tue Wed 05:00 PM - 07:30 PM,
7219,3425,286,Sun Tue Thur 06:00 PM - 08:00 PM,
7221,3426,286,Sat Sun Mon Tue Wed Thur 07:00 PM - 09:00 PM,
7223,3427,286,Sat Sun Mon Tue Wed 03:00 PM - 05:00 PM,
7225,3428,286,Sat Sun Mon Tue Wed Thur 05:00 PM - 07:00 PM,
7227,3429,286,Sat Sun Mon Tue Wed Thur 05:00 PM - 09:00 PM,
7229,3430,286,Sat Sun Mon Tue Wed Thur 03:00 PM - 06:00 PM,
7231,3431,286,Sat Sun Mon Tue Wed Thur 06:00 PM - 08:00 PM,
7233,3431,104,,
7234,3432,286,Sun Wed 03:00 PM - 09:00 PM,
7236,3433,286,Sat Mon 03:00 PM - 09:00 PM,
7238,3434,286,Sun Thur 03:00 PM - 09:00 PM,
7240,3435,286,Sat Mon Tue Wed Thur 06:00 PM - 10:00 PMSun 11:00 AM - 10:00 PM,
7242,3436,286,Sat Tue 05:00 PM - 07:00 PM,
7244,3437,286,Sat Sun Tue 11:00 AM - 01:00 PM,
7246,3438,286,Sun Tue 10:00 AM - 00:00 PM,
7248,3439,286,Sat Sun Mon Tue Wed Thur 07:00 PM - 09:00 PM,
7250,3440,286,Sat Sun Mon Tue Wed Thur 07:00 PM - 09:00 PM,
7252,3441,286,Sat Sun Mon Wed Thur 10:30 AM - 00:30 PM,
7254,3442,286,Sat Sun Mon Tue Wed Thur 05:00 PM - 07:00 PM,
7256,3443,286,Thur Fri 07:00 PM - 10:00 PM,
7258,3443,20,,
7259,3443,126,,
7260,3444,286,Mon Fri 05:00 PM - 08:00 PM,
7262,3445,286,Sat Sun Mon Tue Wed Thur 07:00 PM - 09:00 PM,
7264,3446,286,Sat Sun Mon Tue Wed 05:00 PM - 07:00 PM,
7266,3447,286,Sat Mon Wed 07:00 PM - 09:00 PM,
7268,3448,286,Mon Tue Wed Thur Fri 04:00 PM - 06:00 PM,
7270,3448,20,,
7271,3449,286,Sat Sun Mon Tue Wed 07:00 PM - 09:00 PM,
7273,3450,286,Sun Tue Thur 03:00 PM - 05:00 PM,
7275,3451,14,Sat Sun Mon Tue Wed Thur 06:00 PM - 09:00 PM,
7277,3452,14,Sat Sun Mon Tue Wed Thur 04:00 PM - 06:00 PM,
7279,3453,14,Sat Sun Mon Tue Wed Thur 06:00 PM - 09:00 PM,
7281,3454,14,Sat Sun Mon Tue Wed Thur 06:00 PM - 08:00 PM,
7283,3455,14,Sat Sun Mon Tue Wed Thur 06:00 PM - 08:00 PM,
7285,3456,14,Sat Sun Mon Tue Wed Thur 07:00 PM - 09:00 PM,
7287,3456,89,,
7288,3457,14,Sat Sun Mon Tue Wed Thur 06:00 PM - 08:00 PM,
7290,3458,14,Sat Sun Mon Tue Wed Thur 08:00 PM - 10:00 PM,
7292,3459,14,Sat Sun Mon Tue Wed Thur 07:00 PM - 09:00 PM,
7294,3460,14,Sat Sun Mon Tue Wed Thur 08:00 PM - 10:00 PM,
7296,3461,14,Sat Sun Mon Tue Wed Thur 06:00 PM - 08:00 PM,
7298,3462,14,Sat Sun Mon Tue Wed Thur 08:00 PM - 10:00 PM,
7300,3463,14,Sat Sun Mon Tue Wed Thur 04:00 PM - 06:00 PM,
7302,3464,14,Sat Sun Mon Tue Wed Thur 06:00 PM - 08:00 PM,
7304,3465,14,Sat Sun Mon Tue Wed Thur 06:00 PM - 08:00 PM,
7306,3466,14,Sat Sun Mon Tue Wed Thur 06:00 PM - 08:00 PM,
7308,3467,14,Sat Sun Mon Tue Wed Thur 06:00 PM - 08:00 PM,
7310,3468,5,Sat Mon Wed 06:00 PM - 09:00 PM,
7312,3469,14,Sat Sun Mon Tue Wed Thur 08:00 PM - 10:00 PM,
7314,3470,14,Sat Sun Mon Tue Wed Thur 08:00 PM - 10:00 PM,
7316,3471,14,Sat Sun Mon Tue Wed Thur 07:00 PM - 09:00 PM,
7318,3472,14,Sat Sun Mon Tue Wed Thur 08:00 PM - 10:00 PM,
7320,3473,14,Sat Sun Mon Tue Wed Thur 04:00 PM - 06:00 PM,
7322,3474,14,Sun Tue Thur 03:00 PM - 05:00 PM,
7324,3475,14,Sat Sun Mon Tue Wed Thur 04:00 PM - 06:00 PM,
7326,3476,14,Sat Sun Mon Tue Wed Thur 08:00 PM - 10:00 PM,
7328,3477,14,Sat Sun Mon Tue Wed Thur 06:00 PM - 08:00 PM,
7330,3478,14,Sat Sun Mon Tue Wed Thur 08:00 PM - 10:00 PM,
7332,3479,14,Sat Sun Mon Tue Wed Thur 06:00 PM - 08:00 PM,
7334,3480,14,Sat Sun Mon Tue Wed Thur 08:00 PM - 10:00 PM,
7336,3481,14,Sat Sun Mon Tue Wed Thur 06:00 PM - 08:00 PM,
7338,3481,189,Sun Mon Tue Wed 07:00 PM - 08:00 PM,
7339,3482,14,Sat Sun Mon Tue Wed Thur 08:00 PM - 10:00 PM,
7341,3483,14,Sat Sun Mon Tue Wed Thur 06:00 PM - 09:00 PM,
7343,3484,14,Sat Sun Mon Tue Wed Thur 06:00 PM - 08:00 PM,
7345,3485,14,Sat Sun Mon Tue Wed Thur 07:00 PM - 09:00 PM,
7347,3486,14,Sat Sun Mon Tue Wed Thur 08:00 PM - 10:00 PM,
7349,3487,14,Sat Sun Mon Tue Wed Thur 08:00 PM - 10:00 PM,
7351,3488,14,Sat Sun Mon Tue Wed Thur 07:00 PM - 09:00 PM,
7353,3489,14,Sat Sun Mon Tue Wed Thur 04:00 PM - 06:00 PM,
7355,3490,14,Sat Sun Mon Tue Wed Thur 06:00 PM - 08:00 PM,
7357,3491,14,Sat Sun Mon Tue Wed Thur 08:00 PM - 10:00 PM,
7359,3492,14,Sat Sun Mon Tue Wed Thur 08:00 PM - 10:00 PM,
7361,3493,14,Sat Sun Mon Tue Wed Thur 07:00 PM - 09:00 PM,
7363,3494,14,Sat Sun Mon Tue Wed Thur 9:00 AM - 02:00 PM,
7365,3495,14,Sat Sun Mon Tue Wed Thur 06:00 PM - 08:00 PM,
7367,3496,14,Sat Sun Mon Tue Wed Thur 07:00 PM - 09:00 PM,
7369,3497,14,Sat Sun Mon Tue Wed Thur 08:00 PM - 10:00 PM,
7371,3498,14,Sat Sun Mon Tue Wed Thur 06:00 PM - 08:00 PM,
7373,3499,14,Sat Sun Mon Tue Wed Thur 08:00 PM - 10:00 PM,
7375,3500,14,Sat Sun Mon Tue Wed Thur 06:00 PM - 08:00 PM,
7377,3501,14,Sat Sun Mon Tue Wed Thur 08:00 PM - 10:00 PM,
7379,3502,14,Sat Sun Mon Tue Wed Thur 08:00 PM - 10:00 PM,
7381,3503,14,Sat Sun Mon Tue Wed Thur 08:00 PM - 10:00 PM,
7383,3504,14,Sat Sun Mon Tue Wed Thur 04:00 PM - 06:00 PM,
7385,3505,14,Sat Sun Mon Tue Wed Thur 08:00 PM - 10:00 PM,
7387,3506,14,Sat Sun Mon Tue Wed Thur 06:00 PM - 08:00 PM,
7389,3506,93,,
7390,3507,14,Sat Sun Mon Tue Wed Thur 06:00 PM - 08:00 PM,
7392,3508,14,Sat Sun Mon Tue Wed Thur 07:00 PM - 09:00 PM,
7394,3509,14,Sat Sun Mon Tue Wed Thur 08:00 PM - 10:00 PM,
7396,3510,14,Sat Sun Mon Tue Wed Thur 06:00 PM - 08:00 PM,
7398,3511,14,Sat Sun Mon Tue Wed Thur 07:00 PM - 08:00 PM,
7400,3512,14,Sat Sun Mon Tue Wed Thur 08:00 PM - 10:00 PM,
7402,3513,14,Sat Sun Mon Tue Wed Thur 07:00 PM - 09:00 PM,
7404,3514,14,Sat Sun Mon Tue Wed Thur 06:00 PM - 08:00 PM,
7406,3515,14,Sat Sun Mon Tue Wed Thur 06:00 PM - 08:00 PM,
7408,3516,14,Sat Sun Mon Tue Wed Thur 06:00 PM - 08:00 PM,
7410,3517,14,Sat Sun Wed Thur 04:00 PM - 06:00 PMMon Tue 06:00 PM - 06:00 PM,
7412,3518,14,Sat Sun Mon Tue Wed Thur 08:00 PM - 10:00 PM,
7414,3519,14,Sat Sun Mon Tue Wed Thur 08:00 PM - 10:00 PM,
7416,3520,14,Sat Sun Mon Tue Wed Thur 07:00 PM - 09:00 PM,
7418,3521,14,Sat Sun Mon Tue Wed Thur 08:00 PM - 10:00 PM,
7420,3521,287,,
7421,3522,14,Sat Sun Mon Tue Wed Thur 06:00 PM - 08:00 PM,
7423,3523,14,Sat Sun Mon Tue Wed Thur 04:00 PM - 06:00 PM,
7425,3524,14,Sat Mon Tue Wed Thur 07:00 PM - 09:00 PMSun 07:00 PM - 08:00 PM,
7427,3525,14,Sat Sun Mon Tue Wed Thur 07:00 PM - 09:00 PM,
7429,3526,14,Sat Sun Mon Tue Wed Thur 08:00 PM - 10:00 PM,
7431,3527,14,Sat Sun Mon Tue Wed Thur 07:00 PM - 09:00 PM,
7433,3528,14,Sat Sun Mon Tue Wed Thur 04:00 PM - 06:00 PM,
7435,3529,14,Sat Sun Mon Tue Wed Thur 06:00 PM - 08:00 PM,
7437,3530,14,Sat Sun Mon Tue Wed Thur 06:00 PM - 08:00 PM,
7439,3531,14,Sat Sun Mon Tue Wed Thur 07:00 PM - 09:00 PM,
7441,3532,14,Sat Sun Mon Tue Wed Thur 04:00 PM - 06:00 PM,
7443,3533,14,Sat Sun Mon Tue Wed Thur 06:00 PM - 08:00 PM,
7445,3534,14,Sat Sun Mon Tue Wed Thur 07:00 PM - 09:00 PM,
7447,3535,14,Sat Sun Mon Tue Wed Thur 07:00 PM - 09:00 PM,
7449,3536,14,Sat Sun Mon Tue Wed Thur 08:00 PM - 10:00 PM,
7451,3537,14,Sat Sun Mon Tue Wed Thur 06:00 PM - 08:00 PM,
7453,3538,14,Sat Sun Mon Tue Wed Thur 07:00 PM - 09:00 PM,
7455,3539,14,Sat Sun Mon Tue Wed Thur 08:00 PM - 10:00 PM,
7457,3540,14,Sat Sun Mon Tue Wed Thur 08:00 PM - 10:00 PM,
7459,3541,14,Sat Sun Mon Tue Wed Thur 04:00 PM - 06:00 PM,
7461,3542,14,Sat Sun Mon Tue Wed Thur 08:00 PM - 10:00 PM,
7463,3543,14,Sat Sun Mon Tue Wed Thur 07:00 PM - 09:00 PM,
7465,3544,288,"Satmosjid Road, Mohammadpur (House No#1, 8 Satmasjid Road), Dhaka-1207,Bangladesh | Availability: Sat Sun M",
7467,3544,50,,
7468,3545,288,"Satmosjid Road, Mohammadpur (House No#1, 8 Satmasjid Road), Dhaka-1207,Bangladesh | Availability: Sat Sun M",
7470,3546,288,"Satmosjid Road, Mohammadpur (House No#1, 8 Satmasjid Road), Dhaka-1207,Bangladesh | Availability: Sat Sun M",
7472,3547,288,"Satmosjid Road, Mohammadpur (House No#1, 8 Satmasjid Road), Dhaka-1207,Bangladesh | Availability: Sat Sun 0",
7474,3548,288,"Satmosjid Road, Mohammadpur (House No#1, 8 Satmasjid Road), Dhaka-1207,Bangladesh | Availability: Sat Sun M",
7476,3549,288,"Satmosjid Road, Mohammadpur (House No#1, 8 Satmasjid Road), Dhaka-1207,Bangladesh | Availability: Sat Sun M",
7478,3550,121,Sat Sun Mon Tue Wed Thur 07:00 PM - 09:00 PM,
7480,3551,288,"Satmosjid Road, Mohammadpur (House No#1, 8 Satmasjid Road), Dhaka-1207,Bangladesh | Availability: Sat Sun M",
7482,3551,189,,
7483,3552,288,"Satmosjid Road, Mohammadpur (House No#1, 8 Satmasjid Road), Dhaka-1207,Bangladesh | Availability: Sat Sun M",
7485,3553,288,"Satmosjid Road, Mohammadpur (House No#1, 8 Satmasjid Road), Dhaka-1207,Bangladesh | Availability: Sat Sun M",
7487,3554,288,"Satmosjid Road, Mohammadpur (House No#1, 8 Satmasjid Road), Dhaka-1207,Bangladesh | Availability: Sat Sun M",
7489,3555,288,"Satmosjid Road, Mohammadpur (House No#1, 8 Satmasjid Road), Dhaka-1207,Bangladesh | Availability: Sat Sun M",
7491,3555,202,,
7492,3556,288,"Satmosjid Road, Mohammadpur (House No#1, 8 Satmasjid Road), Dhaka-1207,Bangladesh | Availability: Sat Sun M",
7494,3557,288,"Satmosjid Road, Mohammadpur (House No#1, 8 Satmasjid Road), Dhaka-1207,Bangladesh | Availability: Sat Sun M",
7496,3558,288,"Satmosjid Road, Mohammadpur (House No#1, 8 Satmasjid Road), Dhaka-1207,Bangladesh | Availability: Sat Sun M",
7498,3558,88,,
7499,3559,288,"Satmosjid Road, Mohammadpur (House No#1, 8 Satmasjid Road), Dhaka-1207,Bangladesh | Availability: Sat Sun M",
7501,3560,288,"Satmosjid Road, Mohammadpur (House No#1, 8 Satmasjid Road), Dhaka-1207,Bangladesh | Availability: Sat Sun M",
7503,3561,288,"Satmosjid Road, Mohammadpur (House No#1, 8 Satmasjid Road), Dhaka-1207,Bangladesh | Availability: Sat Sun M",
7505,3562,288,"Satmosjid Road, Mohammadpur (House No#1, 8 Satmasjid Road), Dhaka-1207,Bangladesh | Availability: Sat Sun M",
7507,3563,288,"Satmosjid Road, Mohammadpur (House No#1, 8 Satmasjid Road), Dhaka-1207,Bangladesh | Availability: Sat Sun M",
7509,3564,289,Sat Sun Mon Tue Wed Thur 04:00 PM - 09:00 PM,
7511,3564,57,,
7512,3565,288,"Satmosjid Road, Mohammadpur (House No#1, 8 Satmasjid Road), Dhaka-1207,Bangladesh | Availability: Sat Sun M",
7514,3566,288,"Satmosjid Road, Mohammadpur (House No#1, 8 Satmasjid Road), Dhaka-1207,Bangladesh | Availability: Sat Sun M",
7516,3567,288,"Satmosjid Road, Mohammadpur (House No#1, 8 Satmasjid Road), Dhaka-1207,Bangladesh | Availability: Sat Sun M",
7518,3568,288,"Satmosjid Road, Mohammadpur (House No#1, 8 Satmasjid Road), Dhaka-1207,Bangladesh | Availability: Sat Sun M",
7520,3569,288,"Satmosjid Road, Mohammadpur (House No#1, 8 Satmasjid Road), Dhaka-1207,Bangladesh | Availability: Sat Sun M",
7522,3570,288,"Satmosjid Road, Mohammadpur (House No#1, 8 Satmasjid Road), Dhaka-1207,Bangladesh | Availability: Sat Sun M",
7524,3571,288,"Satmosjid Road, Mohammadpur (House No#1, 8 Satmasjid Road), Dhaka-1207,Bangladesh | Availability: Sat 07:00",
7526,3572,288,"Satmosjid Road, Mohammadpur (House No#1, 8 Satmasjid Road), Dhaka-1207,Bangladesh | Availability: Sat Sun M",
7528,3573,288,"Satmosjid Road, Mohammadpur (House No#1, 8 Satmasjid Road), Dhaka-1207,Bangladesh | Availability: Sat Sun M",
7530,3574,288,"Satmosjid Road, Mohammadpur (House No#1, 8 Satmasjid Road), Dhaka-1207,Bangladesh | Availability: Sat Sun M",
7532,3574,199,,
7533,3575,288,"Satmosjid Road, Mohammadpur (House No#1, 8 Satmasjid Road), Dhaka-1207,Bangladesh | Availability: Sat Sun M",
7535,3576,288,"Satmosjid Road, Mohammadpur (House No#1, 8 Satmasjid Road), Dhaka-1207,Bangladesh | Availability: Sat Sun M",
7537,3577,288,"Satmosjid Road, Mohammadpur (House No#1, 8 Satmasjid Road), Dhaka-1207,Bangladesh | Availability: Sat Sun M",
7539,3578,288,"Satmosjid Road, Mohammadpur (House No#1, 8 Satmasjid Road), Dhaka-1207,Bangladesh | Availability: Sat Sun M",
7541,3579,288,"Satmosjid Road, Mohammadpur (House No#1, 8 Satmasjid Road), Dhaka-1207,Bangladesh | Availability: Sat Sun M",
7543,3580,288,"Satmosjid Road, Mohammadpur (House No#1, 8 Satmasjid Road), Dhaka-1207,Bangladesh | Availability: Sat Sun M",
7545,3581,288,"Satmosjid Road, Mohammadpur (House No#1, 8 Satmasjid Road), Dhaka-1207,Bangladesh | Availability: Sat Sun M",
7547,3582,288,"Satmosjid Road, Mohammadpur (House No#1, 8 Satmasjid Road), Dhaka-1207,Bangladesh | Availability: Sat Sun M",
7549,3583,288,"Satmosjid Road, Mohammadpur (House No#1, 8 Satmasjid Road), Dhaka-1207,Bangladesh | Availability: Sat Sun M",
7551,3584,288,"Satmosjid Road, Mohammadpur (House No#1, 8 Satmasjid Road), Dhaka-1207,Bangladesh | Availability: Sat Mon W",
7553,3585,288,"Satmosjid Road, Mohammadpur (House No#1, 8 Satmasjid Road), Dhaka-1207,Bangladesh | Availability: Sat Sun M",
7555,3585,208,,
7556,3586,288,"Satmosjid Road, Mohammadpur (House No#1, 8 Satmasjid Road), Dhaka-1207,Bangladesh | Availability: Sat Sun M",
7558,3587,288,"Satmosjid Road, Mohammadpur (House No#1, 8 Satmasjid Road), Dhaka-1207,Bangladesh | Availability: Sat Sun M",
7560,3587,75,,
7561,3588,288,"Satmosjid Road, Mohammadpur (House No#1, 8 Satmasjid Road), Dhaka-1207,Bangladesh | Availability: Sat Sun M",
7563,3588,208,,
7564,3589,288,"Satmosjid Road, Mohammadpur (House No#1, 8 Satmasjid Road), Dhaka-1207,Bangladesh | Availability: Sat Sun M",
7566,3590,288,"Satmosjid Road, Mohammadpur (House No#1, 8 Satmasjid Road), Dhaka-1207,Bangladesh | Availability: Sat Sun M",
7568,3591,290,Sat Sun Mon Tue Wed Thur 08:00 PM - 10:00 PM,
7570,3592,290,Sat Sun Mon Tue Wed Thur 08:00 PM - 10:00 PM,
7572,3592,212,,
7573,3593,290,Sat Sun Mon Tue Wed Thur 07:00 PM - 09:00 PM,
7575,3594,290,Sat Sun Mon Tue Wed Thur 08:00 PM - 10:00 PM,
7577,3595,290,Sat Sun Mon Tue Wed Thur 08:00 PM - 10:00 PM,
7579,3596,290,Sat Sun Mon Tue Wed Thur 07:00 PM - 09:00 PM,
7581,3597,290,Sat Sun Mon Tue Wed Thur 07:00 PM - 09:00 PM,
7583,3598,290,Sat Sun Mon Tue Wed Thur 04:00 PM - 06:00 PM,
7585,3599,290,Sat Sun Mon Tue Wed Thur 07:00 PM - 09:00 PM,
7587,3600,290,Sat Sun Mon Tue Wed Thur 07:00 PM - 09:00 PM,
7589,3600,141,,
7590,3601,290,Sat Sun Mon Tue Wed Thur 07:00 PM - 09:00 PM,
7592,3601,115,,
7593,3602,290,Sat Sun Mon Tue Wed Thur 07:00 PM - 09:00 PM,
7595,3603,290,Sat Sun Mon Tue Wed Thur 08:00 PM - 10:00 PM,
7597,3603,118,,
7598,3603,50,,
7599,3604,290,Sat Sun Mon Tue Wed Thur 04:00 PM - 06:00 PM,
7601,3605,290,Sat Sun Mon Tue Wed Thur 04:00 PM - 07:00 PM,
7603,3605,291,,
7604,3605,75,,
7605,3606,290,Sat Sun Mon Tue Wed Thur 04:00 PM - 06:00 PM,
7607,3607,290,Sat Sun Mon Tue Wed Thur 08:00 PM - 10:00 PM,
7609,3608,290,Sat Sun Mon Tue Wed Thur 07:00 PM - 09:00 PM,
7611,3609,290,Sat Sun Mon Tue Wed Thur 08:00 PM - 10:00 PM,
7613,3610,290,Sat Sun Mon Tue Wed Thur 08:00 PM - 10:00 PM,
7615,3610,233,,
7616,3611,290,Sat Sun Mon Tue Wed Thur 07:00 PM - 09:00 PM,
7618,3612,290,Sat Sun Mon Tue Wed Thur 07:00 PM - 09:00 PM,
7620,3612,215,,
7621,3613,290,Sat Sun Mon Tue Wed Thur 07:00 PM - 09:00 PM,
7623,3614,290,Sat Sun Mon Tue Wed Thur 10:00 AM - 02:00 PM,
7625,3614,137,,
7626,3615,290,Sat Sun Mon Tue Wed Thur 10:00 AM - 01:00 PM,
7628,3616,290,Sat Sun Mon Tue Wed Thur 04:00 PM - 06:00 PM,
7630,3617,290,Sat Sun Mon Tue Wed Thur 07:00 PM - 09:00 PM,
7632,3618,290,Sat Sun Mon Tue Wed Thur 08:00 PM - 10:00 PM,
7634,3619,290,Sat Sun Mon Tue Wed Thur 04:00 PM - 06:00 PM,
7636,3619,20,,
7637,3620,290,Sat Sun Mon Tue Wed 01:00 PM - 03:00 PM,
7639,3621,290,Sat Sun Mon Tue Wed Thur 08:00 PM - 09:00 PM,
7641,3622,290,Sat Mon Wed 8:00 AM - 02:00 PM,
7643,3623,290,Sun Tue Wed Thur 8:00 AM - 02:00 PM,
7645,3624,290,Sat Sun Mon Tue Wed Thur 07:00 PM - 09:00 PM,
7647,3625,33,Sat Sun Mon Tue Wed Thur 01:00 PM - 03:00 PM,
7649,3626,290,Thur Fri 07:00 PM - 08:00 PM,
7651,3626,126,,
7652,3627,82,Sun Tue Thur 06:00 PM - 08:00 PM,
7654,3627,290,Sat Sun Mon Tue Wed Thur 05:00 PM - 06:00 PM,
7655,3627,232,,
7656,3628,82,Sat Sun Mon Tue Wed Thur 11:00 AM - 01:00 PM,
7658,3629,82,Sat Sun Mon Tue Wed Thur 9:00 AM - 02:00 PM,
7660,3630,82,Sat Sun Mon Tue Wed Thur 9:00 AM - 02:00 PM,
7662,3631,82,Mon Tue Wed Thur 04:00 PM - 10:00 PM,
7664,3632,82,Sat Sun Mon Tue Wed Thur 08:00 PM - 09:00 PM,
7666,3633,82,Sat Sun Mon Tue Wed Thur 08:00 PM - 09:00 PM,
7668,3634,82,Sat Sun Mon Tue Wed Thur 05:00 PM - 08:00 PM,
7670,3635,82,Sat Sun Mon Tue Wed Thur 07:00 PM - 09:00 PM,
7672,3636,82,Sat Sun Mon Tue Wed Thur 9:00 AM - 01:00 PM,
7674,3637,82,Sat Sun Tue Wed 06:00 PM - 09:00 PM,
7676,3638,82,Sat Sun Mon Tue Wed Thur 06:00 PM - 09:00 PM,
7678,3639,82,Sat Sun Mon Tue Wed Thur 9:00 AM - 02:00 PM,
7680,3640,82,Sun Mon Tue Wed Thur 9:00 AM - 02:00 PM,
7682,3640,186,,
7683,3641,82,Sat Mon Wed 9:00 AM - 02:00 PM,
7685,3641,22,,
7686,3642,292,Sat Sun Mon Tue Wed Thur 08:00 PM - 10:00 PM,
7688,3642,161,,
7689,3643,292,Sat Sun Mon Tue Wed Thur 06:00 PM - 08:00 PM,
7691,3644,292,Sat Mon Tue 06:00 PM - 08:00 PM,
7693,3645,292,Sat Sun Mon Tue Wed Thur 08:00 PM - 10:00 PM,
7695,3645,193,,
7696,3646,37,Sat Sun Mon Tue Wed Thur 07:00 PM - 09:00 PM,
7698,3647,292,Sat Sun Mon Tue Wed Thur 07:00 PM - 09:00 PM,
7700,3648,292,Sat Sun Mon Tue Wed Thur 07:00 PM - 09:00 PM,
7702,3649,292,Sat Sun Mon Tue Wed Thur 06:00 PM - 08:00 PM,
7704,3650,292,Sat Sun Mon Tue Wed Thur 07:00 PM - 09:00 PM,
7706,3651,292,Sat Sun Mon Tue Wed Thur 08:00 PM - 10:00 PM,
7708,3652,292,Sat Sun Mon Tue Wed Thur 07:00 PM - 09:00 PM,
7710,3653,292,Sat Tue Wed Thur 08:00 PM - 10:00 PMSun Mon 07:00 PM - 10:00 PM,
7712,3654,292,Sat Sun Mon Tue Wed Thur 07:00 PM - 09:00 PM,
7714,3655,292,Sat Sun Mon Tue Wed Thur 07:00 PM - 09:00 PM,
7716,3656,292,Sat Sun Mon Tue Wed Thur 07:00 PM - 09:00 PM,
7718,3657,292,Sat Sun Mon Tue Wed Thur 08:00 PM - 10:00 PM,
7720,3658,292,Sat Sun Mon Tue Wed Thur 06:00 PM - 08:00 PM,
7722,3659,292,Sat Sun Mon Tue Wed Thur 07:00 PM - 09:00 PM,
7724,3660,292,Sat Sun Mon Tue Wed Thur 8:00 AM - 04:00 PM,
7726,3661,293,"Monno Medical College & Hospital Ltd.Monno City, Gilondo, Dhaka-1840,Bangladesh | Availability: Sat Sun Mon",
7728,3662,293,"Monno Medical College & Hospital Ltd.Monno City, Gilondo, Dhaka-1840,Bangladesh | Availability: Sat Sun Thu",
7730,3663,293,"Monno Medical College & Hospital Ltd.Monno City, Gilondo, Dhaka-1840,Bangladesh | Availability: Sat Sun Mon",
7732,3664,293,"Monno Medical College & Hospital Ltd.Monno City, Gilondo, Dhaka-1840,Bangladesh | Availability: Tue Wed Thu",
7734,3665,293,"Monno Medical College & Hospital Ltd.Monno City, Gilondo, Dhaka-1840,Bangladesh | Availability: Sat Sun Mon",
7736,3666,293,"Monno Medical College & Hospital Ltd.Monno City, Gilondo, Dhaka-1840,Bangladesh | Availability: Sun Tue Wed",
7738,3667,293,"Monno Medical College & Hospital Ltd.Monno City, Gilondo, Dhaka-1840,Bangladesh | Availability: Sun Mon Tue",
7740,3668,293,"Monno Medical College & Hospital Ltd.Monno City, Gilondo, Dhaka-1840,Bangladesh | Availability: Sun Mon Tue",
7742,3669,293,"Monno Medical College & Hospital Ltd.Monno City, Gilondo, Dhaka-1840,Bangladesh | Availability: Sat Sun Mon",
7744,3670,293,"Monno Medical College & Hospital Ltd.Monno City, Gilondo, Dhaka-1840,Bangladesh | Availability: Sun Mon Tue",
7746,3671,293,"Monno Medical College & Hospital Ltd.Monno City, Gilondo, Dhaka-1840,Bangladesh | Availability: Sat Sun Mon",
7748,3672,293,"Monno Medical College & Hospital Ltd.Monno City, Gilondo, Dhaka-1840,Bangladesh | Availability: Sat Sun Mon",
7750,3673,293,"Monno Medical College & Hospital Ltd.Monno City, Gilondo, Dhaka-1840,Bangladesh | Availability: Sat Sun Mon",
7752,3674,293,"Monno Medical College & Hospital Ltd.Monno City, Gilondo, Dhaka-1840,Bangladesh | Availability: Sat Sun Mon",
7754,3675,293,"Monno Medical College & Hospital Ltd.Monno City, Gilondo, Dhaka-1840,Bangladesh | Availability: Tue Wed Thu",
7756,3676,293,"Monno Medical College & Hospital Ltd.Monno City, Gilondo, Dhaka-1840,Bangladesh | Availability: Tue Wed Thu",
7758,3677,293,"Monno Medical College & Hospital Ltd.Monno City, Gilondo, Dhaka-1840,Bangladesh | Availability: Sun Tue Thu",
7760,3678,293,"Monno Medical College & Hospital Ltd.Monno City, Gilondo, Dhaka-1840,Bangladesh | Availability: Sat Sun Mon",
7762,3679,293,"Monno Medical College & Hospital Ltd.Monno City, Gilondo, Dhaka-1840,Bangladesh | Availability: Sat Sun Mon",
7764,3680,293,"Monno Medical College & Hospital Ltd.Monno City, Gilondo, Dhaka-1840,Bangladesh | Availability: Sat Mon Wed",
7766,3681,293,"Monno Medical College & Hospital Ltd.Monno City, Gilondo, Dhaka-1840,Bangladesh | Availability: Mon Tue Wed",
7768,3682,293,"Monno Medical College & Hospital Ltd.Monno City, Gilondo, Dhaka-1840,Bangladesh | Availability: Sun Tue Fri",
7770,3683,293,"Monno Medical College & Hospital Ltd.Monno City, Gilondo, Dhaka-1840,Bangladesh | Availability: Sat Thur Fr",
7772,3684,293,"Monno Medical College & Hospital Ltd.Monno City, Gilondo, Dhaka-1840,Bangladesh | Availability: Tue Wed Thu",
7774,3685,293,"Monno Medical College & Hospital Ltd.Monno City, Gilondo, Dhaka-1840,Bangladesh | Availability: Tue Wed Thu",
7776,3686,293,"Monno Medical College & Hospital Ltd.Monno City, Gilondo, Dhaka-1840,Bangladesh | Availability: Mon Tue Wed",
7778,3687,293,"Monno Medical College & Hospital Ltd.Monno City, Gilondo, Dhaka-1840,Bangladesh | Availability: Sat Sun Mon",
7780,3688,293,"Monno Medical College & Hospital Ltd.Monno City, Gilondo, Dhaka-1840,Bangladesh | Availability: Sat Sun Mon",
7782,3689,293,"Monno Medical College & Hospital Ltd.Monno City, Gilondo, Dhaka-1840,Bangladesh | Availability: Sun Mon Tue",
7784,3690,293,"Monno Medical College & Hospital Ltd.Monno City, Gilondo, Dhaka-1840,Bangladesh | Availability: Sat Sun Mon",
7786,3691,293,"Monno Medical College & Hospital Ltd.Monno City, Gilondo, Dhaka-1840,Bangladesh | Availability: Sat Tue Wed",
7788,3692,293,"Monno Medical College & Hospital Ltd.Monno City, Gilondo, Dhaka-1840,Bangladesh | Availability: Sun 8:00 AM",
7790,3693,293,"Monno Medical College & Hospital Ltd.Monno City, Gilondo, Dhaka-1840,Bangladesh | Availability: Sat Sun Mon",
7792,3693,118,,
7793,3694,293,"Monno Medical College & Hospital Ltd.Monno City, Gilondo, Dhaka-1840,Bangladesh | Availability: Sun Mon Tue",
7795,3695,293,"Monno Medical College & Hospital Ltd.Monno City, Gilondo, Dhaka-1840,Bangladesh | Availability: Sat Sun 8:0",
7797,3696,293,"Monno Medical College & Hospital Ltd.Monno City, Gilondo, Dhaka-1840,Bangladesh | Availability: Sat Sun Tue",
7799,3697,293,"Monno Medical College & Hospital Ltd.Monno City, Gilondo, Dhaka-1840,Bangladesh | Availability: Sat Sun Mon",
7801,3698,293,"Monno Medical College & Hospital Ltd.Monno City, Gilondo, Dhaka-1840,Bangladesh | Availability: Tue Wed Thu",
7803,3699,293,"Monno Medical College & Hospital Ltd.Monno City, Gilondo, Dhaka-1840,Bangladesh | Availability: Sat Sun Mon",
7805,3700,293,"Monno Medical College & Hospital Ltd.Monno City, Gilondo, Dhaka-1840,Bangladesh | Availability: Sat Sun Mon",
7807,3701,201,Sat Sun Mon Tue Wed Thur 07:00 PM - 09:00 PM,
7809,3702,201,Sat Sun Mon Tue Wed Thur 07:00 PM - 09:00 PM,
7811,3703,201,Sat Sun Mon Tue Wed Thur 07:00 PM - 09:00 PM,
7813,3704,201,Sat Sun Mon Tue Wed Thur 08:00 PM - 10:00 PM,
7815,3705,201,Sat Sun Mon Tue Wed Thur 06:00 PM - 09:00 PM,
7817,3706,201,Sat Sun Mon Tue Wed Thur 06:00 PM - 08:00 PM,
7819,3707,201,Sat Sun Mon Tue Wed Thur 10:00 AM - 02:00 PM,
7821,3708,201,Sat Sun Mon Tue Wed Thur 10:00 AM - 01:00 PM,
7823,3709,201,Sat Sun Mon Tue Wed Thur 04:00 PM - 06:00 PM,
7825,3710,201,Sat Sun Mon Tue Wed Thur 07:00 PM - 09:00 PM,
7827,3710,149,,
7828,3710,121,,
7829,3711,201,Sat Sun Mon Tue Wed Thur 10:00 AM - 01:00 PM,
7831,3712,201,Sat Sun Mon Tue Wed Thur 04:00 PM - 06:00 PM,
7833,3713,201,Sat Sun Mon Tue Wed Thur 06:00 PM - 09:00 PM,
7835,3714,201,Sat Sun Mon Tue Wed Thur 07:00 PM - 09:00 PM,
7837,3715,201,Sat Sun Mon Tue Wed Thur 04:00 PM - 06:00 PM,
7839,3716,201,Sat Sun Mon Tue Wed Thur 07:00 PM - 09:00 PM,
7841,3717,201,Sat Sun Mon Tue Wed Thur 08:00 PM - 10:00 PM,
7843,3718,201,Sat Sun Mon Tue Wed Thur 08:00 PM - 10:00 PM,
7845,3719,201,Sat Sun Mon Tue Wed Thur 07:00 PM - 09:00 PM,
7847,3719,234,,
7848,3720,201,Sat Sun Mon Tue Wed Thur 10:00 AM - 01:00 PM,
7850,3721,201,Sat Sun Mon Tue Wed Thur 10:00 AM - 01:00 PM,
7852,3722,201,Sat 07:00 PM - 08:00 PMSun Mon Tue Wed Thur 06:00 PM - 08:00 PM,
7854,3723,201,Sat Sun Mon Tue Wed Thur 04:00 PM - 06:00 PM,
7856,3724,201,Sat Sun Mon Tue Wed Thur 10:00 AM - 00:00 PM,
7858,3725,201,Sat Sun Mon Tue Wed Thur 04:00 PM - 07:00 PM,
7860,3726,201,Sat Sun Mon Tue Wed Thur 06:00 PM - 08:00 PM,
7862,3727,201,Sat Sun Mon Tue Wed Thur 04:00 PM - 07:00 PM,
7864,3728,201,Sat Sun Mon Tue Wed Thur 04:00 PM - 06:00 PM,
7866,3729,201,Sat Sun Mon Tue Wed Thur 07:00 PM - 08:00 PM,
7868,3730,201,Sat Sun Mon Tue Wed Thur 05:00 PM - 07:00 PM,
7870,3731,201,Sat Sun Mon Tue Wed Thur 07:00 PM - 09:00 PM,
7872,3731,127,,
7873,3732,201,Sat Sun Mon Tue Wed Thur 06:00 PM - 08:00 PM,
7875,3732,159,,
7876,3733,201,Sat Sun Mon Tue Wed Thur 04:00 PM - 06:00 PM,
7878,3733,89,,
7879,3734,201,Sat Sun Mon Tue Wed Thur 05:00 PM - 08:00 PM,
7881,3735,201,Sat Sun Mon Tue Wed Thur 04:00 PM - 07:00 PM,
7883,3735,126,,
7884,3736,201,Sat Sun Mon Tue Wed Thur 07:00 PM - 09:00 PM,
7886,3737,201,Sat Sun Mon Tue Wed Thur 08:00 PM - 10:00 PM,
7888,3738,294,Sat Sun Mon Tue Wed Thur 06:00 PM - 10:00 PM,
7890,3739,201,Sat Sun Mon Tue Wed Thur 06:00 PM - 08:00 PM,
7892,3740,201,Sat Sun Mon Tue Wed Thur 05:00 PM - 08:00 PM,
7894,3741,201,Sat Sun Mon Tue Wed Thur 07:00 PM - 09:00 PM,
7896,3741,154,"Monsur Ali Medical College & HospitalPlot# 26 & 26/A, Road # 10, Sector # 11, Uttara Model Town, Dhaka-",
7897,3742,295,Sat Sun Mon Tue Wed Thur 10:00 AM - 01:00 PM,
7899,3743,295,Sat Sun Mon Tue Wed Thur 10:00 AM - 01:00 PM,
7901,3744,295,Sat Sun Mon Tue Wed Thur 06:00 PM - 07:00 PM,
7903,3745,295,Sat Sun Mon Tue Wed Thur 06:00 PM - 08:00 PM,
7905,3746,295,Sat Sun Mon Tue Wed Thur 06:00 PM - 09:00 PM,
7907,3747,295,Sat Sun Mon Tue Wed Thur 10:00 AM - 02:00 PM,
7909,3748,295,Sat Sun Mon Tue Wed Thur 07:00 PM - 09:00 PM,
7911,3748,5,,
7912,3749,295,Sat Sun Mon Tue Wed Thur 04:00 PM - 07:00 PM,
7914,3750,295,Sat Sun Mon Tue Wed Thur 06:00 PM - 09:00 PM,
7916,3751,295,Sat Sun Mon Tue Wed Thur 02:00 PM - 05:00 PM,
7918,3752,295,Sat 05:00 PM - 08:00 PMSun Mon Tue Wed Thur 05:00 PM - 09:00 PM,
7920,3753,295,Sat Sun Mon Tue Wed Thur 06:00 PM - 08:00 PM,
7922,3753,93,,
7923,3753,75,,
7924,3754,295,Sat Sun Mon Tue Wed Thur 04:00 PM - 07:00 PM,
7926,3755,295,Sat Sun Mon Tue Wed Thur 04:00 PM - 06:00 PM,
7928,3756,295,Sat Sun Mon Tue Wed Thur 07:00 PM - 09:00 PM,
7930,3756,117,,
7931,3757,295,Sat Sun Mon Tue Wed Thur 10:00 AM - 01:00 PM,
7933,3758,295,Sat Sun Mon Tue Wed Thur 06:00 PM - 08:00 PM,
7935,3759,295,Sat Sun Mon Tue Wed Thur 05:00 PM - 07:00 PM,
7937,3759,189,,
7938,3760,295,Sat Sun Mon Tue Wed Thur 9:00 AM - 10:30 AM,
7940,3760,20,,
7941,3761,295,Sat Sun Mon Tue Wed Thur 11:00 AM - 01:00 PM,
7943,3762,295,Sat Mon Tue Wed Thur 05:00 PM - 09:00 PMSun 03:00 PM - 05:00 PM,
7945,3763,295,Sat Sun Mon Tue Wed Thur 05:00 PM - 07:00 PM,
7947,3764,295,Sat Sun Mon Tue Wed Thur 02:00 PM - 03:00 PM,
7949,3765,295,Sat Sun Mon Tue Wed Thur 08:00 PM - 09:00 PM,
7951,3766,295,Sat Sun Mon Tue Wed Thur 05:00 PM - 09:00 PM,
7953,3767,295,Sat Sun Mon Tue Wed Thur 04:00 PM - 06:00 PM,
7955,3767,20,,
7956,3768,295,Sat Sun Mon Tue Wed Thur 06:00 PM - 09:00 PM,
7958,3769,189,Sat Sun Mon Tue Wed Thur 06:00 PM - 09:00 PM,
7960,3770,295,Sat Sun Mon Tue Wed Thur 07:00 PM - 09:00 PM,
7962,3770,20,,
7963,3771,295,Sat Sun Mon Wed Thur 05:00 PM - 09:00 PM,
7965,3772,295,Sat Sun Mon Tue Wed Thur 04:00 PM - 07:00 PM,
7967,3773,189,Sat Sun Mon Tue Wed Thur 04:00 PM - 06:00 PM,
7969,3773,53,,
7970,3774,295,Sat Mon Wed 07:00 PM - 09:00 PM,
7972,3775,295,Sat Sun Mon Tue Wed Thur 06:00 PM - 08:00 PM,
7974,3776,296,Sun Mon Tue Thur Fri 07:00 PM - 09:00 PM,
7976,3777,296,Sat Sun Mon Tue Wed Thur 06:00 PM - 09:00 PM,
7978,3778,296,Sat Sun Mon Tue Wed Thur 05:00 PM - 07:00 PM,
7980,3779,296,Sat Sun Mon Tue Wed Thur 08:00 PM - 10:00 PM,
7982,3780,296,Sat Sun Mon Tue Wed Thur 05:00 PM - 08:00 PM,
7984,3781,296,Thur 05:00 PM - 07:00 PM,
7986,3781,215,,
7987,3782,296,Sat Sun Mon Tue Wed Thur 05:00 PM - 07:00 PM,
7989,3783,296,Sat Sun Mon Tue Wed Thur 05:00 PM - 07:00 PM,
7991,3784,296,Sat Mon Wed 07:00 PM - 08:00 PM,
7993,3785,296,Sun Thur 04:00 PM - 06:00 PM,
7995,3786,296,Sat Sun Mon Tue Wed Thur 8:30 AM - 00:30 PM,
7997,3787,297,Sat Sun Mon Tue Wed Thur 08:00 PM - 11:59 PM,
7999,3787,130,,
8000,3787,52,Sat Sun Mon Tue Wed Thur 08:00 PM - 11:59 PM,New: 500 | Follow-up: 250
8001,3788,118,Sun Tue Thur 04:00 PM - 06:00 PM,
8003,3789,297,Sat Sun Mon Tue Wed Thur 11:00 AM - 05:00 PM,
8005,3790,296,Sun Mon Tue Wed 07:00 PM - 09:00 PM,
8007,3791,296,Sat Sun Mon Tue Wed Thur 10:00 AM - 02:00 PM,
8009,3792,296,Tue Wed 07:00 PM - 09:00 PM,
8011,3793,141,,
8013,3794,198,Sat Sun 06:00 PM - 08:00 PMMon 04:00 PM - 09:00 PMTue Wed 04:00 PM - 06:00 PMThur 04:00 PM - 08:00 PMFr,
8015,3795,198,Sat Sun Mon Tue Wed Thur 08:00 PM - 10:00 PM,
8017,3796,198,Mon Wed 06:00 PM - 09:00 PM,
8019,3797,198,Sat 00:00 PM - 08:00 PMSun 00:00 PM - 04:00 PMTue Thur 00:00 PM - 06:00 PMWed 00:00 PM - 07:00 PM Book,
8021,3797,22,,
8022,3798,198,Sun Tue Thur 05:00 PM - 06:00 PM,
8024,3798,206,,
8025,3798,146,,
8026,3799,198,Sat Tue 8:00 AM - 04:00 PMSun 8:00 AM - 08:00 PMMon 00:00 PM - 08:00 PM,
8028,3800,198,Sun 00:00 PM - 04:00 PMMon 00:00 PM - 11:00 PMTue 8:00 AM - 08:00 PMWed 04:00 PM - 11:00 PMFri 8:00 AM,
8030,3801,198,Thur 8:00 AM - 06:00 PMFri 10:00 AM - 00:00 PM,
8032,3802,198,Sat Sun 10:00 AM - 01:00 PMMon Tue Thur 10:00 AM - 02:00 PMWed 00:00 PM - 02:00 PM,
8034,3803,198,Sat 10:00 AM - 00:00 PMMon 10:00 AM - 01:00 PMWed 00:00 PM - 08:00 PMThur 10:00 AM - 02:00 PM,
8036,3804,198,Sat 04:00 PM - 10:00 PMSun Tue Thur 8:00 AM - 06:00 PMMon 02:00 PM - 08:00 PM,
8038,3805,198,Sat Wed 07:00 PM - 09:00 PMSun Mon 05:00 PM - 09:00 PMTue 03:00 PM - 11:00 PMThur 07:00 PM - 10:00 PMFr,
8040,3805,201,,
8041,3806,198,Sun 03:00 PM - 09:00 PMTue Wed Thur 03:00 PM - 05:00 PM,
8043,3807,198,Sat 06:00 PM - 08:00 PMSun 07:00 PM - 08:00 PMMon 08:00 PM - 10:00 PMTue 07:00 PM - 09:00 PMWed 05:00 P,
8045,3808,198,Sun 00:00 PM - 01:00 PMMon 03:00 PM - 09:00 PMTue 10:00 AM - 01:00 PMWed 10:00 AM - 11:00 AM,
8047,3809,198,Sat Sun Mon Tue Wed Thur 06:00 PM - 09:00 PM,
8049,3810,198,Sat Sun Mon Tue Wed Thur 07:00 PM - 09:00 PM,
8051,3811,198,Sun Tue Wed Thur 04:00 PM - 06:00 PMMon 04:00 PM - 08:00 PM,
8053,3812,198,Sun Tue Thur 06:00 PM - 08:00 PM,
8055,3813,198,Sat Sun 10:00 AM - 08:00 PMMon Wed 06:00 PM - 08:00 PMTue 04:00 PM - 08:00 PMThur 00:00 PM - 06:00 PM B,
8057,3814,198,Sat Tue 04:00 PM - 06:00 PMMon 02:00 PM - 05:00 PMWed 00:00 PM - 08:00 PMThur 04:00 PM - 08:00 PM Book,
8059,3814,200,,
8060,3815,198,Sat 04:00 PM - 10:00 PMSun Tue Thur 10:00 AM - 00:00 PMMon Wed 06:00 PM - 08:00 PMFri 06:00 PM - 10:00,
8062,3816,198,Sun 02:00 PM - 10:00 PMMon 10:00 AM - 00:00 PMTue 00:00 PM - 08:00 PMWed 10:00 AM - 02:00 PMThur Fri 8:,
8064,3817,198,Sat Sun Mon Tue 06:00 PM - 08:00 PMWed 04:00 PM - 10:00 PMThur Fri 06:00 PM - 10:00 PM,
8066,3818,198,Sat 10:00 AM - 02:00 PMSun 04:00 PM - 08:00 PMThur 04:00 PM - 06:00 PM,
8068,3819,198,Sat Wed 10:00 AM - 06:00 PMSun Mon 04:00 PM - 08:00 PMThur 04:00 PM - 10:00 PM,
8070,3820,198,Sun Wed 11:00 AM - 01:00 PMMon 03:00 PM - 08:00 PMThur 06:00 PM - 08:00 PM,
8072,3821,198,Sat Sun Mon Tue Thur 08:00 PM - 10:00 PMWed 02:00 PM - 11:00 PM,
8074,3822,198,Thur 06:00 PM - 07:00 PM,
8076,3822,201,Sat Sun Mon Tue Wed 06:00 PM - 09:00 PM,
8077,3823,198,Sat Thur 04:00 PM - 06:00 PMSun 10:00 AM - 04:00 PMMon 02:00 PM - 06:00 PMWed 00:00 PM - 02:00 PM Book,
8079,3824,198,Sat Sun Mon Tue Wed Thur Fri 06:00 PM - 10:00 PM,
8081,3825,198,Sat Sun Mon Tue Wed Thur 06:00 PM - 09:00 PM,
8083,3826,198,Sat Sun Mon Tue Wed Thur 05:00 PM - 09:00 PM,
8085,3827,198,Sun Wed 04:00 PM - 10:00 PMMon 02:00 PM - 11:00 PMTue 04:00 PM - 06:00 PMThur 04:00 PM - 08:00 PM Book,
8087,3827,115,,
8088,3828,198,Sat Sun Mon Tue Wed Thur 05:00 PM - 07:00 PM,
8090,3829,198,Sat Sun Mon Tue Wed Thur 08:00 PM - 10:00 PM,
8092,3830,198,Sun Mon Tue Wed Thur 04:00 PM - 10:00 PM,
8094,3831,198,Sat Mon Thur 8:00 AM - 04:00 PMSun 04:00 PM - 09:00 PMTue Wed Fri 02:00 PM - 10:00 PM,
8096,3832,198,Sun Mon Wed Thur 8:00 AM - 02:00 PMTue 00:00 PM - 02:00 PM,
8098,3833,198,Sat 02:00 PM - 09:00 PMSun Tue Wed 8:00 AM - 04:00 PMMon 00:00 PM - 04:00 PMThur 02:00 PM - 10:00 PM Bo,
8100,3834,198,Sat Sun Tue Wed Thur Fri 04:00 PM - 09:00 PMMon 8:00 AM - 04:00 PM,
8102,3835,198,Sat 02:00 PM - 04:00 PMSun Thur 8:00 AM - 04:00 PMMon Wed 02:00 PM - 10:00 PMTue 10:00 AM - 04:00 PMFri,
8104,3836,198,Sat Sun Mon Tue Wed Thur 07:00 PM - 09:00 PM,
8106,3837,198,Sat 10:00 AM - 0:00 AMWed 10:00 AM - 07:00 PM,
8108,3838,198,Sat Sun Mon Tue Wed Thur 08:00 PM - 10:00 PM,
8110,3838,146,,
8111,3839,198,Sat Sun Mon Tue Wed Thur 06:00 PM - 11:00 PM,
8113,3840,198,Sat Tue Wed Thur Fri 04:00 PM - 09:00 PM,
8115,3841,198,Sun Mon 02:00 PM - 04:00 PMWed Fri 08:00 PM - 10:00 PM,
8117,3841,141,,
8118,3842,198,Sat Sun Mon Tue Wed Thur 06:00 PM - 08:00 PM,
8120,3843,198,Sat Sun Mon Tue Wed 04:00 PM - 07:00 PMThur 04:00 PM - 04:00 PM,
8122,3844,198,Sat Sun Mon Tue Wed Thur 06:00 PM - 08:00 PM,
8124,3844,20,Sat Sun 08:00 PM - 10:00 PM,
8125,3845,198,Sat Sun Mon Tue Wed Thur 10:00 AM - 01:00 PM,
8127,3846,198,Fri 04:00 PM - 05:00 PM,
8129,3847,198,Sat Sun Mon Tue Wed 02:00 PM - 09:00 PM,
8131,3848,198,Mon Tue Wed Thur 10:00 AM - 01:00 PM,
8133,3848,141,,
8134,3849,198,Sat Mon Tue Wed 10:00 AM - 01:00 PM,
8136,3850,198,Sat Sun Mon Tue Wed Thur 08:00 PM - 10:00 PM,
8138,3850,149,,
8139,3851,198,Sat Sun Mon Tue Wed Thur 08:00 PM - 10:00 PM,
8141,3852,198,Sat Mon Wed 02:00 PM - 08:00 PM,
8143,3853,198,Sat Mon Thur Fri 02:00 PM - 05:00 PM,
8145,3854,198,Sat Sun Mon Tue Wed Thur 06:00 PM - 08:00 PM,
8147,3855,298,Sat Sun Mon Tue Wed Thur 04:00 PM - 06:00 PM,
8149,3856,298,Sat Sun Mon Tue Wed Thur 07:00 PM - 09:00 PM,
8151,3856,231,,
8152,3856,87,,
8153,3857,298,Sat Sun Mon Tue Wed 06:00 PM - 08:00 PMThur 04:00 PM - 08:00 PM,
8155,3858,298,Sat Sun Mon Tue Wed Thur 06:00 PM - 09:00 PM,
8157,3859,298,Sat Sun Mon Tue Wed Thur 04:00 PM - 07:00 PM,
8159,3860,298,Sat Sun Mon Tue Wed Thur 06:00 PM - 08:00 PM,
8161,3861,298,Sat Sun Mon Tue Wed Thur 06:00 PM - 08:00 PM,
8163,3861,206,,
8164,3862,298,Sat Sun Mon Tue Wed Thur 06:00 PM - 08:00 PM,
8166,3863,298,Sat Sun Mon Tue Wed Thur 05:00 PM - 08:00 PM,
8168,3864,298,Sat Sun Mon Tue Wed Thur 02:00 PM - 05:00 PM,
8170,3865,298,Sat Sun Mon Tue Wed Thur 06:00 PM - 08:00 PM,
8172,3866,298,Sat Sun Mon Tue Wed Thur 05:00 PM - 08:00 PM,
8174,3867,298,Sat Sun Mon Tue Wed Thur 04:00 PM - 06:00 PM,
8176,3868,298,Sat Sun Mon Tue Wed Thur 05:00 PM - 07:00 PM,
8178,3869,298,Sat Sun Mon Tue Wed Thur 06:00 PM - 09:00 PM,
8180,3870,298,Sat Sun Mon Tue Wed Thur 04:00 PM - 07:00 PM,
8182,3871,298,Sat Sun Mon Tue Wed Thur 06:00 PM - 09:00 PM,
8184,3871,231,,
8185,3872,298,Sat Sun Mon Tue Wed Thur 08:00 PM - 10:00 PM,
8187,3873,298,Sat Sun Mon Tue Wed Thur 04:00 PM - 07:00 PM,
8189,3874,298,Sat Tue 06:00 PM - 09:00 PM,
8191,3875,298,Sat Sun Mon Tue Wed Thur 04:00 PM - 06:00 PM,
8193,3876,118,Sat Sun Mon Tue Wed Thur 07:00 PM - 09:00 PM,
8195,3877,298,Sat Sun Mon Tue Wed 07:00 PM - 09:00 PM,
8197,3878,298,Sat Sun Mon Tue Wed Thur 07:00 PM - 09:00 PM,
8199,3879,298,Sat Sun Mon Tue Wed 05:00 PM - 07:00 PM,
8201,3880,298,Sat Sun Mon Tue Wed 06:00 PM - 09:00 PM,
8203,3881,298,Sat Mon Wed 07:00 PM - 09:00 PM,
8205,3882,298,Sat Sun Mon Tue Wed 07:00 PM - 09:00 PM,
8207,3883,298,Sat Sun Mon Tue Wed Thur 07:00 PM - 09:00 PM,
8209,3884,298,Sat Sun Mon Tue Wed 07:00 PM - 09:00 PM,
8211,3885,298,Sun Mon Wed Thur 04:00 PM - 06:00 PM,
8213,3886,298,Sat Sun Mon Tue Wed Thur 06:00 PM - 09:00 PM,
8215,3887,298,Sat Sun Mon Tue Wed Thur 06:00 PM - 08:00 PM,
8217,3888,298,Sat Sun Mon Tue Wed Thur 07:00 PM - 09:00 PM,
8219,3889,298,Sat Sun Mon Tue Wed 07:30 PM - 09:00 PM,
8221,3890,299,Sun Mon Thur 06:00 PM - 08:00 PM,
8223,3891,299,Sat 07:00 PM - 10:00 PM,
8225,3891,121,,
8226,3892,299,Sat Sun Mon Tue Wed 06:00 PM - 08:00 PM,
8228,3892,162,,
8229,3893,299,Sat Sun Tue Wed 07:30 PM - 09:00 PM,
8231,3894,299,Sat Sun Mon Tue Wed Thur 03:00 PM - 06:00 PM,
8233,3895,299,Sat Sun Mon Tue Wed 02:30 PM - 06:00 PM,
8235,3895,130,,
8236,3896,299,Sat Sun Wed 06:00 PM - 08:00 PM,
8238,3897,299,Sat Mon Wed 02:30 PM - 06:00 PM,
8240,3898,299,Sat Sun Mon Tue Wed 06:30 PM - 09:00 PM,
8242,3899,299,Sat Sun Mon Wed 06:00 PM - 09:00 PM,
8244,3900,299,Sat Sun Mon Tue Wed 01:30 PM - 05:00 PM,
8246,3901,300,Sat Sun Mon Tue Wed Thur 06:00 PM - 08:00 PM,
8248,3902,300,Sat Sun Mon Tue Wed Thur 03:00 PM - 09:00 PM,
8250,3903,300,Sat Sun Mon Tue Wed Thur 8:00 AM - 02:00 PM,
8252,3904,300,Sat Sun Mon Tue Wed Thur 10:00 AM - 04:00 PM,
8254,3905,300,Sat Sun Mon Tue Wed Thur 04:00 PM - 09:00 PM,
8256,3906,300,Sat Sun Mon Tue Wed Thur 10:00 AM - 04:00 PM,
8258,3907,300,Sat Sun Mon Tue Wed Thur 06:00 PM - 09:00 PM,
8260,3908,300,Sat Sun Mon Tue Wed Thur 03:00 PM - 08:00 PM,
8262,3909,300,Sat Sun Mon Tue Wed Thur 05:30 PM - 09:00 PM,
8264,3910,300,Sat Sun Mon Tue Wed Thur 9:00 AM - 09:00 PM,
8266,3911,300,Sat Sun Mon Tue Wed Thur 06:30 PM - 09:00 PM,
8268,3911,86,"Monipuripara, Farmgate, Dhaka-1215,Bangladesh | Availability: ",
8269,3912,300,Sat Sun Mon Tue Wed Thur 06:30 PM - 09:00 PM,
8271,3913,300,Tue 04:00 PM - 07:00 PM,
8273,3913,223,,
8274,3914,300,Sun Tue Thur 05:00 PM - 07:00 PM,
8276,3915,300,Sat Sun Mon Tue Wed Thur 07:00 PM - 09:00 PM,
8278,3916,300,Sat Tue Thur 05:00 PM - 09:00 PM,
8280,3917,300,Sat Sun Mon Tue Wed 06:00 PM - 08:30 PM,
8282,3918,300,Sat Mon Wed 04:00 PM - 06:00 PM,
8284,3919,300,Sat Mon Wed Thur 04:00 PM - 06:00 PM,
8286,3919,20,,
8287,3920,300,Sat Sun Mon Tue Wed Thur 05:00 PM - 08:00 PM,
8289,3921,300,Sat Sun Mon Tue Wed Thur 05:00 PM - 09:00 PM,
8291,3922,300,Sat Sun Mon Tue Wed 07:00 PM - 09:00 PM,
8293,3922,50,,
8294,3923,300,Sun Mon Tue Wed 04:00 PM - 06:00 PM,
8296,3924,300,Sat Sun Mon 04:00 PM - 06:00 PM,
8298,3925,300,Sat Sun Mon Tue Wed Thur 04:00 PM - 06:00 PM,
8300,3926,300,Sat Sun Mon Tue Wed Thur 07:00 PM - 09:00 PM,
8302,3927,300,Sat Mon Wed 06:00 PM - 09:00 PM,
8304,3928,300,Fri 9:00 AM - 00:00 PM,
8306,3929,300,Sat Sun Mon Tue Wed Thur 06:00 PM - 09:00 PM,
8308,3930,300,Sat Sun Mon 06:00 PM - 08:30 PM,
8310,3931,300,Sat Mon Wed 07:00 PM - 09:30 PM,
8312,3931,161,,
8313,3932,300,Sat Sun Mon Tue Wed Thur 06:00 PM - 08:00 PM,
8315,3932,213,,
8316,3933,300,Sat Sun Mon Tue Wed Thur 10:00 PM - 11:00 PM,
8318,3934,300,Mon Thur 06:00 PM - 08:00 PM,
8320,3935,300,Sat Mon Wed 02:00 PM - 06:00 PM,
8322,3936,300,Sat Mon Wed 05:30 PM - 09:00 PM,
8324,3936,20,,
8325,3937,300,Sat Sun Mon Tue 07:00 PM - 08:30 PM,
8327,3938,222,Sun Tue Thur 07:00 PM - 09:00 PM,
8329,3939,300,Sat Sun Mon Tue Wed Thur 07:00 PM - 09:00 PM,
8331,3940,300,Sat Sun Mon Tue Wed Thur 04:30 PM - 09:00 PM,
8333,3941,300,Sat Sun Mon Tue Wed Thur 06:00 PM - 08:00 PM,
8335,3942,300,Sat Wed Thur 07:00 PM - 09:30 PMMon 07:00 PM - 09:00 PM,
8337,3943,300,Sat Sun Mon Tue Wed Thur 04:00 PM - 09:00 PM,
8339,3944,237,Sat Sun Mon Tue Wed Thur 03:00 PM - 08:00 PM,
8341,3945,237,Sat Sun Mon Tue Wed Thur 04:00 PM - 08:00 PM,
8343,3946,237,Sat Sun Mon Tue Wed Thur 06:00 PM - 08:00 PM,
8345,3947,237,Sat Sun Mon Tue Wed Thur 04:00 PM - 07:00 PM,
8347,3948,237,Sat Sun Mon Tue Wed Thur 05:00 PM - 08:00 PM,
8349,3949,237,Sat Sun Mon Tue Wed Thur 02:00 PM - 05:00 PM,
8351,3950,237,Sat Sun Mon Tue Wed Thur 06:00 PM - 08:00 PM,
8353,3951,237,Sat Sun Mon Tue Wed Thur 07:00 PM - 09:00 PM,
8355,3952,237,Sat Sun Mon Tue Wed Thur 05:00 PM - 08:00 PM,
8357,3953,237,Sat Sun Mon Tue Wed Thur 04:00 PM - 07:00 PM,
8359,3954,237,Sat Sun Mon Tue Wed Thur 07:00 PM - 09:00 PM,
8361,3955,237,Sat Sun Mon Tue Wed Thur 11:00 AM - 00:00 PM,
8363,3956,237,Sat Sun Mon Tue Wed Thur 08:00 PM - 10:00 PM,
8365,3957,237,Sat Sun Mon Tue Wed Thur 05:00 PM - 09:00 PM,
8367,3958,237,Sat Sun Mon Tue Wed Thur 06:00 PM - 09:00 PM,
8369,3959,237,Sat Sun Mon Tue Wed Thur 04:00 PM - 06:00 PM,
8371,3960,237,Sat Sun Mon Tue Wed Thur 06:00 PM - 09:00 PM,
8373,3960,212,,
8374,3961,237,Sat Sun Mon Tue Wed Thur 04:00 PM - 07:00 PM,
8376,3962,237,Sat Sun Mon Tue Wed Thur 07:00 PM - 09:00 PM,
8378,3963,237,Sat Sun Mon Tue Wed Thur 06:00 PM - 08:00 PM,
8380,3963,117,,
8381,3964,237,Sat Sun Mon Tue Wed Thur 08:00 PM - 10:00 PM,
8383,3965,237,Sat Sun Mon Tue Wed Thur 05:00 PM - 09:00 PM,
8385,3966,176,Sat Sun Mon Tue Wed Thur 04:00 PM - 06:00 PM,
8387,3967,237,Sat Sun Mon Tue Wed Thur 06:00 PM - 09:00 PM,
8389,3968,237,Sat Sun Mon Tue Wed Thur 08:00 PM - 10:00 PM,
8391,3969,237,Sat Sun Mon Tue Wed Thur 07:00 PM - 09:00 PM,
8393,3970,237,Sat Sun Mon Tue Wed Thur 06:00 PM - 08:00 PM,
8395,3971,237,Sat Sun Mon Tue Wed Thur 07:00 PM - 09:00 PM,
8397,3972,237,Sat Sun Mon Tue Wed Thur 06:00 PM - 08:00 PM,
8399,3973,237,Sat Sun Mon Tue Wed Thur 04:00 PM - 06:00 PM,
8401,3974,237,Sat Sun Mon Tue Wed Thur 07:00 PM - 09:00 PM,
8403,3975,237,Sat Sun Mon Tue Wed Thur 07:00 PM - 09:00 PM,
8405,3976,237,Sat Sun Mon Tue Wed Thur 07:00 PM - 09:00 PM,
8407,3977,237,Sat Sun Mon Tue Wed Thur 06:00 PM - 08:00 PM,
8409,3978,237,Sat Sun Mon Tue Wed Thur 04:00 PM - 06:00 PM,
8411,3979,237,Sat Sun Mon Tue Wed Thur 06:00 PM - 08:00 PM,
8413,3980,237,Sat Sun Mon Tue Wed Thur 03:00 PM - 05:00 PM,
8415,3981,237,Sat Sun Mon Tue Wed Thur 07:00 PM - 09:00 PM,
8417,3982,237,Sat Sun Mon Tue Wed Thur 08:00 PM - 10:00 PM,
8419,3983,237,Sat Sun Mon Tue Wed Thur 06:00 PM - 09:00 PM,
8421,3984,237,Sat Sun Mon Tue Wed Thur 06:00 PM - 08:00 PM,
8423,3985,237,Sat Sun Mon Tue Wed Thur 05:00 PM - 06:00 PM,
8425,3986,301,Sat Sun Mon Tue Wed Thur 07:00 PM - 08:00 PM,
8427,3986,178,,
8428,3987,301,Sat Mon Wed 06:00 PM - 08:30 PM,
8430,3988,301,Sat Mon Wed 04:00 PM - 07:30 PM,
8432,3989,301,Sat Sun Mon Tue Wed Thur 07:00 PM - 09:00 PM,
8434,3990,301,Sat Sun Mon Tue Wed Thur 07:00 PM - 08:30 PM,
8436,3991,301,Sat Sun Mon Tue Wed Thur 05:00 PM - 09:00 PM,
8438,3991,150,,
8439,3992,301,Sat Sun Mon Tue Wed Thur 03:00 PM - 05:00 PM,
8441,3993,301,Sat Sun Mon Tue Wed Thur 07:00 PM - 09:00 PM,
8443,3994,301,Sat 06:00 PM - 09:00 PMThur 08:00 PM - 10:00 PM,
8445,3995,301,Sat Sun Tue Wed 07:00 PM - 09:00 PM,
8447,3996,301,Sat Sun Mon Tue Wed Thur 06:30 PM - 07:30 PM,
8449,3997,301,Sat Sun Wed Thur 06:00 PM - 07:30 PM,
8451,3998,301,Sat Sun Mon Tue Wed Thur 05:30 PM - 08:00 PM,
8453,3999,301,Sat Sun Mon Tue Wed Thur 06:00 PM - 08:00 PM,
8455,4000,301,Sat Mon Wed 05:00 PM - 07:00 PM,
8457,4001,301,Sat Sun Mon Tue Wed Thur 00:00 PM - 04:00 PM,
8459,4002,301,Sat Sun Mon 07:30 PM - 08:30 PM,
8461,4003,301,Sat Sun Mon Tue Wed 09:00 PM - 10:00 PM,
8463,4003,20,,
8464,4004,301,Sat Sun Mon Tue Wed Thur 06:00 PM - 07:30 PM,
8466,4005,301,Sat Sun Mon Tue Wed Thur 05:30 PM - 09:00 PM,
8468,4005,104,,
8469,4006,301,Sat Mon Wed 02:00 PM - 05:00 PM,
8471,4007,301,Sat Sun Mon Tue Wed Thur 08:00 PM - 11:00 PM,
8473,4008,301,Sat Sun Mon Tue Wed 05:00 PM - 06:00 PM,
8475,4009,301,Sat Sun Mon Tue Wed 05:00 PM - 07:00 PM,
8477,4010,301,Sat Mon Tue Thur 06:00 PM - 09:00 PM,
8479,4010,225,,
8480,4011,301,Sat Sun Mon Tue Wed Thur 06:00 PM - 08:00 PM,
8482,4011,121,,
8483,4012,301,Sat Sun 02:30 PM - 07:00 PMMon Tue Wed Thur 04:30 PM - 07:00 PM,
8485,4013,301,Sat Mon Wed 02:00 PM - 05:00 PM,
8487,4014,301,Sat Sun Mon Tue Wed Thur 10:00 AM - 03:00 PM,
8489,4015,301,Sat Sun Mon Tue Wed Thur 04:00 PM - 06:00 PM,
8491,4016,301,Sat Sun Mon Tue Wed Thur 07:00 PM - 09:00 PM,
8493,4017,301,Sat Sun Mon Tue Wed Thur 05:30 PM - 07:30 PM,
8495,4018,301,Sat Sun Mon Tue Wed 03:00 PM - 07:00 PM,
8497,4019,301,Sat Sun Tue Wed 06:30 PM - 08:30 PM,
8499,4019,225,,
8500,4020,301,Sun Mon Tue Wed Thur 06:00 PM - 09:00 PM,
8502,4021,301,Sat Sun Mon Tue Wed Thur 05:30 PM - 07:30 PM,
8504,4022,301,Sun Tue Thur 05:00 PM - 07:00 PM,
8506,4023,301,Sat Sun Tue Wed 05:00 PM - 07:00 PM,
8508,4024,301,Sun 08:00 PM - 09:30 PMMon Wed Thur 08:00 PM - 09:00 PM,
8510,4025,301,Sat Mon Wed Sun Tue 05:30 PM - 09:00 PM,
8512,4026,301,Sat Sun Mon Tue Wed Thur 04:00 PM - 08:00 PM,
8514,4026,117,,
8515,4027,301,Sat Sun Mon Tue Wed Thur 04:00 PM - 10:00 PM,
8517,4027,115,Sat Sun Mon Tue Wed Thur 00:30 PM - 03:30 PM,
8518,4028,301,Fri 10:00 AM - 0:00 AM,
8520,4029,301,Sat Sun Mon Tue Wed Thur 05:00 PM - 08:00 PM,
8522,4030,301,Sat Mon Wed Thur 08:00 PM - 10:00 PM,
8524,4031,301,Sat Sun Mon Tue Wed Thur 05:00 PM - 07:00 PM,
8526,4032,302,"Satmasjid Road, Dhaka, Dhaka-1209,Bangladesh | Availability: Sat Sun Mon Tue Wed Thur 07:00 PM - 09:00 PM B",
8528,4033,303,"Satmasjid Road, 3, Dhanmondi, Dhaka-1205,Bangladesh | Availability: Sat Sun Mon Tue Wed Thur 07:00 PM - 09:",
8530,4034,302,"Satmasjid Road, Dhaka, Dhaka-1209,Bangladesh | Availability: Sat Sun Mon Tue Wed Thur 08:00 PM - 10:00 PM B",
8532,4035,302,"Satmasjid Road, Dhaka, Dhaka-1209,Bangladesh | Availability: Sat Sun Mon Tue Wed Thur 04:00 PM - 07:00 PM B",
8534,4036,302,"Satmasjid Road, Dhaka, Dhaka-1209,Bangladesh | Availability: Sat Sun Mon Tue Wed Thur 06:00 PM - 08:00 PM B",
8536,4037,302,"Satmasjid Road, Dhaka, Dhaka-1209,Bangladesh | Availability: Sat Sun Mon Tue Wed Thur 04:00 PM - 06:00 PM B",
8538,4038,302,"Satmasjid Road, Dhaka, Dhaka-1209,Bangladesh | Availability: Sat Sun Mon Tue Wed Thur 07:00 PM - 09:00 PM B",
8540,4039,304,Sat Sun Mon Tue Wed Thur 07:00 PM - 09:00 PM,
8542,4040,304,Sat Sun Mon Tue Wed Thur 07:00 PM - 09:00 PM,
8544,4041,304,Sat Sun Mon Tue Wed Thur 08:00 PM - 10:00 PM,
8546,4042,304,Sat Mon Wed 08:45 PM - 09:45 PM,
8548,4043,304,Sat Sun Mon Tue Wed Thur 02:30 PM - 03:30 PM,
8550,4044,304,Sat Sun Mon Tue Wed 06:00 PM - 09:00 PM,
8552,4045,304,Sat Sun Mon Tue Wed Thur 03:00 PM - 04:30 PM,
8554,4045,141,,
8555,4046,304,Sat Sun Mon Tue Wed Thur 08:00 PM - 09:00 PM,
8557,4047,304,Sat Sun Mon Tue Wed Thur 04:30 PM - 07:30 PM,
8559,4047,203,,
8560,4048,304,Sat Sun Mon Tue Wed Thur 07:00 PM - 10:00 PM,
8562,4049,304,Sat Sun Mon Tue Wed Thur 06:00 PM - 09:00 PM,
8564,4050,304,Sat Sun 05:00 PM - 07:00 PMMon Tue Wed Thur 03:00 PM - 05:00 PM,
8566,4051,304,Sat Sun Mon Tue Wed Thur 03:00 PM - 05:00 PM,
8568,4052,304,Sat Sun Mon Tue Wed Thur 03:00 PM - 06:00 PM,
8570,4053,304,Sat Sun Mon Tue Wed Thur 04:30 PM - 08:30 PM,
8572,4054,304,Sat Sun Mon Tue Wed Thur 04:00 PM - 09:00 PM,
8574,4055,304,Sat Sun Mon Tue Wed Thur 06:00 PM - 08:00 PM,
8576,4056,304,Sat Mon Wed Fri 07:30 PM - 09:30 PM,
8578,4057,304,Sat Sun Mon Thur 10:00 AM - 0:00 AMTue Wed 10:00 AM - 00:00 PM,
8580,4058,304,Sat Sun Mon Tue Wed Thur 07:00 PM - 08:00 PM,
8582,4059,304,Sat Tue Thur 07:00 PM - 10:00 PM,
8584,4060,304,Sat Sun Mon Tue Wed Thur 04:00 PM - 08:00 PM,
8586,4061,304,Sat Sun Mon Tue Wed Thur 05:30 PM - 07:30 PM,
8588,4062,304,Sun Tue Thur 02:30 PM - 04:00 PM,
8590,4062,22,,
8591,4063,304,Sat Sun Mon Tue Wed Thur 03:00 PM - 04:00 PM,
8593,4063,121,,
8594,4063,22,,
8595,4064,304,Thur Fri 06:00 PM - 08:00 PM,
8597,4065,304,Sat Sun Mon Tue Wed Thur 05:00 PM - 08:00 PM,
8599,4066,304,Sat Sun Mon Tue Wed Thur 06:00 PM - 08:00 PM,
8601,4067,304,Sat Sun Mon Tue Wed Thur 07:00 PM - 08:00 PM,
8603,4068,304,Sat Sun Mon Tue Wed Thur 03:00 PM - 05:00 PM,
8605,4068,121,,
8606,4069,304,Sat Sun Mon Tue Wed Thur 05:00 PM - 07:30 PM,
8608,4069,22,,
8609,4070,304,Sat Mon Wed 05:00 PM - 08:00 PM,
8611,4071,304,Sat Sun Mon Tue Wed Thur 09:00 PM - 10:30 PM,
8613,4072,304,Sat Sun Mon Tue Wed Thur 10:00 AM - 02:00 PM,
8615,4073,304,Sat Sun Mon Tue Wed Thur 10:00 PM - 0:00 AM,
8617,4074,304,Sat Sun Mon Tue Wed Thur 08:00 PM - 09:30 PM,
8619,4075,304,Sat Sun Mon Tue Wed Thur 07:00 PM - 10:00 PM,
8621,4076,304,Sat Mon Wed 05:00 PM - 09:00 PM,
8623,4076,121,,
8624,4077,304,Sat Sun Mon Tue Wed Thur 06:00 PM - 09:00 PM,
8626,4078,304,Sun Tue Thur 05:00 PM - 07:00 PM,
8628,4079,304,Sat Sun Mon Wed 08:00 PM - 09:30 PM,
8630,4080,305,Sat Sun Mon Tue Wed Thur 06:00 PM - 09:00 PM,
8632,4081,305,Sat Sun Mon Tue Wed Thur 08:00 PM - 10:00 PM,
8634,4082,305,Sat Sun Mon Tue Wed Thur 04:00 PM - 08:00 PM,
8636,4083,305,Sat Sun Mon Tue Wed Thur 05:00 PM - 08:00 PM,
8638,4083,20,,
8639,4084,305,Sat Sun Mon Tue Wed Thur 06:00 PM - 09:00 PM,
8641,4085,305,Sat Sun Mon Tue Wed Thur 04:00 PM - 08:00 PM,
8643,4086,305,Sat Sun Mon Tue Wed Thur 04:00 PM - 08:00 PM,
8645,4087,305,Sat Sun Mon Tue Wed Thur 06:00 PM - 08:00 PM,
8647,4088,305,Sat Sun Mon Tue Wed Thur 06:00 PM - 09:00 PM,
8649,4089,305,Sat Sun Mon Tue Wed Thur 06:00 PM - 09:00 PM,
8651,4090,305,Sat Sun Mon Tue Wed Thur 04:00 PM - 08:00 PM,
8653,4091,93,Sat Mon Wed 06:00 PM - 09:00 PM,
8655,4092,305,Sat Sun Mon Tue Wed Thur 05:00 PM - 09:00 PM,
8657,4093,305,Sat Sun Mon Tue Wed Thur 03:00 PM - 08:00 PM,
8659,4094,305,Sat Sun Mon Tue Wed Thur 04:00 PM - 09:00 PM,
8661,4095,305,Sat Sun Mon 05:00 PM - 08:00 PMTue Wed Thur 05:00 PM - 09:00 PM,
8663,4096,305,Sat Sun Mon Tue Wed Thur 8:00 AM - 00:00 PM,
8665,4097,305,Sat Sun Mon Tue Wed Thur 06:00 PM - 09:00 PM,
8667,4098,305,Sat Sun Mon Tue Wed Thur 06:00 PM - 09:00 PM,
8669,4099,305,Sat Sun Mon Tue Wed Thur 06:00 PM - 09:00 PM,
8671,4100,305,Sat Sun Mon Tue Wed Thur 06:00 PM - 08:00 PM,
8673,4101,305,Sat Sun Mon Tue Wed Thur 04:00 PM - 09:00 PM,
8675,4102,305,Sat Sun Mon Tue Wed Thur 8:00 AM - 02:00 PM,
8677,4103,305,Sat Sun Mon Tue Wed Thur 06:00 PM - 08:00 PM,
8679,4104,305,Sat Sun Mon Tue Wed Thur 05:00 PM - 09:00 PM,
8681,4105,305,Sat Sun Mon Tue Wed Thur 06:00 PM - 09:00 PM,
8683,4106,305,Sat Sun Mon Tue Wed Thur 06:00 PM - 09:00 PM,
8685,4107,305,Sat Sun Mon Tue Wed Thur 04:00 PM - 07:00 PM,
8687,4108,305,Sat Sun Mon Tue Wed Thur 06:00 PM - 08:00 PM,
8689,4109,305,Sat Sun Mon Tue Wed Thur 06:00 PM - 09:00 PM,
8691,4110,305,Sat Sun Mon Tue Wed Thur 04:00 PM - 06:00 PM,
8693,4111,88,Sat Sun Mon Tue Wed Thur 06:00 PM - 09:00 PM,
8695,4112,88,Sat Sun Mon Tue Wed Thur 06:00 PM - 09:00 PM,
8697,4113,88,Sat Sun Mon Tue Wed Thur 8:00 AM - 02:30 PM,
8699,4114,88,Wed Thur 8:00 AM - 02:30 PM,
8701,4115,88,Sat Sun Mon Wed Thur 8:00 AM - 02:30 PM,
8703,4116,88,Sat Sun Mon Tue Wed Thur 07:00 PM - 09:00 PM,
8705,4117,88,Sat Sun Mon Tue Wed Thur 05:00 PM - 07:00 PM,
8707,4118,88,Sat Mon Wed 05:00 PM - 07:30 PM,
8709,4119,88,Sat Sun Mon Tue Wed Thur 8:00 AM - 04:00 PM,
8711,4120,88,Sat Sun Mon Tue Wed Thur 02:00 PM - 09:00 PM,
8713,4121,88,Sat Sun Mon Tue Wed Thur 8:00 AM - 03:00 PM,
8715,4122,88,Sat Sun Mon Tue Wed Thur 03:00 PM - 09:00 PM,
8717,4123,88,Sat Sun Mon Tue Wed Thur 03:00 PM - 08:00 PM,
8719,4124,88,Sat Sun Mon Tue Wed Thur 8:00 AM - 03:00 PM,
8721,4125,88,Sat Sun Mon Tue Wed Thur 06:00 PM - 08:00 PM,
8723,4126,88,Sat Sun Thur Fri 06:00 PM - 09:00 PM,
8725,4127,88,Sat Sun Mon Tue Wed Thur 06:00 PM - 09:00 PM,
8727,4128,88,Sat Sun Mon Tue Wed Thur 03:00 PM - 08:00 PM,
8729,4129,88,Sat Sun Mon Tue Wed Thur 11:00 AM - 02:00 PM,
8731,4130,88,Sat Sun Mon Tue Wed Thur 04:00 PM - 09:00 PM,
8733,4131,88,Sat Sun Mon Tue Wed Thur 06:00 PM - 09:00 PM,
8735,4132,88,Sat Sun Mon Tue Wed Thur 02:00 PM - 08:00 PM,
8737,4133,88,Sat Sun Mon Tue Wed Thur 8:00 AM - 02:00 PM,
8739,4134,88,Sat Sun Mon Tue Wed Thur 06:00 PM - 08:00 PM,
8741,4134,19,,
8742,4135,88,Sat Sun Mon Tue Wed Thur 08:00 PM - 10:00 PM,
8744,4136,88,Sat Mon Wed 04:00 PM - 06:00 PM,
8746,4137,88,Sat Wed 8:00 AM - 00:00 PMMon Sun Tue Thur 8:00 AM - 02:00 PM,
8748,4138,88,Sun Mon Wed 07:00 PM - 09:00 PM,
8750,4139,88,Sat Sun Tue Wed 03:00 PM - 06:00 PM,
8752,4140,88,Sat Sun Mon Tue Wed Thur 04:30 PM - 06:30 PM,
8754,4141,88,Sat Sun Mon Tue Wed Thur 8:00 AM - 02:30 PM,
8756,4142,88,Sun Mon Tue 8:00 AM - 02:30 PM,
8758,4143,88,Sat Sun Mon Tue Wed Thur 8:00 AM - 02:30 PM,
8760,4144,88,Sat Sun Mon Tue Wed Thur 06:00 PM - 09:00 PM,
8762,4145,88,Sat Sun Mon Tue Wed Thur 05:00 PM - 07:00 PM,
8764,4145,202,,
8765,4146,88,Sun Tue Thur 06:00 PM - 10:00 PM,
8767,4147,88,Sat Mon Wed 8:00 AM - 02:00 PM,
8769,4147,44,Sun Tue Thur 05:00 PM - 07:00 PM,
8770,4148,88,Sat Sun Mon Tue 06:00 PM - 09:00 PM,
8772,4149,88,Sat Sun Mon Tue Wed Thur 05:00 PM - 10:00 PM,
8774,4150,88,Sat Sun Mon Tue Wed Thur 06:00 PM - 08:00 PM,
8776,4151,88,Sat Sun Wed Fri 04:00 PM - 06:00 PM,
8778,4152,88,Sat Sun Mon Tue Wed Thur 04:30 PM - 05:30 PM,
8780,4153,88,Sat Sun Thur 03:00 PM - 06:00 PM,
8782,4154,88,Sat Sun Mon Tue Wed Thur 06:00 PM - 09:00 PM,
8784,4155,88,Sat Mon Wed Thur 05:00 PM - 07:00 PM,
8786,4156,88,Sat Sun Mon Tue Wed Thur 08:30 PM - 10:30 PM,
8788,4157,88,Sat Sun Mon Tue Wed Thur 06:30 PM - 09:00 PM,
8790,4158,88,Sat Sun Mon Tue 03:00 PM - 05:00 PM,
8792,4159,88,Sat Sun Mon Tue Wed Thur 07:00 PM - 10:00 PM,
8794,4160,88,Sat Sun Mon Tue Wed Thur 11:00 AM - 02:00 PM,
8796,4161,88,Sun Mon Wed 05:00 PM - 09:00 PM,
8798,4162,88,Sat Tue Wed Thur 8:00 AM - 02:30 PM,
8800,4162,128,,
8801,4163,88,Sat Sun Mon Tue Wed Thur 08:00 PM - 10:30 PM,
8803,4164,88,Sat Sun Mon Tue Wed Thur 05:00 PM - 07:00 PM,
8805,4165,88,Sat Sun Mon Tue Wed Thur 8:00 AM - 02:00 PM,
8807,4166,88,Sat Sun Mon Tue Wed Thur 11:00 AM - 02:00 PM,
8809,4167,88,Sat Sun Mon Tue Wed Thur 07:00 PM - 09:00 PM,
8811,4168,88,Fri 10:00 AM - 01:00 PM,
8813,4169,88,Sat Sun Tue Wed 03:00 PM - 06:00 PM,
8815,4170,88,Sun Mon Tue Wed 06:00 PM - 09:00 PM,
8817,4171,88,Sat Sun Mon 8:00 AM - 02:00 PM,
8819,4172,88,Tue Wed Thur 8:00 AM - 02:00 PM,
8821,4172,157,"Sun Plaza, Ruhitpur Bazar, Keranigonj Model, Dhaka-1310,Bangladesh | Availability: ",
8822,4173,88,Sat Sun Mon Tue Wed Thur 05:00 PM - 07:00 PM,
8824,4174,88,Fri 10:00 AM - 01:00 PM,
8826,4174,31,,
8827,4175,88,Sat 8:00 AM - 02:00 PM,
8829,4176,88,Sat Sun Mon Tue Wed Thur 8:00 AM - 02:00 PM,
8831,4176,19,Sat Sun Mon Tue Thur Fri 04:30 PM - 09:30 PMWed 04:30 PM - 09:00 PM,
8832,4177,88,Sat Sun Mon Tue Wed Thur 06:00 PM - 09:00 PM,
8834,4178,88,Sat Sun Mon Tue Wed Thur 07:30 PM - 09:30 PM,
8836,4179,88,Sat Sun Mon Tue Wed Thur 05:00 PM - 07:00 PM,
8838,4180,88,Sat Sun 06:00 PM - 08:30 PMMon Wed Thur 04:00 PM - 08:30 PMTue 04:00 PM - 08:00 PM,
8840,4181,88,Sat Sun Mon Tue Wed Thur 11:00 AM - 02:00 PM,
8842,4182,88,Sat Sun Mon Tue Wed Thur 9:00 AM - 04:00 PM,
8844,4183,88,Wed Thur 05:00 PM - 07:00 PM,
8846,4184,88,Sat Sun Mon Tue Wed Thur 9:00 AM - 05:00 PM,
8848,4185,88,Sat Sun Mon 8:00 AM - 02:00 PM,
8850,4185,198,,
8851,4186,88,Mon 04:00 PM - 09:00 PMThur 05:00 PM - 09:00 PM,
8853,4187,88,Fri 05:00 PM - 08:00 PM,
8855,4187,44,Sat Sun Mon Tue Thur 06:30 PM - 09:00 PM,
8856,4188,88,Sat Sun Mon Tue Wed Thur 05:00 PM - 10:00 PM,
8858,4189,88,Sat Sun Mon Tue Wed Thur 06:00 PM - 09:00 PM,
8860,4190,88,Sat Sun Mon Tue Wed Thur 11:00 AM - 02:00 PM,
8862,4191,88,Sat Sun Mon Tue Wed Thur 03:00 PM - 05:00 PM,
8864,4192,88,Sat Sun Mon Tue Wed Thur 8:00 AM - 02:00 PM,
8866,4193,88,Sat Sun Mon Tue Wed Thur 8:00 AM - 02:00 PM,
8868,4194,88,Sun Tue Thur 06:00 PM - 09:00 PM,
8870,4194,201,,
8871,4195,88,Tue 03:30 PM - 04:30 PM,
8873,4195,117,,
8874,4196,88,Sat Sun Mon Tue Wed Thur 8:00 AM - 02:00 PM,
8876,4197,88,Sat Mon Tue Wed 05:00 PM - 07:00 PM,
8878,4198,88,Fri 05:00 PM - 07:00 PM,
8880,4199,88,Sat Wed 06:00 PM - 09:00 PM,
8882,4200,88,Sun Mon Tue Wed Thur 8:00 AM - 02:00 PM,
8884,4201,88,Sat Sun Mon Tue Wed Thur 8:00 AM - 02:00 PM,
8886,4202,88,Sat Mon Wed 05:00 PM - 07:00 PM,
8888,4203,88,Sat Sun Mon Tue Wed Thur 8:00 AM - 02:00 PM,
8890,4204,88,Sun Tue Thur 07:00 PM - 09:00 PM,
8892,4205,88,Sat Sun Mon Tue Wed Thur 05:30 PM - 08:30 PM,
8894,4206,88,Sat Sun Mon Tue Wed Thur 03:00 PM - 05:00 PM,
8896,4207,88,Sat Sun Mon Tue Wed Thur 06:00 PM - 08:00 PM,
8898,4208,88,Sat Sun Mon Tue Wed Thur 9:00 AM - 05:00 PM,
8900,4209,88,Sat Sun Mon Tue Wed Thur 9:00 AM - 06:00 PM,
8902,4210,88,Sat Sun Mon Tue Wed Thur 05:00 PM - 07:00 PM,
8904,4211,88,Sat Sun Mon Tue Wed Thur 03:00 PM - 06:00 PM,
8906,4212,88,Sat Sun Mon Tue Wed Thur 03:00 PM - 05:00 PM,
8908,4213,306,Fri 04:30 PM - 05:30 PM,
8910,4214,306,Sat Sun Mon Tue Wed Thur 05:00 PM - 07:00 PM,
8912,4215,306,Sat Sun Mon Tue Wed Thur 11:00 AM - 01:00 PM,
8914,4216,306,Sat Sun Mon Tue Wed Thur 07:00 PM - 09:00 PM,
8916,4217,306,Sat Sun Mon Tue Wed Thur 05:00 PM - 07:00 PM,
8918,4217,41,Sun Tue Thur 06:00 PM - 08:00 PM,
8919,4218,306,Sat Sun Mon Tue Wed Thur 07:30 PM - 09:00 PM,
8921,4218,172,,
8922,4219,306,Sat Sun Mon Tue Wed Thur 04:30 PM - 05:30 PM,
8924,4220,306,Sat Sun Mon Tue Wed Thur 06:00 PM - 08:30 PM,
8926,4221,306,Sat Sun Mon Tue Wed Thur 07:00 PM - 09:00 PM,
8928,4222,306,Sat Sun Mon Tue Wed Thur 05:00 PM - 06:30 PM,
8930,4223,306,Sun Tue 08:30 PM - 09:30 PM,
8932,4224,306,Sat Sun Mon Tue Wed Thur 05:30 PM - 07:30 PM,
8934,4224,172,,
8935,4225,306,Sat Tue Thur 05:00 PM - 07:00 PM,
8937,4226,306,Sat Sun Mon Tue Wed Thur 05:00 PM - 07:00 PM,
8939,4227,306,Sat Sun Mon Tue Wed Thur 06:30 PM - 09:30 PM,
8941,4227,118,,
8942,4228,306,Sat Sun Mon Tue Wed Thur 06:30 PM - 09:00 PM,
8944,4228,88,,
8945,4229,306,Sat Sun Mon Tue Wed Thur 06:30 PM - 09:00 PM,
8947,4230,306,Sat Sun Mon Tue Wed Thur 06:00 PM - 09:00 PM,
8949,4231,306,Sat Sun Mon Tue Wed Thur 06:30 PM - 09:00 PM,
8951,4232,306,Sat Mon Tue Wed Thur 08:00 PM - 09:30 PMSun 08:00 PM - 09:00 PM,
8953,4233,306,Sat Sun Mon Tue Wed Thur 9:00 AM - 10:30 AM,
8955,4234,306,Sat Sun Mon Tue Wed Thur 07:00 PM - 08:30 PM,
8957,4235,306,Sat Sun Mon Tue Wed Thur 04:30 PM - 07:00 PM,
8959,4236,306,Sat Sun Mon Tue Wed Thur 08:00 PM - 10:00 PM,
8961,4237,306,Sat Sun Mon Tue Wed Thur 07:30 PM - 09:00 PM,
8963,4238,306,Sat Sun Mon Tue Wed Thur 06:30 PM - 08:30 PM,
8965,4239,306,Sat Sun Mon Tue Wed Thur 9:00 AM - 11:00 AM,
8967,4239,172,,
8968,4240,306,Sat Sun Mon Tue Wed Thur 04:00 PM - 06:00 PM,
8970,4241,306,Sat Sun Mon Tue Wed Thur 04:30 PM - 09:00 PM,
8972,4242,306,Sat Sun Mon Tue Wed Thur 07:30 PM - 08:30 PM,
8974,4243,306,Sat Sun Mon Tue Wed Thur 07:30 PM - 09:00 PM,
8976,4244,306,Sat Sun Mon Tue Wed Thur 08:00 PM - 10:00 PM,
8978,4245,306,Sat Sun Mon Tue Wed Thur 05:30 PM - 06:30 PM,
8980,4246,306,Sat Sun Mon Tue Wed Thur 07:00 PM - 08:30 PM,
8982,4247,306,Sat Sun Mon Tue Wed Thur 04:30 PM - 06:00 PM,
8984,4248,306,Sat Sun Mon Tue Wed Thur 04:30 PM - 07:00 PM,
8986,4249,306,Sat Sun Mon Tue Wed Thur 07:00 PM - 08:30 PM,
8988,4250,306,Sat Sun Mon Tue Wed Thur 04:00 PM - 06:00 PM,
8990,4251,306,Sat Sun Mon Tue Wed Thur 11:30 AM - 02:00 PM,
8992,4252,188,Sat Sun Tue Thur 07:00 PM - 09:00 PM,
8994,4253,306,Sat Sun Mon Tue Wed Thur 04:30 PM - 07:30 PM,
8996,4254,306,Sat Sun Mon Tue Wed Thur 05:00 PM - 08:00 PM,
8998,4255,306,Sat Sun Mon Tue Wed Thur 04:30 PM - 06:00 PM,
9000,4255,19,Sat Sun Mon Tue Wed Thur 06:00 PM - 08:00 PM,
9001,4255,44,Sat Sun Mon Tue Wed 08:00 PM - 09:30 PMThur 08:00 PM - 09:00 PM,
9002,4256,237,Sat Sun Mon Tue Wed Thur 06:30 PM - 09:00 PM,
9004,4257,306,Sat Sun Mon Tue Wed Thur 06:00 PM - 08:00 PM,
9006,4258,306,Sat Sun Mon Tue Wed Thur 11:00 AM - 02:00 PM,
9008,4258,168,,
9009,4259,306,Sat Sun Mon Tue Wed Thur 06:30 PM - 08:30 PM,
9011,4260,253,Sat Sun Mon Tue Wed Thur 07:00 PM - 09:00 PM,
9013,4261,253,Sat Sun Mon Tue Wed Thur 07:00 PM - 09:00 PM,
9015,4261,86,"Monipuripara, Farmgate, Dhaka-1215,Bangladesh | Availability: ",
9016,4262,253,Sat Sun Mon Tue Wed Thur 07:00 PM - 10:00 PM,
9018,4263,253,Sat Sun Mon Tue Wed Thur 08:00 PM - 10:00 PM,
9020,4264,253,Sat Sun Mon Tue Wed Thur 07:00 PM - 09:00 PM,
9022,4265,253,Sat Sun Mon Tue Wed Thur 07:00 PM - 09:00 PM,
9024,4266,253,Sat Sun Mon Tue Wed Thur 07:00 PM - 09:00 PM,
9026,4267,253,Sat Sun Mon Tue Wed Thur 07:00 PM - 09:00 PM,
9028,4268,253,Sat Sun Mon Tue Wed Thur 08:00 PM - 10:00 PM,
9030,4268,225,,
9031,4269,253,Sat Sun Mon Tue Thur 08:00 PM - 10:00 PMWed 08:00 PM - 09:00 PM,
9033,4270,253,Sat Sun Mon Tue Wed Thur 07:00 PM - 09:00 PM,
9035,4271,253,Sat Sun Mon Tue Wed Thur 07:00 PM - 09:00 PM,
9037,4272,253,Sat Sun Mon Tue Wed Thur 07:00 PM - 09:00 PM,
9039,4273,307,Sat Sun Mon Tue Wed Thur 07:00 PM - 09:00 PM,
9041,4274,307,Sat Sun Mon Tue Wed Thur 06:00 PM - 08:00 PM,
9043,4275,307,Sat Sun Mon Tue Wed Thur 07:00 PM - 09:00 PM,
9045,4276,307,Sat Sun Mon Tue Wed Thur 07:00 PM - 09:00 PM,
9047,4277,307,Sat Sun Mon Tue Wed Thur 07:00 PM - 09:00 PM,
9049,4278,307,Sat Sun Mon Tue Wed Thur 06:00 PM - 08:00 PM,
9051,4279,307,Sat Sun Mon Tue Wed Thur 07:00 PM - 09:00 PM,
9053,4280,307,Sat Sun Mon Tue Wed Thur 07:00 PM - 09:00 PM,
9055,4281,307,Sat Sun Mon Tue Wed Thur 08:00 PM - 10:00 PM,
9057,4282,307,Sat Sun Mon Tue Wed Thur 07:00 PM - 09:00 PM,
9059,4283,307,Sat Sun Mon Tue 06:00 PM - 08:00 PMWed Thur 06:00 PM - 10:00 PM,
9061,4284,307,Sat Sun Mon Tue Wed Thur 08:00 PM - 10:00 PM,
9063,4285,307,Sat Sun Mon Tue Wed Thur 06:00 PM - 08:00 PM,
9065,4286,307,Sat Sun Mon Tue Wed Thur 07:00 PM - 09:00 PM,
9067,4287,307,Sat Sun Mon Tue Wed Thur 08:00 PM - 10:00 PM,
9069,4288,307,Sat Sun Mon Tue Wed Thur 07:00 PM - 09:00 PM,
9071,4289,307,Sat Sun Mon Tue Wed Thur 08:00 PM - 10:00 PM,
9073,4290,307,Sat Sun Mon Tue Wed Thur 07:00 PM - 09:00 PM,
9075,4291,307,Sat Sun Mon Tue Wed Thur 08:00 PM - 10:00 PM,
9077,4292,307,Sat Sun Mon Tue Wed Thur 07:00 PM - 09:00 PM,
9079,4293,307,Sat Sun Mon Tue Wed Thur 08:00 PM - 10:00 PM,
9081,4294,308,Sat Sun Mon Tue Wed Thur Fri 03:00 PM - 09:00 PM,
9083,4295,308,Sat Sun Mon Tue Wed Thur 05:00 PM - 09:00 PM,
9085,4296,308,Sat Sun Mon Tue Wed Thur 06:00 PM - 08:00 PM,
9087,4297,308,Sat Mon Wed 09:00 PM - 10:00 PM,
9089,4297,224,,
9090,4298,308,Sat Sun Mon Tue Wed Thur 06:00 PM - 08:00 PM,
9092,4299,309,"Friendship HospitalVideo consultancy availableZigatola Bus Stand, 55 Satmasjid Road, Dhaka-1209, Bangla",
9094,4299,52,Sat Sun Mon Tue Fri 11:00 AM - 10:30 PMWed Thur 10:30 AM - 10:30 PM,New: 600
9095,4300,308,Sat Sun Mon Tue Wed Thur 08:00 PM - 10:00 PM,
9097,4301,308,Sat Sun Mon Tue Wed Thur 07:00 PM - 08:00 PM,
9099,4302,308,Sat Sun Mon Tue Wed Thur 07:00 PM - 09:00 PM,
9101,4303,308,Sat Sun Mon Tue Wed Thur Fri 06:00 PM - 09:00 PM,
9103,4304,308,Sat Sun Mon Tue Wed Thur Fri 06:00 PM - 10:00 PM,
9105,4304,115,,
9106,4305,308,Sat Sun Mon Tue Wed Thur 09:00 PM - 10:00 PM,
9108,4306,308,Sat Sun Mon Tue Wed Thur Fri 05:00 PM - 10:00 PM,
9110,4307,308,Sat Sun Mon Tue Wed Thur 09:00 PM - 10:00 PM,
9112,4308,310,Sat Sun Mon Tue Wed Thur 9:00 AM - 04:00 PM,
9114,4309,308,Sat Sun Mon Tue Wed Thur Fri 06:00 PM - 09:00 PM,
9116,4310,308,Sat Sun Mon Wed Thur Fri 06:00 PM - 09:30 PMTue 06:00 PM - 10:00 PM,
9118,4311,308,Sat Sun Mon Tue Wed Thur Fri 07:00 PM - 09:00 PM,
9120,4312,308,Sat Mon Wed Fri 05:00 PM - 06:00 PM,
9122,4313,308,Sat Mon Wed 04:00 PM - 06:00 PM,
9124,4314,308,Sat Sun Mon Tue Wed Thur 07:00 PM - 09:00 PM,
9126,4315,308,Sat Sun Mon Tue Wed Thur 09:00 PM - 10:00 PM,
9128,4316,308,Sat Sun Mon Tue Wed Thur 8:00 AM - 10:00 AM,
9130,4317,308,Sat Sun Mon Tue Wed Thur 07:00 PM - 10:00 PM,
9132,4318,311,Sun Tue Thur 06:00 PM - 08:00 PM,
9134,4319,311,Sat Sun Mon Tue Wed Thur 06:00 PM - 09:00 PM,
9136,4319,208,,
9137,4320,88,,
9139,4321,311,Sun Tue 05:00 PM - 06:30 PM,
9141,4322,191,Mon Wed 05:00 PM - 07:00 PM,
9143,4323,4,"Satmasjid Road Dhanmondi C/A, Satmasjid Road, Dhanmondi, Dhaka-1209,Bangladesh | Availability: Sun Tue Wed",
9145,4324,311,Mon Wed 07:00 PM - 09:00 PM,
9147,4325,311,Sat Sun Mon Tue Wed Thur 06:00 PM - 08:00 PM,
9149,4326,311,Sat Sun Mon Tue Wed Thur 06:00 PM - 08:00 PM,
9151,4327,311,Mon Tue Wed 05:00 PM - 08:00 PM,
9153,4328,311,Sat Sun Mon Tue Wed Thur Fri 05:00 PM - 08:00 PM,
9155,4328,152,,
9156,4329,311,Sat Sun Mon Tue Wed 06:30 PM - 08:00 PM,
9158,4330,216,Mon Wed 05:30 PM - 06:30 PM,
9160,4331,11,Sat Sun Mon Tue Wed Thur 04:00 PM - 09:00 PM,
9162,4332,11,Sat Sun Mon Tue Wed Thur 06:00 PM - 09:00 PM,
9164,4333,11,Sat Sun Mon Tue Wed Thur 06:00 PM - 09:00 PM,
9166,4334,11,Sat Sun Mon Tue Wed Thur 06:00 PM - 08:00 PM,
9168,4335,11,Sat Sun Mon Tue Wed Thur 9:00 AM - 05:00 PM,
9170,4336,11,,
9172,4337,11,Sat Sun Mon Tue Wed Thur 02:00 PM - 07:00 PM,
9174,4338,11,,
9176,4339,11,Sat Sun Mon Tue Wed Thur 06:00 PM - 09:00 PM,
9178,4339,92,,
9179,4340,11,,
9181,4341,11,,
9183,4342,11,,
9185,4343,11,Sat Sun Mon Tue Wed Thur 9:00 AM - 05:00 PM,
9187,4344,11,Sat Sun Mon Tue Wed Thur 06:00 PM - 09:00 PM,
9189,4345,11,Sat Sun Mon Tue Wed Thur 04:00 PM - 07:00 PM,
9191,4346,311,Sat Sun Mon Tue Wed 05:00 PM - 07:00 PM,
9193,4347,311,Sat Sun Mon Tue Wed Thur 06:00 PM - 09:00 PM,
9195,4348,311,Sat Mon Wed 05:30 PM - 07:00 PM,
9197,4349,11,,
9199,4350,11,,
9201,4351,311,Sat Mon Wed 05:00 PM - 07:00 PM,
9203,4352,11,Sat Sun Mon Tue Wed Thur 06:00 PM - 09:00 PM,
9205,4353,11,Sat Sun Mon Tue Wed Thur 04:00 PM - 08:00 PM,
9207,4354,311,Sat Sun 05:00 PM - 07:00 PM,
9209,4355,11,,
9211,4356,311,Sun Thur 06:30 PM - 08:00 PM,
9213,4357,311,Sat Sun Mon Tue Wed Thur 07:00 PM - 09:00 PM,
9215,4358,311,Sun Tue Thur 07:00 PM - 09:00 PM,
9217,4359,253,Sat Mon Wed 06:00 PM - 09:00 PM,
9219,4360,11,Sat Sun Mon Tue Wed Thur 06:00 PM - 08:00 PM,
9221,4361,11,Sat Sun Mon Tue Wed Thur 04:00 PM - 06:00 PM,
9223,4362,11,,
9225,4363,11,Sat Sun Mon Tue Wed Thur 03:00 PM - 08:00 PM,
9227,4364,11,Sat Sun Mon Tue Wed Thur 9:00 AM - 03:00 PM,
9229,4365,11,Sat Sun Mon Tue Wed Thur 9:00 AM - 04:00 PM,
9231,4366,11,Sat Sun Mon Tue Wed Thur 06:00 PM - 08:00 PM,
9233,4367,11,,
9235,4368,11,"Satmasjid Road Opposite of Anam Rangs Plaza, Dhanmondi, Dhaka-1209,Bangladesh | Availability: ",
9236,4368,11,,
9237,4368,219,"Satmasjid Road Opposite of Anam Rangs Plaza, Dhanmondi, Dhaka-1209,Bangladesh | Availability: ",
9238,4369,11,Sat Sun Mon Tue Wed Thur 06:00 PM - 08:00 PM,
9240,4370,11,Sat Sun Mon Tue Wed Thur 06:00 PM - 08:00 PM,
9242,4371,88,,
9244,4372,11,,
9246,4373,311,Sun Tue Wed Thur 08:00 PM - 10:00 PM,
9248,4374,311,Sun Tue Thur 06:00 PM - 07:00 PM,
9250,4374,206,,
9251,4375,311,Sat Sun Mon Tue Wed Thur 05:30 PM - 07:30 PM,
9253,4376,311,Sat Sun Mon Tue Wed Thur 11:00 AM - 01:00 PM,
9255,4377,311,Tue Wed Thur 07:00 PM - 09:00 PM,
9257,4378,312,Sat Sun Mon Tue Wed Thur 06:00 PM - 09:00 PM,
9259,4379,11,Sat Sun Mon Tue Wed Thur 10:00 AM - 04:00 PM,
9261,4380,11,Sat Sun Mon Tue Wed Thur 9:00 AM - 03:00 PM,
9263,4381,312,Sat Sun Mon Tue Wed Thur 06:00 PM - 09:00 PM,
9265,4381,74,,
9266,4382,11,Sat Mon Wed 06:00 PM - 10:00 PM,
9267,4382,11,,
9268,4382,41,Sat Mon Wed 06:00 PM - 10:00 PM,
9269,4383,11,Sat Sun Mon Tue Wed Thur 04:00 PM - 07:00 PM,
9271,4384,11,,
9273,4385,11,Sat Sun Mon Tue Wed Thur 9:00 AM - 04:00 PM,
9275,4386,312,Sat Sun Mon Tue Wed Thur 06:00 PM - 09:00 PM,
9277,4386,23,,
9278,4387,11,,
9280,4388,313,,
9282,4389,313,Sat Sun Mon Tue Thur 07:00 PM - 09:00 PMWed 07:00 PM - 09:04 PM,
9284,4390,313,Sat Sun Mon Tue Wed Thur 04:00 PM - 07:00 PM,
9286,4391,313,Sat Sun Mon Tue Wed Thur 05:00 PM - 09:00 PM,
9288,4392,313,Sat Sun Mon Tue Wed Thur 06:00 PM - 09:00 PM,
9290,4393,313,Sat Sun Mon Tue Wed Thur 06:00 PM - 09:00 PM,
9292,4394,313,Thur 5:00 AM - 8:00 AM,
9294,4395,312,Sat Sun Mon Tue Wed Thur 06:00 PM - 09:00 PM,
9296,4396,312,Sat Sun Mon Tue Wed Thur 05:00 PM - 09:00 PM,
9298,4397,312,Sat Sun Mon Tue Wed Thur 06:00 PM - 09:00 PM,
9300,4398,313,Sat Sun Mon Tue Wed Thur 06:00 PM - 08:00 PM,
9302,4399,313,,
9304,4400,313,,
9306,4401,314,,
9308,4402,314,,
9310,4403,314,,
9312,4404,314,,
9314,4405,314,Sat Sun Mon Tue Wed Thur 06:00 PM - 08:00 PM,
9316,4405,150,,
9317,4406,314,,
9319,4407,314,Sat Sun Mon Tue Wed Thur 06:00 PM - 08:00 PM,
9321,4408,314,Sat Sun Mon Tue Wed Thur 05:00 PM - 08:00 PM,
9323,4409,314,Sat Sun Mon Tue Wed Thur 9:00 AM - 05:00 PM,
9325,4410,314,Sat Sun Mon Tue Wed Thur 06:00 PM - 09:00 PM,
9327,4411,314,,
9329,4412,314,,
9331,4413,312,Sat Sun Mon Tue Wed Thur 06:00 PM - 09:00 PM,
9333,4414,314,,
9335,4414,150,,
9336,4415,314,,
9338,4416,314,,
9340,4417,314,,
9342,4418,314,,
9344,4419,314,,
9346,4420,314,Sat Sun Mon Tue Wed Thur 06:00 PM - 09:00 PM,
9348,4421,314,Sat Sun Mon Tue Wed 06:00 PM - 09:00 PM,
9350,4421,155,,
9351,4421,150,,
9352,4422,314,,
9354,4423,314,,
9356,4424,314,,
9358,4425,314,,
9360,4426,314,,
9362,4427,314,Sat Sun Mon Tue Wed Thur 06:00 PM - 09:00 PM,
9364,4427,206,,
9365,4428,314,,
9367,4429,314,Sat Sun Mon Tue Wed Thur 06:00 PM - 09:00 PM,
9369,4429,118,,
9370,4430,314,,
9372,4431,314,,
9374,4432,314,Tue 03:00 PM - 07:00 PM,
9376,4433,314,Sat Sun Mon Tue Wed Thur 06:00 PM - 09:00 PM,
9378,4433,50,,
9379,4434,314,Sat Sun Mon Tue Wed Thur 06:00 PM - 09:00 PM,
9381,4434,93,,
9382,4435,314,Sat Sun Mon Tue Wed Thur 06:00 PM - 09:00 PM,
9384,4436,314,,
9386,4437,314,Sat 06:00 PM - 09:00 PM,
9388,4438,314,,
9390,4439,314,,
9392,4440,314,,
9394,4440,221,,
9395,4441,314,,
9397,4442,313,,
9399,4443,313,,
9401,4444,313,,
9403,4445,313,Fri 9:00 AM - 05:00 PM,
9404,4445,313,,
9405,4445,74,Fri 9:00 AM - 05:00 PM,
9406,4446,313,,
9408,4447,313,,
9410,4448,313,,
9412,4449,313,,
9414,4450,313,,
9416,4451,313,,
9418,4452,121,Sat Sun Mon Tue Wed Thur 07:00 PM - 09:00 PM,
9420,4453,313,,
9422,4454,313,,
9424,4455,313,Sat Sun Mon Tue Wed Thur Fri 04:00 PM - 06:00 PM,
9426,4456,313,,
9428,4457,313,,
9430,4458,313,,
9432,4459,313,,
9434,4460,313,,
9436,4460,141,,
9437,4461,313,,
9439,4462,313,,
9441,4463,313,,
9443,4464,313,,
9445,4465,313,,
9447,4466,313,,
9449,4467,313,Sat Sun Mon Tue Wed Thur 06:00 PM - 09:00 PM,
9451,4468,313,,
9453,4469,313,,
9455,4470,313,,
9457,4471,313,,
9459,4472,313,Sat Sun Mon Tue Wed Thur 06:00 PM - 09:00 PM,
9461,4473,313,,
9463,4474,313,,
9465,4475,313,,
9467,4476,313,"Satmasjid Road Dhanmondi C/A, Satmasjid Road, Dhanmondi, Dhaka-1209,Bangladesh | Availability: Sat Sun Mon",
9468,4476,313,,
9469,4476,89,,
9470,4476,4,"Satmasjid Road Dhanmondi C/A, Satmasjid Road, Dhanmondi, Dhaka-1209,Bangladesh | Availability: Sat Sun Mon",
9471,4477,313,,
9473,4478,313,,
9475,4479,313,Sat Sun Mon Tue Wed Thur 06:00 PM - 09:00 PM,
9477,4480,313,,
9479,4481,313,Sat Sun Mon Tue Wed Thur 06:00 PM - 09:00 PM,
9481,4482,313,,
9483,4483,313,Sat Sun Mon Tue Wed Thur 04:00 PM - 06:00 PM,
9485,4484,313,,
9487,4485,313,,
9489,4486,313,,
9491,4487,313,,
9493,4488,313,,
9495,4489,313,,
9497,4490,313,,
9499,4491,313,,
9501,4492,313,,
9503,4493,313,,
9505,4494,313,,
9507,4495,313,Sun 06:00 PM - 09:00 PM,
9509,4496,315,Sat Sun Mon Tue Wed 07:00 PM - 10:00 PM,
9511,4496,189,,
9512,4497,315,Sun Mon Wed 03:00 PM - 05:00 PM,
9514,4498,315,Sat Mon Wed 02:00 PM - 03:30 PM,
9516,4498,209,,
9517,4499,315,,
9519,4500,315,,
9521,4501,315,,
9523,4502,38,Sat Sun Mon Tue Wed Thur 06:00 PM - 09:00 PM,
9525,4503,315,,
9527,4503,118,,
9528,4504,315,,
9530,4505,315,Fri 11:00 AM - 01:00 PM,
9532,4506,315,,
9534,4507,315,,
9536,4508,315,,
9538,4509,315,,
9540,4510,315,Sat Mon Wed 06:00 PM - 08:00 PM,
9542,4511,315,Sun Tue Thur 03:00 PM - 05:00 PM,
9544,4512,315,Sat Sun Mon Tue 06:00 PM - 11:00 PM,
9546,4513,315,,
9548,4514,315,,
9550,4515,315,,
9552,4516,315,,
9554,4517,315,Sat Sun Mon Tue Wed Thur 10:00 AM - 05:00 PM,
9556,4518,315,Sun Mon Wed 08:00 PM - 10:00 PM,
9558,4518,215,,
9559,4519,315,Sun Tue Thur 03:00 PM - 05:00 PM,
9561,4519,313,,
9562,4519,75,,
9563,4520,315,,
9565,4521,315,,
9567,4522,315,Sun Mon Tue Wed Thur 10:00 AM - 04:00 PM,
9569,4523,315,Sat Sun Mon Tue Wed Thur 11:00 AM - 07:00 PM,
9571,4524,315,,
9573,4525,315,,
9575,4526,315,,
9577,4527,315,Sat Mon Wed 06:00 PM - 08:00 PM,
9579,4527,50,,
9580,4528,316,Sat Sun Mon Tue Wed Thur 9:00 AM - 02:00 PM,
9582,4529,315,Sun Tue Thur 05:30 PM - 07:00 PM,
9583,4529,315,,
9584,4529,172,Sun Tue Thur 05:30 PM - 07:00 PM,
9585,4530,315,Sun Mon Tue Wed 03:00 PM - 04:00 PM,
9587,4531,315,,
9589,4532,315,Sat Wed 07:00 PM - 09:00 PM,
9591,4533,315,,
9593,4533,198,,
9594,4534,317,,
9596,4534,122,,
9597,4535,317,Sat Wed 05:00 PM - 07:00 PM,
9599,4536,317,,
9601,4537,317,Sat Mon Wed 04:00 PM - 07:00 PM,
9603,4537,179,,
9604,4538,317,Tue 04:00 PM - 07:00 PMFri 10:00 AM - 01:00 PM,
9606,4539,317,Sat Sun 10:00 AM - 01:00 PM,
9608,4540,317,,
9610,4541,317,,
9612,4541,212,,
9613,4542,317,,
9615,4543,317,Sun Thur 02:00 PM - 04:00 PM,
9617,4544,317,,
9619,4545,317,Mon Wed 03:00 PM - 07:00 PM,
9621,4546,317,Sat Sun Thur 04:00 PM - 07:00 PM,
9623,4547,317,,
9625,4548,317,Tue Fri 05:00 PM - 07:00 PM,
9627,4549,317,Sat 11:00 AM - 01:00 PM,
9629,4549,118,,
9630,4550,317,Sat Mon Wed Fri 06:00 PM - 08:00 PM,
9632,4551,318,Sat Mon Wed Thur 04:00 PM - 06:00 PM,
9634,4552,317,Mon Wed 10:00 AM - 01:00 PM,
9636,4553,317,Sat Mon Thur 04:00 PM - 06:00 PM,
9638,4554,317,Sun Tue Thur 04:00 PM - 07:00 PM,
9640,4555,317,Sat Mon Wed 04:00 PM - 06:00 PM,
9642,4555,118,,
9643,4555,81,,
9644,4556,317,Sun Tue Thur 02:00 PM - 08:00 PMFri 04:00 PM - 08:00 PM,
9646,4557,317,Sat Sun Tue Wed 05:00 PM - 07:00 PM,
9648,4558,317,,
9650,4559,317,Sun 10:00 AM - 01:00 PMFri 03:00 PM - 07:00 PM,
9652,4560,317,Sun 04:00 PM - 07:00 PMFri 10:00 AM - 05:00 PM,
9654,4560,172,,
9655,4560,118,,
9656,4561,317,Tue Thur 04:00 PM - 06:00 PM,
9658,4561,179,,
9659,4562,317,Sat Thur 04:00 PM - 07:00 PM,
9661,4563,317,Mon 04:00 PM - 06:00 PMFri 11:00 AM - 02:00 PM,
9663,4563,94,,
9664,4564,317,,
9666,4565,122,,
9668,4565,118,,
9669,4566,317,Fri 05:00 PM - 07:00 PM,
9671,4567,317,Sun Tue Thur 04:00 PM - 07:00 PM,
9673,4568,317,Sat Mon Wed 03:00 PM - 06:00 PM,
9675,4569,317,,
9677,4570,317,Sat Sun Mon Wed Thur 04:00 PM - 07:00 PM,
9679,4571,317,Sat Mon Wed 10:00 AM - 01:00 PM,
9681,4572,317,Sun Tue 04:00 PM - 07:00 PM,
9683,4573,317,Sun Fri 04:00 PM - 07:00 PM,
9685,4574,317,Sat Mon Wed Fri 04:00 PM - 07:00 PM,
9687,4574,202,,
9688,4575,317,Thur Fri 04:00 PM - 07:00 PM,
9690,4576,317,,
9692,4576,94,,
9693,4577,317,Sat Wed Thur 04:00 PM - 07:00 PM,
9695,4577,121,,
9696,4578,317,Sat Mon Wed 04:00 PM - 07:00 PM,
9698,4579,317,,
9700,4580,317,Mon Thur 06:00 PM - 08:00 PM,
9702,4581,317,Sat Mon Tue 9:00 AM - 01:00 PM,
9704,4582,317,Sun Tue 03:00 PM - 06:00 PMFri 9:00 AM - 01:00 PM,
9706,4583,317,,
9708,4583,215,,
9709,4584,317,Fri 10:00 AM - 01:00 PM,
9711,4585,317,Sun Tue 02:00 PM - 04:00 PMFri 9:00 AM - 02:00 PM,
9713,4586,317,Sat Wed Thur 05:00 PM - 07:00 PM,
9715,4587,319,Sat Sun Mon Tue Wed Thur Fri 8:00 AM - 11:00 AM,
9717,4588,317,Sun Tue Thur 04:00 PM - 07:00 PM,
9719,4589,317,Sat Wed 04:00 PM - 07:00 PM,
9721,4590,317,Tue 05:00 PM - 07:00 PMFri 10:30 AM - 01:00 PM,
9723,4591,317,Sun 04:00 PM - 07:00 PMFri 10:00 AM - 01:00 PM,
9725,4591,172,,
9726,4592,317,Mon Thur Fri 04:00 PM - 08:00 PM,
9728,4592,231,,
9729,4592,89,,
9730,4593,320,Sat Sun Mon Tue Wed Thur 9:00 AM - 09:00 PM,
9732,4594,320,,
9734,4595,320,Sun Tue Thur 08:00 PM - 10:00 PM,
9736,4596,125,,
9738,4597,320,Sat Mon Wed 06:00 PM - 08:00 PM,
9740,4598,320,,
9742,4599,320,,
9744,4600,320,,
9746,4601,320,Sun Mon Tue 06:00 PM - 07:00 PM,
9748,4602,320,Sat Sun Mon Tue Wed Thur 05:00 PM - 07:00 PM,
9750,4602,117,,
9751,4603,320,Sat Sun Mon Tue Wed Thur 06:00 PM - 07:00 PM,
9753,4604,70,Sat Sun Mon Tue Wed Thur 05:00 PM - 08:00 PM,
9755,4605,70,Sat Tue Wed 05:00 PM - 08:00 PM,
9757,4606,70,Sat Sun Mon 05:00 PM - 07:00 PM,
9759,4607,70,,
9761,4608,320,Sat Sun Tue Wed Thur 05:00 PM - 07:00 PM,
9763,4609,320,Thur Fri 03:00 PM - 04:00 PM,
9765,4610,320,Sat Sun Mon Wed Thur Fri 11:00 AM - 05:00 PM,
9767,4611,320,Sat Sun Mon Tue Wed 05:00 PM - 06:00 PM,
9769,4611,313,,
9770,4612,320,Sat Sun Mon Thur 06:30 PM - 09:30 PM,
9772,4613,320,Sat Sun Mon Tue Wed Thur 04:00 PM - 06:00 PM,
9774,4614,320,Sat Sun Mon Tue Wed Fri 11:00 AM - 01:00 PM,
9776,4615,320,Sat Mon Wed Thur 07:00 PM - 09:00 PM,
9778,4616,320,,
9780,4617,320,Sat Sun Mon Tue Wed Thur 07:00 PM - 09:00 PM,
9782,4618,320,Sat Sun Mon Tue Wed Thur 01:00 PM - 02:00 PM,
9784,4618,313,,
9785,4619,320,"Monsur Ali Medical College & HospitalPlot# 26 & 26/A, Road # 10, Sector # 11, Uttara Model Town, Dhaka-",
9786,4619,320,,
9787,4619,154,"Monsur Ali Medical College & HospitalPlot# 26 & 26/A, Road # 10, Sector # 11, Uttara Model Town, Dhaka-",
9788,4620,320,Sat Sun Mon Tue Wed Thur 07:00 PM - 08:00 PM,
9790,4621,320,,
9792,4622,320,Sat Sun Mon Tue Wed Thur 02:00 PM - 03:00 PM,
9794,4623,320,,
9796,4624,320,"Monsur Ali Medical College & HospitalPlot# 26 & 26/A, Road # 10, Sector # 11, Uttara Model Town, Dhaka-",
9797,4624,320,,
9798,4624,195,,
9799,4624,154,"Monsur Ali Medical College & HospitalPlot# 26 & 26/A, Road # 10, Sector # 11, Uttara Model Town, Dhaka-",
9800,4625,320,,
9802,4625,313,,
9803,4626,320,,
9805,4627,320,Sun Tue Thur 05:00 PM - 06:00 PM,
9807,4628,320,,
9809,4629,279,Mon Tue Wed 06:00 PM - 08:00 PM,
9811,4630,279,Sat Mon Wed 05:00 PM - 06:00 PM,
9813,4631,279,Sat Sun Mon Tue Wed 05:00 PM - 08:00 PM,
9815,4632,321,Sun Tue Thur 04:00 PM - 06:00 PM,
9816,4632,321,,
9817,4632,279,Sun Tue Thur 04:00 PM - 06:00 PM,
9818,4633,279,Sat Sun Mon Tue Thur 07:00 PM - 09:00 PM,
9820,4634,279,Sat Mon Wed 06:00 PM - 09:00 PM,
9822,4635,279,Sat Mon Wed 05:00 PM - 07:00 PM,
9824,4635,225,,
9825,4636,279,Sat Sun Tue Wed 08:00 PM - 09:00 PM,
9827,4637,279,Sat Mon Wed 05:00 PM - 09:00 PM,
9829,4638,279,Sat Mon Tue Wed 06:00 PM - 08:00 PM,
9831,4639,279,Sat Sun Mon Tue Wed 02:00 PM - 06:00 PMFri 8:00 AM - 11:00 AM,
9833,4640,322,,
9835,4641,70,,
9837,4642,70,,
9839,4643,141,,
9841,4644,70,Sun Tue Thur 06:30 PM - 08:30 PM,
9843,4644,317,,
9844,4644,231,,
9845,4645,70,Sat Sun Mon Tue Wed Thur 05:00 PM - 09:00 PM,
9847,4646,70,Sat Sun Mon Tue Wed Thur 10:00 AM - 01:00 PM,
9849,4647,70,Sat Sun Mon Tue Wed Thur 11:00 AM - 01:00 PM,
9851,4648,70,,
9853,4649,70,,
9855,4650,70,Sat Sun Mon Tue Wed Thur 9:00 AM - 09:00 PM,
9857,4651,70,Sat Sun Mon Wed Thur 04:00 PM - 09:00 PM,
9859,4652,70,Sat Sun Mon Wed 05:00 PM - 08:00 PM,
9861,4653,70,Sat Sun Mon Tue Wed 04:30 PM - 07:30 PM,
9863,4654,70,,
9865,4655,70,Sun Tue Thur 06:00 PM - 09:00 PM,
9867,4656,70,Sat Tue 03:00 PM - 05:00 PM,
9869,4657,70,Sat Sun Mon Tue Wed 07:00 PM - 09:00 PM,
9871,4657,74,Thur 9:00 AM - 05:00 PM,
9872,4658,70,Tue Wed Thur 07:00 PM - 09:00 PM,
9874,4658,141,,
9875,4659,70,Sat Sun Mon Tue Wed 05:00 PM - 07:00 PM,
9877,4660,70,Sat Sun Mon Tue Wed Thur 06:00 PM - 09:00 PM,
9879,4660,225,,
9880,4661,70,,
9882,4662,70,,
9884,4663,70,Sun Mon Tue Wed Thur 06:00 PM - 08:00 PM,
9886,4664,70,Sat Sun Mon Tue Wed Thur 06:00 PM - 09:00 PM,
9888,4664,167,,
9889,4665,70,,
9891,4666,70,,
9893,4667,70,,
9895,4668,70,,
9897,4669,70,,
9899,4670,70,Sat Sun Mon Tue Wed Thur 04:00 PM - 08:00 PM,
9901,4671,70,,
9903,4672,70,Mon Tue Wed 9:00 AM - 01:00 PM,
9905,4673,70,Sat Mon Wed 06:00 PM - 08:00 PM,
9907,4674,70,Sat Sun Mon Tue 06:00 PM - 08:00 PM,
9909,4674,74,,
9910,4674,121,,
9911,4675,70,Sat Mon Wed 05:00 PM - 08:00 PM,
9913,4676,70,Sun Tue Thur 05:00 PM - 09:00 PM,
9915,4677,70,,
9917,4678,70,,
9919,4679,70,,
9921,4680,70,Sat Sun Mon Tue Wed 05:00 PM - 08:00 PM,
9923,4681,70,,
9925,4682,70,,
9927,4683,176,Sat Mon Wed 06:00 PM - 09:00 PM,
9929,4684,70,,
9931,4685,70,Sat Sun Mon Tue Wed Thur 04:00 PM - 07:00 PM,
9933,4686,70,Sat Sun Mon Tue Wed 00:00 PM - 01:30 PM,
9935,4687,70,Sat Sun Mon Tue Wed Thur 04:00 PM - 08:00 PM,
9937,4688,70,,
9939,4689,70,Sat Sun Mon Tue Wed Thur 07:00 PM - 09:00 PM,
9941,4689,141,,
9942,4690,70,,
9944,4691,70,,
9946,4692,70,,
9948,4693,70,,
9950,4694,70,Mon Tue Wed Thur 11:00 AM - 01:00 PM,
9952,4695,70,Sat Sun Mon Tue Wed Thur 05:00 PM - 10:00 PM,
9954,4696,70,Sun Tue Thur 05:00 PM - 08:00 PM,
9956,4697,70,Sat Sun Mon Tue Wed Thur 10:00 AM - 00:00 PM,
9958,4698,70,Sat Sun Mon Wed 05:00 PM - 10:00 PM,
9960,4699,70,Sat Mon Wed 06:00 PM - 10:00 PM,
9962,4700,70,,
9964,4701,70,,
9966,4702,70,Sun Mon Wed Thur 03:00 PM - 05:00 PMFri 9:00 AM - 11:00 AM,
9968,4703,70,,
9970,4704,70,,
9972,4705,70,Sun Mon Wed Thur 05:00 PM - 08:00 PM,
9974,4706,70,,
9976,4706,198,,
9977,4707,70,Sat Mon Tue Wed 05:00 PM - 09:00 PM,
9979,4707,93,Sat Sun Tue Wed Thur 10:00 AM - 01:00 PM,
9980,4708,70,,
9982,4709,70,,
9984,4710,70,Sat Sun Mon Tue Wed 06:00 PM - 09:00 PM,
9986,4711,70,Sun Mon Tue Wed Thur 10:00 AM - 00:00 PM,
9988,4712,70,Sat Sun Mon Tue Wed 06:00 PM - 08:30 PM,
9990,4712,73,,
9991,4713,70,Sat Sun Mon Tue Wed 06:00 PM - 09:00 PM,
9993,4714,70,,
9995,4715,70,Sat Sun Mon Tue Wed Thur 06:00 PM - 08:00 PM,
9997,4716,70,Sat Mon Wed 06:00 PM - 09:00 PM,
9999,4717,70,,
10001,4718,70,,
10003,4719,70,,
10005,4720,70,,
10007,4720,89,,
10008,4721,70,,
10010,4722,70,Sat Sun Mon Tue Wed 03:00 PM - 06:00 PM,
10012,4723,70,,
10014,4724,70,Sun Mon Tue Thur 05:00 PM - 08:00 PM,
10016,4725,70,,
10018,4726,70,Sun Mon Tue Wed Thur 8:00 AM - 02:00 PM,
10020,4727,70,Sat Sun Mon Tue Wed Thur 05:00 PM - 07:00 PM,
10022,4728,70,Sat Sun Mon Tue Thur 07:00 PM - 09:00 PM,
10024,4729,70,Sat Sun Mon Tue Wed Thur 06:00 PM - 08:00 PM,
10026,4730,70,Sat Sun Mon Tue Wed 11:00 AM - 02:00 PM,
10028,4731,176,,
10030,4731,117,,
10031,4732,176,Sat Mon Wed 08:00 PM - 10:00 PM,
10033,4732,306,Sat Sun Mon Tue Wed Thur Fri 03:00 PM - 06:00 PM,
10034,4733,176,,
10036,4734,14,,
10038,4735,176,Mon 03:00 PM - 07:00 PM,
10040,4736,176,Sat Sun Mon Tue Wed Thur 07:00 PM - 09:00 PM,
10042,4737,176,,
10044,4738,176,Sat Mon Wed 06:00 PM - 08:00 PM,
10046,4739,176,,
10048,4740,176,Sat Sun Mon Thur 07:00 PM - 09:00 PM,
10050,4741,176,Sat Sun Mon Tue Wed 05:00 PM - 08:00 PM,
10052,4742,176,Sat Sun Mon Tue Wed Thur 05:00 PM - 09:00 PM,
10054,4742,88,,
10055,4743,176,,
10057,4744,176,Sun Tue Thur 06:00 PM - 09:00 PM,
10059,4744,313,,
10060,4745,176,Sun Mon Tue Wed 03:00 PM - 05:00 PM,
10062,4746,176,Sat Sun Mon Thur 04:00 PM - 05:30 PM,
10064,4746,313,,
10065,4747,176,Sat Sun Mon Tue Wed Thur 06:00 PM - 09:00 PM,
10067,4748,176,,
10069,4749,176,Sat Sun Mon Tue Wed 04:00 PM - 06:00 PM,
10071,4749,313,,
10072,4750,176,,
10074,4751,176,,
10076,4752,176,,
10078,4753,176,Sat Sun Mon Tue Wed Thur 06:00 PM - 10:00 PM,
10080,4754,176,,
10082,4755,176,,
10084,4756,176,,
10086,4757,176,Sat Sun Mon Tue Wed Thur 04:00 PM - 06:00 PM,
10088,4758,176,Sat Sun Mon Tue Wed Thur 10:00 AM - 11:30 AM,
10090,4759,176,,
10092,4759,195,,
10093,4760,176,Sat Sun Mon Wed Thur 03:00 PM - 08:00 PM,
10095,4761,176,Sat Sun Tue Wed Thur 05:00 PM - 07:00 PM,
10097,4762,323,,
10099,4763,176,Sat Sun Mon Tue Wed Thur 9:00 AM - 00:00 PM,
10101,4764,176,,
10103,4764,117,,
10104,4765,176,Sat Mon Wed 03:00 PM - 05:00 PM,
10106,4766,176,Sun Mon Tue Wed 03:00 PM - 05:00 PM,
10108,4767,176,,
10110,4768,176,,
10112,4769,176,Sat Sun Mon Tue Wed Thur 06:00 PM - 09:00 PM,
10114,4770,176,Sat Sun Mon Tue Wed Thur 04:00 PM - 06:00 PM,
10116,4771,176,Sat Mon Tue Wed Thur 06:00 PM - 11:00 PM,
10118,4772,176,Sat Sun Mon Tue Wed Thur 05:00 PM - 09:00 PM,
10120,4773,176,Sat Sun Mon Tue Wed Thur 06:00 PM - 09:00 PM,
10122,4774,176,Sat Sun Tue Wed Thur 07:00 PM - 09:00 PM,
10124,4775,176,Sat Sun Mon Wed Thur Fri 05:00 PM - 10:00 PM,
10126,4776,176,Sun Tue Thur 07:00 PM - 09:00 PM,
10128,4777,176,Sat Sun Mon Tue Wed Thur 9:00 AM - 01:00 PM,
10130,4778,176,Sat Sun Mon Tue Wed Thur 9:00 AM - 00:00 PMFri 06:00 PM - 09:00 PM,
10132,4778,125,,
10133,4779,176,,
10135,4780,176,Sat Sun Mon Tue Wed Thur 03:00 PM - 05:00 PM,
10137,4781,176,Sat Sun Mon Tue Wed Thur 06:00 PM - 09:00 PM,
10139,4782,176,Sat Mon Wed 03:00 PM - 05:00 PM,
10141,4783,176,,
10143,4784,176,Sat Mon Wed 02:00 PM - 05:00 PM,
10145,4785,176,Sat Sun Mon Tue Wed 03:00 PM - 05:00 PM,
10147,4786,176,,
10149,4787,176,Sat Sun Mon Tue Wed Thur 06:00 PM - 09:00 PM,
10151,4788,176,Sat Sun Mon Tue Wed 05:00 PM - 08:00 PM,
10153,4789,176,,
10155,4790,176,Sat Sun Mon Tue Wed 06:00 PM - 09:00 PM,
10157,4791,176,Sat Sun Mon Tue Wed 06:00 PM - 09:00 PM,
10159,4792,176,,
10161,4793,176,Mon Tue Wed 9:00 AM - 11:00 AM,
10163,4794,176,Sat Sun Mon Tue Wed Thur 10:00 AM - 01:00 PM,
10165,4795,176,Sat Sun Mon Wed 06:00 PM - 09:00 PM,
10167,4796,176,Sat Sun Mon Tue Wed Thur 10:00 AM - 01:00 PM,
10169,4797,176,Sat Sun Tue Wed Thur Fri 06:00 PM - 09:00 PM,
10171,4798,277,Sat Sun Mon Tue Wed Thur 11:00 AM - 03:00 PM,
10173,4799,176,Mon Tue Thur 02:00 PM - 06:00 PM,
10175,4800,176,,
10177,4801,176,Sun Mon Wed Thur 05:00 PM - 09:00 PM,
10179,4802,176,Sat Sun Mon Tue Wed Thur 05:00 PM - 08:00 PM,
10181,4803,176,Sat Mon Wed 06:00 PM - 09:00 PMFri 9:00 AM - 11:00 AM,
10183,4804,176,Sat Sun Mon Tue Wed Thur 8:30 AM - 01:00 PM,
10185,4805,176,Sat Sun Mon Tue Wed Thur 06:00 PM - 09:00 PM,
10187,4806,176,Sat Mon Tue Wed Thur 04:00 PM - 06:00 PM,
10189,4807,176,Sat Sun Mon Wed Thur 04:00 PM - 06:00 PM,
10191,4808,176,Sat Sun Mon Tue Wed Thur 04:00 PM - 05:30 PM,
10193,4809,176,Sat Sun Mon Wed Thur 06:00 PM - 09:00 PM,
10195,4810,176,Sat Sun Mon Tue Wed 06:00 PM - 09:00 PM,
10197,4811,176,,
10199,4812,176,Sat Sun Mon Tue Wed Thur 03:00 PM - 05:00 PM,
10201,4812,158,,
10202,4812,125,,
10203,4813,176,Sat Sun Mon Tue Wed Thur 03:00 PM - 05:00 PM,
10205,4813,320,,
10206,4814,176,Sun Mon Tue Wed 03:00 PM - 05:00 PM,
10208,4815,176,Sat Sun Mon Tue Wed Thur 05:00 PM - 09:00 PM,
10210,4816,176,Sun Tue Thur 03:00 PM - 05:00 PM,
10212,4817,176,Sat Sun Mon Tue Wed Thur 04:00 PM - 05:30 PM,
10214,4818,176,,
10216,4818,320,,
10217,4819,176,,
10219,4820,176,Sat Sun Mon Tue Wed 05:00 PM - 08:00 PM,
10221,4821,176,Sat Mon Wed 06:00 PM - 09:00 PM,
10223,4822,176,"Monsur Ali Medical College & HospitalPlot# 26 & 26/A, Road # 10, Sector # 11, Uttara Model Town, Dhaka-",
10224,4822,176,,
10225,4822,154,"Monsur Ali Medical College & HospitalPlot# 26 & 26/A, Road # 10, Sector # 11, Uttara Model Town, Dhaka-",
10226,4823,176,Sat Sun Mon Tue Wed Thur 06:00 PM - 09:00 PM,
10228,4824,176,Sat Sun Mon Tue Wed Thur 04:00 PM - 05:00 PM,
10230,4825,176,,
10232,4826,176,Sat Sun Mon Tue Wed Thur 08:00 PM - 10:00 PM,
10234,4827,176,Sat Sun Mon Tue Wed Thur 05:00 PM - 06:00 PM,
10236,4828,176,,
10238,4829,176,Sat Mon Tue Thur 05:00 PM - 07:00 PM,
10240,4830,176,Sat Sun Mon Wed 9:00 AM - 01:00 PM,
10242,4831,176,Sat Sun Mon Tue Wed Thur 03:00 PM - 06:00 PM,
10244,4831,320,Sat Sun Mon Tue Wed 06:00 PM - 08:00 PM,
10245,4832,176,,
10247,4833,176,Sat Sun Tue Wed Thur 05:00 PM - 11:00 PM,
10249,4834,176,Sat Thur Fri 04:00 PM - 08:00 PM,
10251,4835,176,Sat Mon Wed 03:00 PM - 06:00 PM,
10253,4836,175,,
10255,4837,175,Sat Mon Wed 07:00 PM - 09:00 PM,
10257,4838,175,,
10259,4839,175,Sat Sun Mon Tue Wed Thur 06:00 PM - 09:00 PM,
10261,4840,175,Sat Sun Tue Wed Thur 08:00 PM - 09:00 PM,
10263,4841,175,Sun Tue Thur 07:00 PM - 09:00 PM,
10265,4841,70,,
10266,4841,171,,
10267,4842,175,Sat Mon Wed Fri 04:00 PM - 06:00 PM,
10269,4843,324,Sat Sun Mon Wed 05:00 PM - 07:00 PM,
10271,4844,324,Sat Mon Wed 05:00 PM - 08:00 PM,
10273,4845,324,Sat Sun Mon Tue Wed Thur 06:00 PM - 09:00 PM,
10275,4845,50,,
10276,4845,88,,
10277,4846,324,Sat Sun Mon Tue Wed Fri 04:00 PM - 09:00 PM,
10279,4847,324,Sun Thur 06:00 PM - 09:00 PM,
10281,4848,324,Sat Sun Mon Tue Wed Thur Fri 06:00 PM - 08:00 PM,
10283,4849,324,Sat Mon Wed 05:00 PM - 07:00 PM,
10285,4850,324,Sat Mon Wed Fri 03:00 PM - 05:00 PM,
10287,4851,324,Sun Thur 04:00 PM - 07:00 PM,
10289,4852,324,Sat Sun Mon Tue Wed Thur 10:00 AM - 04:00 PM,
10291,4853,324,Sun Thur 06:00 PM - 08:00 PM,
10293,4854,324,Sat Mon 04:00 PM - 08:00 PM,
10295,4855,324,Sun Tue Thur 06:00 PM - 08:00 PM,
10297,4856,324,Sun Tue Thur 02:00 PM - 05:00 PM,
10299,4857,175,Sat Sun Tue Thur Fri 03:00 PM - 06:00 PM,
10301,4858,175,,
10303,4859,175,Fri 04:00 PM - 08:00 PM,
10305,4860,175,Sat Mon Tue Wed Thur 9:00 AM - 02:00 PM,
10307,4861,175,Sat Mon Wed Fri 05:00 PM - 07:00 PM,
10309,4861,187,,
10310,4862,175,Mon Wed 05:00 PM - 08:00 PM,
10312,4863,324,Sat Sun Mon Tue Wed Thur 06:00 PM - 09:00 PM,
10314,4864,324,Sun Tue Thur 06:00 PM - 08:00 PM,
10316,4865,324,Sat Sun Mon Tue Wed Thur 06:00 PM - 09:00 PM,
10318,4866,324,Sun Tue 05:00 PM - 07:00 PMThur 05:00 PM - 06:00 PM,
10320,4867,324,Sat Mon Wed 03:00 PM - 06:00 PM,
10322,4867,171,,
10323,4868,324,Sat Wed 05:00 PM - 07:00 PM,
10325,4869,324,Sat Sun Mon Tue Wed Thur 06:00 PM - 09:00 PM,
10327,4870,175,Sat Sun Mon Tue Wed Thur 06:00 PM - 09:00 PM,
10329,4870,176,,
10330,4871,175,Sat Sun Tue Thur 03:00 PM - 06:00 PM,
10332,4872,175,Sat Tue 06:00 PM - 08:00 PM,
10334,4873,175,Sat Mon Tue Wed 05:00 PM - 07:00 PM,
10336,4874,175,Sat Tue Wed 06:00 PM - 07:00 PM,
10338,4875,175,Sun Tue Wed 08:00 PM - 10:00 PM,
10340,4876,175,Sat Sun Mon Tue Wed Thur 04:00 PM - 07:00 PM,
10342,4877,175,Sat Sun Mon Tue Wed Thur Fri 07:00 PM - 09:00 PM,
10344,4878,175,Tue Thur 10:00 AM - 02:00 PM,
10346,4879,175,,
10348,4880,175,Sat Sun Mon Tue Wed Thur Fri 03:00 PM - 09:00 PM,
10350,4881,175,Sat Sun Mon Tue Wed Thur 06:00 PM - 09:00 PM,
10352,4882,325,,
10354,4882,138,,
10355,4883,325,Sat Mon Wed 07:00 PM - 09:00 PM,
10357,4883,320,,
10358,4883,144,,
10359,4884,325,Sat Sun Mon Tue Wed 07:30 PM - 09:30 PM,
10361,4884,195,,
10362,4885,325,Sat Sun Mon Wed Thur 05:30 PM - 07:30 PM,
10364,4886,325,Sat Sun Mon Tue Wed Thur 07:00 PM - 09:00 PMThur 10:00 AM - 02:00 PMFri 9:00 AM - 02:00 PM,
10366,4887,325,Sat Mon Wed 05:30 PM - 07:30 PM,
10368,4888,325,Sun Tue Thur 05:30 PM - 07:00 PM,
10370,4889,325,Sat Sun Mon Tue Wed Thur 10:00 AM - 02:00 PM,
10372,4890,325,Sat Sun Mon Tue Wed 06:00 PM - 09:00 PM,
10374,4891,325,Sat Mon Wed 06:00 PM - 08:00 PM,
10376,4892,325,Sat Mon Wed 04:00 PM - 06:00 PM,
10378,4893,175,Sun Tue Thur Fri 05:00 PM - 08:00 PM,
10380,4894,175,Sun Mon Tue Wed Thur 10:00 AM - 01:00 PM,
10382,4895,7,Fri 06:00 PM - 09:00 PM,
10384,4896,7,Sat Sun Mon Tue Wed Thur 06:00 PM - 09:00 PM,
10386,4897,7,Sat Mon Wed 03:00 PM - 08:00 PM,
10388,4897,320,,
10389,4898,7,Sat Sun Mon Tue Wed Thur 08:00 PM - 10:00 PM,
10391,4898,50,,
10392,4899,7,,
10394,4900,7,Sat Sun Mon Tue Wed Thur 06:00 PM - 09:00 PM,
10396,4901,7,Sat Sun Mon Tue Wed Thur 06:00 PM - 09:00 PM,
10398,4901,231,,
10399,4902,7,Sun Tue Thur 06:00 PM - 09:00 PM,
10401,4903,7,Sat Sun Mon Tue Wed Thur 02:30 PM - 05:00 PM,
10403,4904,7,Tue Fri 06:00 PM - 08:00 PM,
10405,4904,326,Sun Mon Tue 9:00 AM - 11:00 AM,
10406,4905,7,Sat Mon Wed 06:00 PM - 09:00 PM,
10408,4906,7,Sun Mon Tue Wed Thur Fri 05:00 PM - 09:00 PM,
10410,4906,317,Sat Fri 03:00 PM - 05:00 PM,
10411,4906,157,"Sun Plaza, Ruhitpur Bazar, Keranigonj Model, Dhaka-1310,Bangladesh | Availability: ",
10412,4907,7,Sun Tue Thur 07:00 PM - 09:00 PM,
10414,4908,7,Sun Tue Thur 06:00 PM - 09:00 PM,
10416,4909,7,Sat Mon Wed 06:00 PM - 09:00 PM,
10418,4910,7,Sat Mon Wed 02:00 PM - 05:00 PM,
10420,4911,7,Sat Sun Mon Tue Wed 06:00 PM - 09:00 PM,
10422,4912,7,Sat Sun Mon Tue Wed Thur 06:00 PM - 08:00 PM,
10424,4912,20,,
10425,4913,7,Sat Mon Wed 06:00 PM - 09:00 PM,
10427,4914,7,Mon 07:00 PM - 09:00 PMFri 10:00 AM - 01:00 PM,
10429,4914,118,,
10430,4914,19,Sat Sun Mon Tue Wed Thur 07:00 PM - 09:30 PM,
10431,4915,7,Sun Tue Thur 06:00 PM - 09:00 PM,
10433,4916,7,Sat Sun Mon Tue Wed Thur 06:00 PM - 09:00 PM,
10435,4916,279,Sat Mon Wed Thur 05:00 PM - 07:00 PM,
10436,4917,7,Sat Sun Mon Tue Wed Thur 06:00 PM - 10:00 PM,
10438,4918,7,Sat Sun Mon Tue Wed 06:00 PM - 09:00 PM,
10440,4918,50,,
10441,4919,7,Sat Mon Wed 06:00 PM - 09:00 PM,
10443,4919,50,,
10444,4920,7,Sat Sun Mon Tue Wed Thur 07:00 PM - 09:00 PM,
10446,4921,7,,
10448,4922,7,Sun Wed 04:00 PM - 06:00 PM,
10450,4923,7,Sat Mon Wed 06:00 PM - 08:00 PM,
10452,4923,279,Sat Sun Mon Tue Wed Thur 04:00 PM - 06:00 PM,
10453,4924,7,,
10455,4925,7,Sat Sun Tue Wed Thur 04:00 PM - 06:00 PM,
10457,4926,7,Sun Thur 06:00 PM - 09:00 PMTue 05:00 PM - 07:00 PM,
10459,4926,141,,
10460,4927,7,Sat Sun Tue Thur 05:00 PM - 07:00 PM,
10462,4928,7,Sat Sun Mon Tue Wed Thur 05:00 PM - 10:00 PM,
10464,4928,193,Tue 06:00 PM - 08:00 PM,
10465,4929,7,Thur 03:00 PM - 06:00 PM,
10467,4930,7,,
10469,4931,325,Sat Mon Wed 04:00 PM - 06:00 PMSun Mon Thur 10:00 AM - 00:00 PM,
10471,4932,325,Sun Mon Tue Wed Thur 06:30 PM - 09:00 PM,
10473,4932,81,,
10474,4933,325,Fri Sun 03:00 PM - 05:00 PM,
10476,4934,325,Sat Sun Mon Tue Wed Thur Fri 10:00 AM - 01:00 PM,
10478,4935,325,Sat Sun Mon Tue Wed Thur 06:30 PM - 09:00 PM,
10480,4936,325,Fri 10:00 AM - 00:00 PM,
10482,4936,313,,
10483,4937,325,Fri 10:00 AM - 02:00 PMFri 07:00 PM - 10:00 PM,
10485,4937,125,Sat Thur Fri 07:00 PM - 08:00 PM,
10486,4938,325,Sat Sun Mon Wed 05:00 PM - 08:30 PMTue 05:00 PM - 06:00 PM,
10488,4938,233,,
10489,4939,7,Sun Tue Thur Sat Mon 06:00 PM - 09:00 PM,
10491,4939,148,,
10492,4940,7,Sat Sun Mon Tue Wed Thur 05:00 PM - 07:00 PM,
10494,4941,7,Sat Mon Wed 05:00 PM - 07:00 PM,
10496,4942,7,Sun Tue Thur 07:00 PM - 09:00 PM,
10498,4943,7,Sat Sun Mon Tue Wed Thur 05:00 PM - 08:00 PM,
10500,4944,325,Sat Mon Fri 05:00 PM - 09:00 PM,
10502,4945,7,Sat Mon Wed Fri 06:00 PM - 09:00 PM,
10504,4946,7,Sat Sun Mon Tue Wed Thur 10:00 AM - 02:00 PM,
10506,4947,7,Sat Sun Mon Tue Wed Thur 06:00 PM - 10:00 PM,
10508,4948,7,,
10510,4949,7,Sun Tue Thur 04:00 PM - 06:00 PM,
10512,4950,7,Mon Fri 07:00 PM - 09:00 PM,
10514,4950,50,,
10515,4951,7,Sat Sun Wed Thur 04:00 PM - 08:00 PM,
10517,4952,7,Sun Mon Wed Fri 05:00 PM - 09:00 PM,
10519,4953,7,,
10521,4954,7,,
10523,4955,7,Sat Sun Mon Tue Wed Thur 05:00 PM - 09:00 PM,
10525,4956,7,,
10527,4957,7,Sat Sun Mon Tue Wed Thur 9:00 AM - 01:00 PM,
10529,4958,7,Sat Sun Mon Tue Wed Thur 07:00 PM - 10:00 PM,
10531,4959,7,Sat Sun Mon Tue Wed Thur 07:00 PM - 10:00 PM,
10533,4959,93,,
10534,4960,325,Sat Sun Mon Tue Wed Thur 04:00 PM - 06:00 PM,
10536,4960,313,,
10537,4961,7,Sun Tue Thur 06:00 PM - 09:00 PM,
10539,4961,321,Sat Mon Wed 06:00 PM - 09:00 PM,
10540,4962,7,Sat Sun Mon Tue Wed Thur 03:00 PM - 06:00 PM,
10542,4963,7,Sun Wed 05:00 PM - 09:00 PM,
10544,4963,215,,
10545,4963,75,,
10546,4964,7,Wed Mon 05:00 PM - 08:00 PM,
10548,4965,7,Mon Tue Wed Thur 06:00 PM - 09:00 PM,
10550,4966,7,Sat Mon Tue Wed Thur 06:00 PM - 09:00 PM,
10552,4966,175,,
10553,4966,203,,
10554,4967,7,Sat Sun Mon Tue Wed Thur 06:00 PM - 09:00 PM,
10556,4968,7,Sat Mon Wed 10:00 AM - 01:00 PM,
10558,4968,20,,
10559,4969,7,Mon Wed Fri 06:00 PM - 09:00 PM,
10561,4970,7,Sat Mon Wed 05:00 PM - 09:00 PM,
10563,4971,7,Sun Tue Thur 03:00 PM - 05:00 PM,
10565,4972,327,Sat Sun Mon Tue Wed Thur 10:00 AM - 09:00 PM,
10567,4973,325,Sat Mon Wed 08:30 PM - 10:00 PM,
10569,4973,176,,
10570,4974,325,Wed Thur Fri 10:00 AM - 00:00 PM,
10572,4975,325,Sat Sun Mon Tue Wed Thur 05:00 PM - 09:00 PM,
10574,4975,176,,
10575,4976,325,Sat 05:00 PM - 08:00 PM,
10577,4977,325,Fri 05:00 PM - 08:00 PM,
10579,4978,325,Sun Tue 04:00 PM - 06:00 PMFri 05:00 PM - 08:00 PM,
10581,4978,320,,
10582,4979,325,Sat Mon Tue Wed 10:00 AM - 00:00 PM,
10584,4979,181,,
10585,4980,325,Sat Sun Mon Tue Wed 07:00 PM - 09:00 PM,
10587,4981,325,Fri 10:00 AM - 03:00 PM,
10589,4982,325,Sat Sun Mon Tue Wed Thur 06:00 PM - 09:00 PM,
10591,4983,323,,
10593,4984,325,Sat Sun Mon Tue Wed Thur 07:30 PM - 08:30 PM,
10595,4985,7,Sun Tue Thur 06:00 PM - 09:00 PM,
10597,4986,7,Sat Mon Wed 06:00 PM - 09:00 PM,
10599,4987,7,Sat Sun Mon Tue Wed Thur 06:00 PM - 08:00 PM,
10601,4987,225,,
10602,4988,7,Sat Mon Wed 10:00 AM - 01:00 PM,
10604,4989,7,Sun Tue Thur 03:00 PM - 06:00 PM,
10606,4990,95,Sat Sun Mon Tue Wed Thur 05:00 PM - 07:00 PM,
10608,4991,95,Sat Sun Mon Tue Wed 07:00 PM - 09:00 PM,
10610,4992,95,Sun Tue Thur 08:00 PM - 10:00 PM,
10612,4992,56,,
10613,4992,28,,
10614,4992,115,,
10615,4993,95,Thur Fri 05:00 PM - 09:00 PM,
10617,4994,95,Sat Sun Mon 06:00 PM - 09:00 PM,
10619,4994,127,,
10620,4995,95,Sat Sun Mon Tue Wed Thur 06:00 PM - 09:00 PM,
10622,4995,317,,
10623,4996,95,,
10625,4997,95,Sat Sun Mon Tue Wed Thur 11:00 AM - 02:00 PM,
10627,4998,95,Sat Sun Mon Tue Wed Thur 06:00 PM - 09:00 PM,
10629,4999,95,Sun Tue Thur Fri 07:00 PM - 09:00 PM,
10631,5000,95,Sat Mon Wed 06:00 PM - 10:00 PM,
10633,5001,95,,
10635,5002,95,Sat Sun Mon Tue Wed Thur 06:00 PM - 09:00 PM,
10637,5003,95,Sun Mon Tue Wed 11:00 AM - 02:00 PM,
10639,5004,95,,
10641,5005,95,,
10643,5006,95,Sat Wed 06:00 PM - 08:00 PM,
10645,5007,327,Sat Sun Mon Tue Wed Thur 06:00 PM - 09:00 PM,
10647,5008,327,Sat Sun Mon Tue Wed Thur 06:00 PM - 09:00 PM,
10649,5008,315,Sun Fri 02:00 PM - 04:00 PM,
10650,5009,327,Sat Sun Mon Tue Wed Thur 06:00 PM - 09:00 PM,
10652,5010,327,Sat Sun Mon Tue Wed Thur 06:00 PM - 09:00 PM,
10654,5011,327,Sat Sun Mon Tue Wed Thur 06:00 PM - 09:00 PM,
10656,5012,327,Sat Sun Mon Tue Wed Thur 06:00 PM - 09:00 PM,
10658,5013,327,Sat Sun Mon Tue Wed Thur 06:00 PM - 09:00 PM,
10660,5014,327,Sat Sun Mon Tue Wed Thur 06:00 PM - 09:00 PM,
10662,5015,327,Sat Sun Mon Tue Wed Thur 06:00 PM - 09:00 PM,
10664,5016,327,Sat Sun Mon Tue Wed Thur 06:00 PM - 09:00 PM,
10666,5017,327,Sat Sun Mon Tue Wed Thur 06:00 PM - 09:00 PM,
10668,5018,327,Sat Sun Mon Tue Wed Thur 06:00 PM - 09:00 PM,
10670,5019,327,Sat Sun Mon Tue Wed Thur 06:00 PM - 09:00 PM,
10672,5020,95,Sun Tue Thur 07:00 PM - 09:00 PM,
10674,5021,95,,
10676,5022,95,Sat Sun Mon Tue Wed Thur 06:00 PM - 08:00 PM,
10678,5023,95,Sat Mon Wed 07:00 PM - 09:00 PM,
10680,5024,95,Sat Mon Wed 05:00 PM - 07:00 PM,
10682,5025,95,Sun Tue Thur 06:00 PM - 08:00 PM,
10684,5025,193,,
10685,5025,121,,
10686,5026,95,,
10688,5027,95,Sat Sun Mon Tue 10:00 AM - 02:00 PM,
10690,5028,95,Sat Sun Mon Tue Thur 07:00 PM - 09:00 PM,
10692,5029,95,Sun Tue Thur 05:00 PM - 07:00 PM,
10694,5030,95,,
10696,5031,95,,
10698,5032,95,,
10700,5032,111,,
10701,5033,95,Sun Fri 04:00 PM - 06:00 PM,
10703,5033,126,,
10704,5034,95,Tue Thur Fri 06:00 PM - 09:00 PM,
10706,5035,95,Sat Mon Wed 05:00 PM - 09:00 PM,
10708,5036,95,,
10710,5037,95,Sat Sun Mon Tue Wed 06:00 PM - 09:00 PM,
10712,5038,95,Sun Tue Thur 05:00 PM - 09:00 PM,
10714,5039,95,,
10716,5039,175,,
10717,5040,95,,
10719,5041,95,Sat Mon Wed 05:00 PM - 09:00 PM,
10721,5042,95,Sat Sun Mon Tue Wed Thur 10:00 AM - 11:00 AM,
10723,5042,20,,
10724,5043,95,Sat Mon Wed 05:00 PM - 08:00 PM,
10726,5044,95,,
10728,5045,95,Sun Tue 05:00 PM - 07:00 PMFri 07:00 PM - 09:00 PM,
10730,5046,95,Sun Tue 06:00 PM - 08:00 PM,
10732,5046,313,Sat Sun Mon Tue Wed Thur 07:30 PM - 08:00 PM,
10733,5047,95,,
10735,5047,232,,
10736,5048,95,Sat Sun Tue Thur 05:00 PM - 07:00 PM,
10738,5049,95,,
10740,5050,95,Sun 06:00 PM - 08:00 PMFri 10:00 AM - 00:00 PM,
10742,5051,95,Sun Tue Thur 06:00 PM - 08:00 PM,
10744,5052,95,Sat Sun Mon Tue Wed Thur 06:00 PM - 09:00 PM,
10746,5053,95,Sat Mon 04:00 PM - 06:00 PMThur 06:00 PM - 08:00 PM,
10748,5054,222,,
10750,5055,327,Sat Sun Mon Tue Wed Thur 06:00 PM - 09:00 PM,
10752,5055,317,Sat Mon Wed 05:00 PM - 07:00 PM,
10753,5056,327,Sat Sun Mon Tue Wed Thur 06:00 PM - 09:00 PM,
10755,5057,327,Sat Sun Mon Tue Wed Thur 06:00 PM - 09:00 PM,
10757,5058,327,Sat Sun Mon Tue Wed Thur 06:00 PM - 09:00 PM,
10759,5058,4,"Satmasjid Road Dhanmondi C/A, Satmasjid Road, Dhanmondi, Dhaka-1209,Bangladesh | Availability: Sat 9:00 AM",
10760,5059,327,Sat Sun Mon Tue Wed Thur 06:00 PM - 09:00 PM,
10762,5060,327,Sat Sun Mon Tue Wed Thur 06:00 PM - 09:00 PM,
10764,5061,327,Sat Sun Mon Tue Wed Thur 06:00 PM - 09:00 PM,
10766,5062,327,Sat Sun Mon Tue Wed Thur 06:00 PM - 09:00 PM,
10768,5063,327,Sat Sun Mon Tue Wed Thur 06:00 PM - 09:00 PM,
10770,5064,327,Sat Sun Mon Tue Wed Thur 06:00 PM - 09:00 PM,
10772,5065,327,Sat Sun Mon Tue Wed Thur 06:00 PM - 09:00 PM,
10774,5066,327,Sat Sun Mon Tue Wed Thur 06:00 PM - 09:00 PM,
10776,5067,327,Sat Sun Mon Tue Wed Thur 06:00 PM - 09:00 PM,
10778,5068,327,Sat Sun Mon Tue Wed Thur 06:00 PM - 09:00 PM,
10780,5069,95,Sat Sun Mon Tue Wed Thur 07:00 PM - 09:00 PM,
10782,5070,95,,
10784,5070,20,,
10785,5071,95,,
10787,5072,327,Sat Sun Mon Tue Wed Thur 06:00 PM - 09:00 PM,
10789,5073,95,Sat Sun Mon Tue Wed Thur 06:00 PM - 08:00 PM,
10791,5073,109,,
10792,5074,95,Sun Tue Thur 05:00 PM - 08:00 PM,
10794,5075,95,,
10796,5076,95,Sat Sun Mon Tue 04:00 PM - 06:00 PM,
10798,5076,109,Fri 10:00 AM - 04:00 PM,
10799,5077,95,Sat Mon Wed 05:00 PM - 08:00 PM,
10801,5077,224,,
10802,5078,95,,
10804,5079,95,Sat Sun Mon Tue Wed Thur Fri 08:00 PM - 10:00 PM,
10806,5079,176,,
10807,5079,320,,
10808,5080,95,Sat Mon Wed 07:00 PM - 09:00 PM,
10810,5081,95,,
10812,5082,95,Sat Sun Mon Tue Wed Thur Fri 08:00 PM - 09:00 PM,
10814,5083,95,,
10816,5084,95,,
10818,5085,95,,
10820,5086,95,Sat Mon Wed 10:00 AM - 00:00 PM,
10822,5087,95,Sat Sun Mon Tue Wed 05:00 PM - 08:00 PM,
10824,5088,95,,
10826,5089,95,Sun Tue Thur 06:00 PM - 08:00 PM,
10828,5090,95,Sat Mon Wed 06:00 PM - 08:00 PM,
10830,5091,95,Sun Tue Thur 05:00 PM - 07:00 PM,
10832,5091,109,Fri 10:00 AM - 06:00 PM,
10833,5092,48,Sat Sun Mon Tue Wed Thur 8:00 AM - 02:30 PM,
10835,5092,125,,
10836,5093,48,,
10838,5094,48,Sat Sun Mon Tue Wed Thur 8:00 AM - 02:30 PM,
10840,5095,48,Sat Sun Mon Tue Wed Thur 8:00 AM - 02:30 PM,
10842,5096,48,Sat Sun Mon Tue Wed Thur Fri 8:00 AM - 02:30 PMSun Tue Wed Fri 05:00 PM - 08:00 PM,
10844,5097,48,Sat Sun Mon Tue Wed Thur 8:00 AM - 02:30 PM,
10846,5098,48,Sat Sun Mon Tue Wed Thur 8:00 AM - 02:30 PM,
10848,5098,202,,
10849,5099,48,Sat Sun Mon Tue Wed Thur 8:00 AM - 02:30 PM,
10851,5100,48,Sat Sun Mon Tue Wed 8:30 AM - 02:30 PM,
10853,5100,317,Sun Tue Fri 06:00 PM - 08:00 PM,
10854,5101,48,Sat Mon Wed Thur 8:00 AM - 02:30 PM,
10856,5101,328,Sat Tue 05:00 PM - 09:00 PM,
10857,5101,198,,
10858,5101,117,,
10859,5102,48,Sat Sun Mon Tue Wed Thur 8:00 AM - 02:30 PM,
10861,5103,48,Sat Sun Mon Tue Wed Thur 9:00 AM - 05:00 PM,
10863,5103,327,,
10864,5104,48,Sat Sun Mon Tue Wed Thur 8:00 AM - 02:30 PM,
10866,5105,48,Sat Sun Mon Tue Wed Thur 9:00 AM - 05:00 PM,
10868,5106,48,Sat Sun Mon Tue Wed Thur 9:00 AM - 05:00 PM,
10870,5107,48,Sat Sun Mon Tue Wed Thur 9:00 AM - 05:00 PM,
10872,5108,95,,
10874,5109,95,,
10876,5109,20,,
10877,5110,95,,
10879,5111,316,Sun Tue Thur 05:00 PM - 07:00 PM,
10881,5112,316,,
10883,5113,316,Sun Mon Tue Wed Thur 06:00 PM - 08:00 PM,
10885,5113,88,,
10886,5114,316,Sat Sun Mon Tue Wed Thur 9:00 AM - 01:00 PM,
10888,5115,170,Sun Tue Thur 07:00 PM - 09:00 PM,
10890,5115,118,,
10891,5115,44,Sat Mon Fri 07:30 PM - 09:00 PM,
10892,5116,316,Sun Tue Thur 07:00 PM - 09:00 PM,
10894,5117,316,,
10896,5117,194,,
10897,5118,118,Sat Sun Mon Tue Wed Thur 05:00 PM - 09:00 PM,
10899,5119,316,Sat Sun Tue Wed Thur 07:00 PM - 09:00 PM,
10901,5120,48,Sat Sun Mon Tue Wed Thur 9:00 AM - 05:00 PM,
10903,5121,48,Sat Sun Mon Tue Wed Thur 9:00 AM - 05:00 PM,
10905,5122,48,Sat Sun Mon Tue Wed Thur 9:00 AM - 05:00 PM,
10907,5123,48,Sat Sun Mon Tue Wed Thur 8:00 AM - 02:30 PMSat Sun Tue Wed Fri 05:00 PM - 09:00 PM,
10909,5124,48,Sat Sun Mon Tue Wed Thur 8:00 AM - 02:30 PM,
10911,5125,48,Sun Tue Thur 05:00 PM - 09:00 PM,
10913,5126,48,Sat Sun Mon Tue Wed Thur 8:00 AM - 03:00 PM,
10915,5127,48,Sat Sun Mon Tue Wed Thur 8:00 AM - 04:00 PMFri 10:00 AM - 01:00 PM,
10917,5128,48,Sat Sun Mon Tue Wed Thur 8:00 AM - 02:30 PM,
10919,5129,48,Sat Mon Thur 8:00 AM - 02:30 PM,
10921,5129,223,,
10922,5130,48,Sat Sun Mon Tue Wed 8:00 AM - 02:30 PM,
10924,5130,89,,
10925,5130,20,,
10926,5131,118,Sat Sun Mon Tue Wed Thur 06:00 PM - 09:00 PM,
10928,5132,48,Sun Thur 03:00 PM - 07:00 PM,
10930,5132,44,Sat Mon Wed 07:00 PM - 08:30 PM,
10931,5133,48,Sun Thur 03:00 PM - 07:00 PM,
10933,5134,48,Sat Sun Mon Tue Wed Thur 9:00 AM - 05:00 PM,
10935,5135,118,Sat Sun Mon Tue Wed Thur 03:00 PM - 06:00 PM,
10937,5135,4,"Satmasjid Road Dhanmondi C/A, Satmasjid Road, Dhanmondi, Dhaka-1209,Bangladesh | Availability: ",
10938,5136,316,Sat Sun Mon Tue Wed Thur 03:00 PM - 07:00 PM,
10940,5136,315,,
10941,5136,201,,
10942,5137,170,,
10944,5138,316,,
10946,5139,170,Sat Mon Wed 06:00 PM - 09:00 PM,
10947,5139,170,,
10948,5139,172,Sat Mon Wed 06:00 PM - 09:00 PM,
10949,5140,316,,
10951,5141,316,,
10953,5142,6,Fri 9:00 AM - 01:00 PM,
10955,5143,6,,
10957,5143,121,,
10958,5144,6,,
10960,5145,6,,
10962,5146,48,,
10964,5147,48,Sat Sun Mon Tue Wed Thur 8:00 AM - 02:30 PM,
10966,5147,313,,
10967,5148,48,Sat Sun Mon Tue Wed Thur 9:00 AM - 05:00 PM,
10969,5149,48,Sat Sun Mon Tue Wed Thur 8:00 AM - 02:30 PM,
10971,5149,75,,
10972,5150,48,Sat Sun Tue 05:00 PM - 09:00 PMFri 10:00 AM - 03:00 PM,
10974,5151,48,Sat Sun Mon Wed Thur 05:00 PM - 09:00 PM,
10976,5152,48,Sat Sun Mon Tue Wed Thur 8:00 AM - 02:30 PM,
10978,5153,48,Sat Sun Mon Tue Wed Thur 8:00 AM - 02:30 PM,
10980,5153,93,,
10981,5154,48,Sat Sun Mon Tue Wed Thur 8:00 AM - 02:30 PM,
10983,5155,48,Sat Sun Mon Tue Wed Thur 8:00 AM - 02:30 PM,
10985,5156,48,Sat Sun Mon Tue Wed Thur 8:00 AM - 02:30 PMSat Sun Mon Tue Wed Thur 05:00 PM - 09:00 PMFri 10:00 AM - 0,
10987,5157,48,Sat Sun Mon Tue Wed Thur 11:00 AM - 02:00 PMSat Sun Mon Wed 05:00 PM - 09:00 PMFri 10:00 AM - 02:00 PM,
10989,5158,48,Sat Sun Mon Tue Wed Thur 8:00 AM - 02:30 PM,
10991,5159,48,Sun Tue 03:00 PM - 07:00 PMFri 10:00 AM - 03:00 PM,
10993,5160,48,Sat Sun Mon Tue Wed Thur 05:00 PM - 09:00 PMFri 10:00 AM - 01:00 PM,
10995,5161,48,Sat Sun Mon Tue Wed Thur 9:00 AM - 05:00 PM,
10997,5162,48,Sat Sun Mon Tue Wed Thur 9:00 AM - 05:00 PM,
10999,5163,48,Sat Sun Mon Tue Wed Thur 8:00 AM - 02:30 PM,
11001,5164,326,Fri 10:00 AM - 04:00 PM,
11002,5164,326,,
11003,5164,6,Fri 10:00 AM - 04:00 PM,
11004,5165,6,,
11006,5166,6,Fri 10:00 AM - 01:00 PM,
11008,5167,6,Sun Thur 04:00 PM - 07:00 PM,
11010,5167,43,,
11011,5168,48,Sat Sun Mon 8:00 AM - 02:30 PM,
11013,5169,48,Sat Mon Wed 9:00 AM - 04:00 PM,
11015,5170,48,Tue Thur Fri 10:00 AM - 04:00 PM,
11017,5171,48,Sat Sun Mon Tue Wed 8:00 AM - 02:30 PM,
11019,5172,6,,
11021,5173,6,,
11023,5174,6,,
11025,5175,6,,
11027,5176,6,,
11029,5177,6,,
11031,5178,6,Sat Sun Mon Tue Wed Thur 06:00 PM - 09:00 PM,
11032,5178,6,,
11033,5178,314,Sat Sun Mon Tue Wed Thur 06:00 PM - 09:00 PM,
11034,5179,6,Sat Sun Mon Tue Wed Thur 03:00 PM - 08:00 PM,
11036,5180,6,,
11038,5181,6,,
11040,5182,6,,
11042,5182,122,,
11043,5183,6,Sat Sun Mon Tue Wed Thur 01:00 PM - 03:00 PM,
11045,5184,6,,
11047,5185,6,Sat Wed Fri 04:00 PM - 08:00 PM,
11049,5186,6,Sat Sun Mon Tue Wed Thur 07:00 PM - 09:00 PM,
11051,5187,48,Sat Sun Mon Tue Wed Thur 8:00 AM - 02:30 PM,
11053,5187,7,,
11054,5187,203,,
11055,5188,6,,
11057,5189,6,,
11059,5190,6,Sat Mon Wed 04:00 PM - 08:00 PM,
11061,5190,50,,
11062,5191,6,,
11064,5192,6,,
11066,5192,161,,
11067,5193,6,,
11069,5194,6,,
11071,5195,6,,
11073,5196,48,Sat Sun Mon Tue Wed Thur 8:00 AM - 02:30 PM,
11075,5197,48,,
11077,5198,48,,
11079,5199,48,,
11081,5200,48,,
11083,5201,48,Sat Mon Wed 9:00 AM - 04:00 PM,
11085,5201,122,,
11086,5202,48,Sat Sun Tue Wed 8:00 AM - 02:30 PMMon Thur 05:00 PM - 09:00 PM,
11088,5203,48,Sat Mon Thur 8:00 AM - 02:30 PMWed Fri 05:00 PM - 09:00 PM,
11090,5204,48,Sat Sun Mon Tue Wed Thur Fri 10:00 AM - 03:00 PMSat Sun Mon Tue Wed Thur Fri 05:00 PM - 09:00 PM Book A,
11092,5205,6,,
11094,5206,48,Sat Sun Mon Tue Wed Thur 8:00 AM - 02:30 PM,
11096,5207,6,Fri 04:00 PM - 08:00 PM,
11098,5208,48,Sat Sun Mon Tue Wed Thur 8:00 AM - 02:30 PM,
11100,5208,20,,
11101,5209,6,Sat Mon Wed 9:00 AM - 01:00 PMSat Mon Wed 04:00 PM - 06:00 PM,
11103,5210,48,Sat Sun Mon Tue Wed Thur 8:00 AM - 02:30 PMSat Sun Mon Tue Wed 05:00 PM - 09:00 PM,
11105,5211,48,Sat Sun Mon Tue Wed Thur 8:00 AM - 02:30 PMSat Sun Mon Tue Wed Thur 05:00 PM - 08:00 PM,
11107,5212,6,Sat Sun Mon Tue Wed Thur 04:00 PM - 08:00 PM,
11109,5213,6,Sat Sun Mon Tue Wed Thur 05:00 PM - 08:00 PM,
11111,5214,6,Sun Tue 05:00 PM - 08:00 PM,
11113,5215,6,,
11115,5216,6,Fri 04:00 PM - 06:00 PM,
11116,5216,6,,
11117,5216,314,,
11118,5216,50,Fri 04:00 PM - 06:00 PM,
11119,5217,6,,
11121,5218,6,,
11123,5219,6,,
11125,5220,6,Sun Tue 04:00 PM - 08:00 PMFri 11:00 AM - 03:00 PM,
11127,5221,6,,
11129,5222,6,,
11131,5223,6,,
11133,5224,6,Sun Tue Thur 04:00 PM - 07:00 PM,
11135,5225,6,,
11137,5226,6,Sat Sun Mon Tue Wed Thur 06:00 PM - 09:00 PM,
11139,5227,6,,
11141,5228,6,,
11143,5228,121,,
11144,5229,6,,
11146,5229,20,,
11147,5230,6,,
11149,5231,48,Fri 10:00 AM - 02:00 PM,
11151,5232,48,Sat Sun Mon Tue Wed Thur 9:00 AM - 05:00 PM,
11153,5233,48,Sat Sun Mon Tue Wed Thur 8:00 AM - 02:30 PM,
11155,5233,154,"Monsur Ali Medical College & HospitalPlot# 26 & 26/A, Road # 10, Sector # 11, Uttara Model Town, Dhaka-",
11156,5233,122,,
11157,5233,117,,
11158,5234,48,Sat Sun Mon Tue Wed Thur 8:00 AM - 02:30 PMSat Sun Mon Tue Wed Thur 05:00 PM - 08:00 PM,
11160,5235,48,Sat Sun Mon Tue Wed Thur 8:00 AM - 02:30 PM,
11162,5236,48,Sat Sun Mon Tue Wed Thur 8:00 AM - 02:30 PM,
11164,5237,48,,
11166,5238,48,Tue 05:00 PM - 09:00 PMFri 10:00 AM - 03:00 PM,
11168,5239,48,Sat Sun Mon Tue Wed Thur 8:00 AM - 05:00 PM,
11170,5240,48,Sat Sun Mon Tue Wed Thur 8:00 AM - 02:30 PM,
11172,5240,108,,
11173,5241,48,Sun Tue 06:00 PM - 09:00 PM,
11175,5242,48,Sat Sun Mon Tue Wed Thur 8:00 AM - 02:30 PM,
11177,5243,48,,
11179,5244,48,,
11181,5245,6,Sat Sun Mon Tue Thur 03:00 PM - 07:00 PM,
11183,5245,89,,
11184,5246,6,,
11186,5247,6,,
11188,5248,6,,
11190,5249,6,,
11192,5250,6,,
11194,5251,6,,
11196,5252,222,,
11198,5253,6,,
11200,5254,6,,
11202,5255,6,,
11204,5256,6,,
11206,5257,6,,
11208,5258,6,,
11210,5259,6,,
11212,5260,6,,
11214,5261,6,,
11216,5261,5,,
11217,5262,48,,
11219,5263,48,,
11221,5264,117,,
11223,5265,48,Sat Mon Tue Wed Thur 8:00 AM - 02:30 PMSun 8:00 AM - 02:00 PM,
11225,5266,322,,
11227,5267,57,,
11229,5268,212,Sat Sun Mon Tue Wed Thur 05:00 PM - 10:00 PM,
11231,5268,48,Sat Sun Mon Tue Wed Thur 8:00 AM - 02:30 PM,
11232,5269,141,Sat Sun Mon Wed Thur 05:00 PM - 07:00 PM,
11234,5270,56,Sun Thur 07:00 PM - 09:30 PMTue 05:00 PM - 07:00 PM,
11236,5271,257,Sat Mon Wed 05:00 PM - 08:00 PM,
11238,5272,20,,
11240,5273,20,Sat Sun Mon Tue Wed Thur 07:00 PM - 09:00 PM,
11242,5273,48,,
11243,5274,6,Sat Sun Mon Tue Wed Thur 03:00 PM - 08:00 PM,
11245,5275,6,Sat Mon Wed 08:00 PM - 11:00 PM,
11247,5276,6,Sat Wed 05:00 PM - 09:00 PM,
11249,5277,6,Fri 04:00 PM - 08:00 PM,
11251,5278,6,Sat Sun Mon Tue Wed Thur 04:00 PM - 09:00 PM,
11253,5279,6,Sat Sun Mon Tue Wed Thur 05:00 PM - 08:00 PM,
11255,5280,6,Sun Tue Thur 04:00 PM - 08:00 PM,
11257,5281,6,Sat Mon 04:00 PM - 08:00 PMFri 11:00 AM - 06:00 PM,
11259,5282,6,Sun Tue Thur 04:00 PM - 07:00 PMFri 10:00 AM - 01:00 PM,
11261,5283,6,Sat Sun Mon Tue Wed Thur 04:00 PM - 08:00 PM,
11263,5284,6,Sat Sun Mon Tue Wed 00:00 PM - 03:30 PM,
11265,5285,6,Sun Tue Thur 04:00 PM - 07:00 PM,
11267,5285,75,,
11268,5286,6,Sat Mon Wed 05:00 PM - 07:00 PM,
11270,5287,6,Sun 05:00 PM - 07:00 PM,
11272,5288,6,Sat Sun Mon Wed 04:00 PM - 08:00 PMFri 10:00 AM - 01:00 PM,
11274,5288,115,,
11275,5289,6,Sun Tue 03:00 PM - 08:00 PM,
11277,5290,6,Sat Mon Wed 02:00 PM - 04:00 PM,
11279,5291,6,Fri 04:00 PM - 08:00 PM,
11281,5292,6,Sat Sun Mon Tue Wed Thur 03:00 PM - 09:00 PM,
11283,5293,12,,
11285,5294,12,,
11287,5295,189,Tue Thur 03:00 PM - 08:00 PM,
11289,5296,12,,
11291,5297,12,,
11293,5298,12,,
11295,5299,12,,
11297,5300,12,,
11299,5301,12,Sat Sun Tue Wed Thur 04:00 PM - 09:30 PM,
11301,5302,12,Sat Sun Mon Tue Wed Thur 06:00 PM - 09:00 PM,
11302,5302,12,,
11303,5302,327,Sat Sun Mon Tue Wed Thur 06:00 PM - 09:00 PM,
11304,5302,122,,
11305,5303,12,,
11307,5304,12,,
11309,5304,329,,
11310,5305,12,,
11312,5306,12,,
11314,5307,12,,
11316,5308,6,Sat Mon Wed Fri 04:00 PM - 09:00 PM,
11318,5309,6,Sat Sun Mon Tue Wed Thur 04:00 PM - 08:00 PM,
11320,5310,12,,
11322,5310,70,,
11323,5311,6,Sat Mon Wed 11:00 AM - 01:00 PMSun Thur 05:00 PM - 07:00 PM,
11325,5312,12,,
11327,5312,122,,
11328,5313,12,,
11330,5314,6,Sat Sun Mon Tue Wed Thur 06:00 PM - 09:00 PM,
11332,5315,6,Mon Tue Thur 06:00 PM - 09:00 PM,
11334,5316,6,Sat Mon Wed Fri 04:00 PM - 09:00 PM,
11336,5316,314,,
11337,5317,6,Sun Tue Thur 06:00 PM - 08:00 PMFri 10:00 AM - 07:00 PM,
11339,5318,6,Sat Mon Wed 04:00 PM - 08:00 PMFri 10:00 AM - 02:00 PM,
11341,5319,6,Sat Mon Tue Wed Thur Fri 04:00 PM - 08:00 PM,
11343,5320,6,Sat Mon Wed 04:00 PM - 07:00 PM,
11345,5321,6,Fri 10:00 AM - 04:00 PM,
11347,5322,12,,
11349,5322,20,,
11350,5323,12,,
11352,5324,12,,
11354,5325,12,,
11356,5326,12,,
11358,5327,12,,
11360,5328,12,,
11362,5328,330,,
11363,5329,12,,
11365,5329,330,,
11366,5330,12,,
11368,5331,12,Sat Sun Mon Tue Wed 10:30 AM - 01:00 PM,
11370,5332,12,,
11372,5333,12,,
11374,5334,12,,
11376,5335,12,"Satmasjid Road Opposite of Anam Rangs Plaza, Dhanmondi, Dhaka-1209,Bangladesh | Availability: ",
11377,5335,12,,
11378,5335,219,"Satmasjid Road Opposite of Anam Rangs Plaza, Dhanmondi, Dhaka-1209,Bangladesh | Availability: ",
11379,5336,12,,
11381,5337,12,,
11383,5337,198,,
11384,5338,12,,
11386,5339,12,,
11388,5340,12,,
11390,5341,12,,
11392,5342,12,,
11394,5343,12,,
11396,5344,12,,
11398,5344,95,,
11399,5345,12,Sat Sun Mon Tue Wed Thur 10:00 AM - 05:00 PM,
11401,5345,206,Sat Sun Mon Tue Wed Thur 10:00 AM - 05:00 PM,
11402,5346,12,,
11404,5347,57,Sun 06:00 PM - 07:00 PM,
11406,5347,201,Sun 02:00 PM - 03:00 PM,
11407,5347,303,"Satmasjid Road, 3, Dhanmondi, Dhaka-1205,Bangladesh | Availability: Sat Mon Tue 04:00 PM - 07:00 PM Book Ap",
11408,5348,12,,
11410,5349,12,,
11412,5349,215,,
11413,5349,28,,
11414,5349,169,,
11415,5350,12,,
11417,5351,12,,
11419,5352,12,,
11421,5353,12,,
11423,5354,12,,
11425,5355,12,,
11427,5356,12,,
11429,5357,12,,
11431,5358,316,Sat Mon Tue Thur 04:00 PM - 07:00 PM,
11433,5359,316,Sat Sun Mon Tue Wed Thur 07:00 PM - 09:00 PM,
11435,5360,316,Sat Sun Mon Tue Wed Thur 06:00 PM - 09:00 PM,
11437,5361,316,Fri 06:00 PM - 09:00 PM,
11439,5362,50,Sat Sun Mon Tue Wed Thur 07:00 PM - 09:00 PM,
11441,5363,316,Sat Sun Mon Tue Wed Thur 06:00 PM - 09:00 PM,
11443,5364,316,Sat Sun Mon Tue Wed Thur 06:00 PM - 09:00 PM,
11445,5365,316,Sat Sun Mon Tue Wed Thur 05:00 PM - 07:00 PM,
11447,5366,316,Sat Sun Mon Tue Wed Thur 06:00 PM - 08:00 PM,
11449,5367,316,,
11451,5368,316,,
11453,5369,316,,
11455,5370,170,"Satmasjid Road Dhanmondi C/A, Satmasjid Road, Dhanmondi, Dhaka-1209,Bangladesh | Availability: Sat Sun Mon",
11456,5370,170,,
11457,5370,215,,
11458,5370,4,"Satmasjid Road Dhanmondi C/A, Satmasjid Road, Dhanmondi, Dhaka-1209,Bangladesh | Availability: Sat Sun Mon",
11459,5371,316,,
11461,5372,118,,
11463,5373,316,,
11465,5374,316,,
11467,5374,12,,
11468,5375,316,,
11470,5376,316,Sat Sun Tue Thur 02:30 PM - 04:00 PM,
11472,5377,170,,
11474,5378,316,Sat Sun Mon Tue Wed Thur 07:00 PM - 09:00 PM,
11476,5379,316,Sat Sun Mon Tue Wed Thur Fri 07:00 PM - 09:00 PM,
11478,5380,316,Sat Sun Mon Tue Wed Thur Fri 9:00 AM - 02:00 PM,
11480,5381,316,,
11482,5381,313,,
11483,5382,316,,
11485,5383,316,,
11487,5384,316,,
11489,5385,316,,
11491,5386,331,Sat Mon Wed 11:30 AM - 05:00 PM,
11493,5387,316,Sat Sun Mon Tue Wed Thur 07:00 PM - 09:00 PM,
11495,5387,122,,
11496,5388,316,,
11498,5389,316,Sat Sun Mon Tue Wed Thur 07:00 PM - 09:00 PM,
11500,5389,44,Sat Sun Tue Wed Thur 07:00 PM - 09:00 PM,
11501,5390,118,Sat Sun Mon Tue Wed Thur 05:00 PM - 07:00 PM,
11503,5390,231,,
11504,5391,316,Sun Mon Wed 04:00 PM - 08:00 PM,
11505,5391,316,,
11506,5391,144,Sun Mon Wed 04:00 PM - 08:00 PM,
11507,5392,316,,
11509,5393,316,,
11511,5394,316,,
11513,5394,317,,
11514,5394,234,,
11515,5395,316,,
11517,5395,12,,
11518,5396,316,,
11520,5397,316,,
11522,5398,155,,
11524,5398,50,,
11525,5399,316,,
11527,5400,316,,
11529,5401,316,,
11531,5402,170,,
11533,5403,118,,
11535,5404,316,,
11537,5405,118,,
11539,5406,316,,
11541,5407,316,Sat Sun Mon Tue Wed Thur 06:00 PM - 09:00 PM,
11543,5408,316,Sat Sun Mon Tue Wed Thur 10:00 AM - 02:00 PM,
11545,5408,50,,
11546,5409,316,Sat Sun Mon Tue Wed Thur 10:00 AM - 02:00 PM,
11548,5410,316,Sat Sun Mon Tue Wed Thur 06:00 PM - 09:00 PM,
11550,5411,316,,
11552,5412,316,Sat Sun Mon Tue Wed Thur Fri 07:00 PM - 10:00 PM,
11554,5413,316,,
11556,5414,316,,
11558,5415,327,"Satmasjid Road Dhanmondi C/A, Satmasjid Road, Dhanmondi, Dhaka-1209,Bangladesh | Availability: Tue Thur 02:",
11559,5415,327,,
11560,5415,4,"Satmasjid Road Dhanmondi C/A, Satmasjid Road, Dhanmondi, Dhaka-1209,Bangladesh | Availability: Tue Thur 02:",
11561,5416,327,,
11563,5417,12,Sat Sun Mon Tue Wed Thur 06:00 PM - 09:00 PM,
11565,5418,12,Sat 06:00 PM - 08:00 PM,
11567,5418,7,,
11568,5419,12,Sat Sun Mon Tue Wed Thur 06:00 PM - 09:00 PM,
11570,5420,222,Sat Sun Mon Tue Wed Thur 06:00 PM - 11:00 PM,
11572,5421,222,Sat Sun Mon Tue Wed Thur 9:00 AM - 06:00 PM,
11574,5422,222,Sat Sun Mon Tue Wed Thur 9:00 AM - 04:00 PM,
11576,5423,222,Sat Sun Mon Tue Wed Thur 9:00 AM - 03:00 PM,
11578,5424,222,Sat Sun Mon Tue Wed Thur 9:00 AM - 03:00 PM,
11580,5425,222,Sat Sun Mon Tue Wed Thur 9:00 AM - 03:00 PM,
11582,5426,222,Sat Sun Mon Tue Wed Thur 9:00 AM - 03:00 PM,
11584,5427,222,Sat Sun Mon Tue Wed Thur 9:00 AM - 03:00 PM,
11586,5428,222,Sat Sun Mon Tue Wed Thur 9:00 AM - 03:00 PM,
11588,5429,222,Sat Sun Mon Tue Wed Thur 10:00 AM - 03:00 PM,
11590,5429,92,,
11591,5430,222,Sat Sun Mon Tue Wed Thur 03:00 PM - 08:00 PM,
11593,5431,222,Sat Sun Mon Tue Wed Thur 06:00 PM - 09:00 PM,
11595,5432,327,,
11597,5433,222,Sat Sun Mon Tue Wed Thur 9:00 AM - 02:00 PM,
11599,5434,327,,
11601,5435,222,Sat Sun Mon Tue Wed Thur 9:00 AM - 01:00 PM,
11603,5436,327,,
11605,5437,327,,
11607,5438,327,,
11609,5439,332,,
11611,5440,332,,
11613,5441,332,Sat Sun Mon Tue Wed Thur 07:00 PM - 08:30 PM,
11615,5441,314,,
11616,5442,332,Sat Sun Mon Tue Wed Thur 05:00 PM - 09:00 PM,
11618,5443,332,,
11620,5444,222,Sat Sun Mon Tue Wed Thur 06:00 PM - 09:00 PM,
11622,5445,222,Sat Sun Mon Tue Wed Thur 06:00 PM - 09:00 PM,
11624,5445,92,,
11625,5446,222,Sat Sun Mon Tue Wed Thur 9:00 AM - 03:00 PM,
11627,5447,222,Sat Sun Mon Tue Wed Thur 06:00 PM - 10:00 PM,
11629,5448,332,,
11631,5449,222,Sat Sun Mon Tue Wed Thur 9:00 AM - 03:00 PM,
11633,5450,222,Sat Sun Mon Tue Wed Thur 9:00 AM - 03:00 PM,
11635,5451,222,Sat Sun Mon Tue Wed Thur 9:00 AM - 03:00 PM,
11637,5452,222,Sat Sun Mon Tue Wed Thur 10:30 AM - 03:40 PM,
11639,5453,222,Sat Sun Mon Tue Wed Thur 9:00 AM - 04:00 PM,
11641,5454,222,Sat Sun Mon Tue Wed Thur 9:00 AM - 03:00 PM,
11643,5455,332,,
11645,5456,332,,
11647,5457,332,Sun Tue Thur 06:00 PM - 08:00 PM,
11649,5458,332,,
11651,5459,332,Sun Tue 05:00 PM - 09:00 PMThur 04:00 PM - 07:00 PM,
11653,5460,332,,
11655,5461,332,Sat Sun Mon Tue Wed 06:00 PM - 09:00 PMThur 06:00 PM - 08:00 PM,
11657,5462,332,,
11659,5463,332,Sun Tue Thur 05:00 PM - 07:00 PM,
11661,5464,332,,
11663,5464,231,,
11664,5465,222,Sat Sun Mon Tue Wed Thur 9:00 AM - 06:00 PM,
11666,5466,222,Sat Sun Mon Tue Wed Thur 9:00 AM - 05:00 PM,
11668,5467,222,Sat Sun Mon Tue Wed Thur 9:00 AM - 02:00 PM,
11670,5468,222,Sat Sun Mon Tue Wed Thur 9:00 AM - 05:00 PM,
11672,5469,222,Sat Sun Mon Tue Wed Thur 9:00 AM - 03:00 PM,
11674,5470,222,Sat Sun Mon Tue Wed Thur 9:00 AM - 03:00 PM,
11676,5471,222,Sat Sun Mon Tue Wed Thur 9:00 AM - 05:00 PM,
11678,5472,222,Sat Sun Mon Tue Wed Thur 9:00 AM - 07:00 PM,
11680,5473,222,Sat Sun Mon Tue Wed Thur 9:00 AM - 05:00 PM,
11682,5474,222,Sat Sun Mon Tue Wed Thur 05:00 PM - 08:00 PM,
11684,5475,222,Sat Sun Mon Tue Wed Thur 9:00 AM - 03:00 PM,
11686,5476,222,Sat Sun Mon Tue Wed Thur 9:00 AM - 04:00 PM,
11688,5477,222,Sat Sun Mon Tue Wed Thur 9:00 AM - 05:00 PM,
11690,5478,222,Sat Sun Mon Tue Wed Thur 04:00 PM - 08:00 PM,
11692,5479,222,Sat Sun Mon Tue Wed Thur 9:00 AM - 04:00 PM,
11694,5480,332,Sat Sun Mon Thur 05:00 PM - 07:00 PMTue 04:00 PM - 06:00 PM,
11696,5481,332,Sat Mon 04:00 PM - 06:00 PM,
11697,5481,332,,
11698,5481,317,Sat Mon 04:00 PM - 06:00 PM,
11699,5482,332,,
11701,5483,118,,
11703,5484,222,Sat Sun Mon Tue Wed Thur 9:00 AM - 05:00 PM,
11705,5485,332,,
11707,5486,332,,
11709,5487,332,,
11711,5488,332,,
11713,5488,206,,
11714,5489,332,Sun Tue Thur 07:30 PM - 09:00 PM,
11716,5490,222,Sat Sun Mon Tue Wed Thur 9:00 AM - 02:00 PM,
11718,5491,222,Sat Sun Mon Tue Wed Thur 9:00 AM - 06:00 PM,
11720,5492,332,,
11722,5493,332,,
11724,5493,221,,
11725,5494,332,,
11727,5495,222,Sat Sun Mon Tue Wed Thur 9:00 AM - 05:00 PM,
11729,5495,92,,
11730,5496,222,Sat Sun Mon Tue Wed Thur 9:00 AM - 06:00 PM,
11732,5497,222,Sat Sun Mon Tue Wed Thur 9:00 AM - 06:00 PM,
11734,5498,332,Sat Sun Mon Tue Wed Thur 04:00 PM - 05:30 PM,
11736,5499,222,Sat Sun Mon Tue Wed Thur 9:00 AM - 05:00 PM,
11738,5500,332,Sun Tue Thur 11:00 AM - 01:00 PMFri 04:00 PM - 06:00 PM,
11740,5501,332,Sat Sun Mon Tue Thur 05:00 PM - 08:00 PM,
11742,5502,222,Sat Sun Mon Tue Wed Thur 9:00 AM - 05:00 PM,
11744,5503,332,Sat Wed 07:30 PM - 09:00 PMSun Mon Thur 07:00 PM - 08:30 PMTue Fri 08:00 PM - 09:00 PM,
11746,5503,121,,
11747,5504,222,Sat Sun Mon Tue Wed Thur 9:00 AM - 05:00 PM,
11749,5505,57,,
11751,5506,222,Sat Sun Mon Tue Wed Thur 05:00 PM - 09:00 PM,
11753,5507,222,Sat Sun Mon Tue Wed Thur 06:00 PM - 09:00 PM,
11755,5508,332,Mon Wed 04:00 PM - 07:00 PMFri 06:00 PM - 08:00 PM,
11757,5509,4,"Satmasjid Road Dhanmondi C/A, Satmasjid Road, Dhanmondi, Dhaka-1209,Bangladesh | Availability: Sat Sun Mon",
11759,5510,222,Sat Sun Mon Tue Wed Thur 06:00 PM - 09:00 PM,
11761,5511,222,Sat Sun Mon Tue Wed Thur 06:00 PM - 09:00 PM,
11763,5512,222,Sat Mon Tue Thur 9:00 AM - 06:00 PM,
11765,5512,117,,
11766,5513,222,,
11768,5514,222,,
11770,5515,222,Sat Sun Mon Tue Wed Thur 9:00 AM - 05:00 PM,
11772,5516,222,Sat Sun Mon Tue Wed Thur 9:00 AM - 05:00 PM,
11774,5517,222,Sat Sun Mon Tue Wed 9:00 AM - 05:00 PM,
11776,5518,222,Sat Sun Mon Tue Wed Thur 9:00 AM - 09:00 PM,
11778,5519,222,Sat Sun Mon Tue Wed Thur 9:00 AM - 06:00 PM,
11780,5520,222,Sat Sun Mon Tue Wed Thur 9:00 AM - 06:00 PM,
11782,5521,222,Sat Sun Mon Tue Wed Thur 9:00 AM - 06:00 PM,
11784,5522,332,Sun Tue Thur 07:00 PM - 09:00 PM,
11786,5523,332,,
11788,5524,332,Sat Mon Tue Wed 05:00 PM - 08:00 PM,
11790,5525,332,,
11792,5526,332,,
11794,5527,285,"Monowara Hospital Private Limited54 Siddheswari Road, Ramna, 34, Ramna, Dhaka-1217, BangladeshAvailabil",
11796,5528,332,,
11798,5529,110,Sat Sun Mon Tue Wed Thur 06:00 PM - 09:00 PM,
11800,5530,110,Sat Sun Mon Tue Wed Thur 06:00 PM - 08:00 PM,
11802,5530,93,,
11803,5531,70,Sat Sun Mon Tue Wed Thur 11:00 AM - 03:00 PM,
11805,5532,110,Sat Sun Mon Tue Wed Thur 06:00 PM - 09:00 PM,
11807,5533,110,Sat Sun Mon Tue Wed Thur 05:00 PM - 09:00 PM,
11809,5533,7,,
11810,5534,110,Sat Sun Mon Tue Wed Thur 06:00 PM - 09:00 PM,
11812,5535,110,Sat Sun Mon Tue Wed Thur 06:00 PM - 09:00 PM,
11814,5536,110,Sat Sun Mon Tue Wed Thur 06:00 PM - 09:00 PM,
11816,5537,110,Sat Sun Mon Tue Wed Thur 05:00 PM - 08:00 PM,
11818,5538,110,Sat Sun Mon Tue Wed Thur 06:00 PM - 09:00 PM,
11820,5538,211,,
11821,5539,110,Sat Sun Mon Tue Wed Thur 04:00 PM - 06:00 PM,
11823,5540,110,Sat Sun Mon Tue Wed Thur 06:00 PM - 09:00 PM,
11825,5541,110,Sat Sun Mon Tue Wed Thur 06:00 PM - 08:45 PM,
11827,5542,110,Sat Sun Mon Tue Wed Thur 06:00 PM - 09:00 PM,
11829,5543,110,Sat Sun Mon Tue Wed Thur 06:00 PM - 09:00 PM,
11831,5544,110,Sat Sun Mon Tue Wed Thur 06:00 PM - 09:00 PM,
11833,5545,110,Sat Sun Mon Tue Wed Thur 06:00 PM - 08:00 PM,
11835,5545,327,Sat Sun Mon Tue Wed Thur 06:00 PM - 09:00 PM,
11836,5546,110,Sat Sun Mon Tue Wed Thur 05:00 PM - 07:00 PM,
11838,5547,110,Sat Sun Mon Tue Wed Thur 05:00 PM - 08:00 PM,
11840,5548,110,Sat Sun Mon Tue Wed Thur 06:00 PM - 09:00 PM,
11842,5549,110,Sat Mon Wed 11:59 AM - 03:00 PM,
11844,5550,110,Sat Sun Mon Tue Wed Thur 10:00 AM - 11:00 AM,
11846,5551,110,Sat Sun Mon Tue Wed Thur 06:00 PM - 09:00 PM,
11848,5552,110,Sat Sun Mon Tue Wed Thur 05:00 PM - 08:00 PM,
11850,5553,110,Sat Sun Mon Tue Wed Thur 05:00 PM - 07:00 PM,
11852,5554,110,Sat Sun Mon Tue Wed Thur 06:00 PM - 10:00 PM,
11854,5555,110,Sat Sun Mon Tue Wed Thur 05:00 PM - 07:00 PM,
11856,5556,110,Sat Sun Mon Tue Wed Thur 06:00 PM - 08:00 PM,
11858,5557,332,Sat Sun Tue Wed 07:00 PM - 09:00 PM,
11860,5557,78,,
11861,5558,332,,
11863,5558,12,,
11864,5559,332,,
11866,5560,332,,
11868,5561,332,,
11870,5562,332,,
11872,5563,332,,
11874,5563,78,,
11875,5564,332,Fri 10:00 AM - 03:00 PM,
11877,5565,332,Sun 03:30 PM - 06:00 PMTue Fri 06:00 PM - 08:00 PM,
11879,5566,332,Sun Tue 05:30 PM - 08:00 PM,
11881,5567,332,Sat Mon 05:00 PM - 07:00 PM,
11883,5568,332,Sat Mon 06:00 PM - 08:00 PMSun Wed 07:00 PM - 09:00 PM,
11885,5569,332,Sat Sun Mon Tue Wed Thur 06:00 PM - 08:00 PMSat Mon Wed 11:00 AM - 01:00 PM,
11887,5570,332,Sat Mon Wed 08:30 PM - 10:00 PMSun Tue Thur 07:00 PM - 09:00 PM,
11889,5571,332,Sat Sun Mon Tue Wed 06:00 PM - 09:00 PM,
11891,5572,110,Sat Sun Mon Tue Wed Thur 06:00 PM - 08:00 PM,
11893,5573,110,Sun Tue Thur 06:00 PM - 09:00 PM,
11895,5573,316,Sat Sun Mon Tue Wed Thur 02:00 PM - 04:00 PM,
11896,5574,110,Sat Sun Mon Tue Wed Thur 05:00 PM - 07:00 PM,
11898,5575,110,Sat Sun Mon Tue Wed Thur 06:00 PM - 09:00 PM,
11900,5576,110,Sat Sun Mon Tue Wed Thur 06:00 PM - 10:00 PM,
11902,5577,110,Sat Sun Mon Tue Wed Thur 06:00 PM - 09:00 PM,
11904,5577,89,,
11905,5578,110,Sat Sun Mon Tue Wed Thur 10:00 AM - 06:00 PM,
11907,5578,20,,
11908,5579,110,Sat Sun Mon Tue Wed Thur 06:00 PM - 09:00 PM,
11910,5579,7,,
11911,5580,110,Sat Sun Mon Tue Wed Thur 06:00 PM - 09:00 PM,
11913,5580,155,,
11914,5581,110,Sat Sun Mon Tue Wed Thur 06:00 PM - 09:00 PM,
11916,5582,110,Sat Mon Wed 05:00 PM - 07:00 PM,
11918,5582,7,Sun Tue Thur 05:00 PM - 07:00 PM,
11919,5583,110,Sat Sun Mon Tue Wed 05:00 PM - 07:00 PM,
11921,5584,110,Sat Sun Mon Tue Wed Thur 10:00 AM - 05:00 PM,
11923,5585,110,Sat Sun Mon Tue Wed Thur 05:00 PM - 08:00 PM,
11925,5585,20,,
11926,5586,110,Sat Sun Mon Tue Wed Thur 06:00 PM - 09:00 PM,
11928,5587,110,Sat Sun Mon Tue Wed Thur 06:00 PM - 09:00 PM,
11930,5588,110,Sat Sun Mon Tue Wed Thur 06:00 PM - 09:00 PM,
11932,5589,110,Sat Sun Mon Tue Wed Thur 06:00 PM - 09:00 PM,
11934,5590,110,Sat Sun Mon Tue Wed Thur 06:00 PM - 09:00 PM,
11936,5590,93,,
11937,5591,110,Sat Sun Mon Tue Wed Thur 06:00 PM - 09:00 PM,
11939,5591,19,,
11940,5592,110,Sat Sun Mon Tue Wed Thur 06:00 PM - 09:00 PM,
11942,5593,110,Sat Sun Mon Tue Wed Thur 06:00 PM - 09:00 PM,
11944,5594,110,Sat Mon Tue Thur 03:00 PM - 09:00 PMFri 10:00 AM - 00:00 PM,
11946,5595,110,Sat Sun Mon Tue Wed Thur 05:00 PM - 09:00 PM,
11948,5596,110,Sat Sun Mon Tue Wed Thur 06:00 PM - 09:00 PM,
11950,5596,118,,
11951,5597,110,Sat Sun Mon Tue Wed Thur 9:00 AM - 06:00 PM,
11953,5598,110,Sat Sun Mon Tue Thur 06:00 PM - 10:00 PMWed 10:00 PM - 06:00 PM,
11955,5598,122,,
11956,5599,110,Sat Sun Mon Tue Wed Thur 06:00 PM - 09:00 PM,
11958,5600,110,Sat Sun Mon Tue Wed 9:00 AM - 00:30 PM,
11960,5601,110,Sat Sun Mon Tue Wed Thur 9:00 AM - 01:00 PM,
11962,5602,110,Sat Sun Mon Tue Wed Thur 05:00 PM - 09:00 PM,
11964,5603,110,Sat Sun Mon Tue Wed Thur 06:00 PM - 10:00 PM,
11966,5603,11,,
11967,5604,110,Sat Sun Mon Tue Wed Thur 06:00 PM - 09:00 PM,
11969,5605,332,Sat Mon Wed 06:00 PM - 08:00 PM,
11971,5606,332,Sat Mon Wed 05:00 PM - 08:00 PM,
11973,5607,110,Sat Mon 06:00 PM - 09:00 PMWed 09:00 PM - 09:00 PM,
11975,5608,110,Sat Sun Mon Tue Wed Thur 05:00 PM - 10:00 PM,
11977,5609,110,Sat Sun Mon Tue Wed Thur 06:00 PM - 09:00 PM,
11979,5610,110,Sat Mon Tue Wed Thur 06:00 PM - 10:00 PM,
11981,5611,110,Sat Sun Mon Tue Wed 07:00 PM - 10:00 PM,
11983,5611,210,,
11984,5612,110,Sat Sun Mon Tue Wed Thur 08:00 PM - 10:00 PM,
11986,5612,93,,
11987,5613,110,Sat Mon Tue Wed Thur 03:00 PM - 05:00 PM,
11989,5614,110,Sat Sun Mon Wed Thur 11:00 AM - 03:00 PM,
11991,5615,110,Sat Sun 05:00 PM - 07:00 PMMon Tue Wed Thur 07:00 PM - 09:00 PM,
11993,5616,110,Sat Mon Wed 05:00 PM - 07:00 PM,
11995,5617,332,Sun Tue Thur 06:00 PM - 08:30 PM,
11997,5618,332,Sat Mon Wed 06:00 PM - 08:00 PMFri 08:00 PM - 09:00 PM,
11999,5619,332,Sat Sun Mon Wed Thur 04:30 PM - 07:00 PMFri 9:30 AM - 00:00 PM,
12001,5619,121,,
12002,5620,332,Sat Sun Mon Tue Wed Thur Fri 06:30 PM - 08:30 PM,
12004,5621,110,Sat Sun Mon Tue Wed Thur 06:00 PM - 09:00 PM,
12006,5622,222,,
12008,5623,110,Sat Sun Mon Tue Wed Thur 06:00 PM - 09:00 PM,
12010,5624,110,Sat Sun Mon Tue Wed Thur 06:00 PM - 09:00 PM,
12012,5625,110,Sat Sun Mon Tue Wed Thur 07:00 PM - 09:00 PM,
12014,5626,110,Sat Sun Mon Tue Wed Thur 06:00 PM - 09:00 PM,
12016,5627,110,Sat Sun Mon Tue Wed Thur 05:00 PM - 08:00 PM,
12018,5628,110,Sat Sun Mon Tue Wed Thur 05:00 PM - 10:00 PM,
12020,5629,222,Sat Sun Mon Tue Wed Thur 06:00 PM - 09:00 PM,
12022,5630,110,Sat Sun Mon Tue Wed Thur 06:00 PM - 09:00 PM,
12024,5631,110,Sat Sun Mon Tue Wed 06:00 PM - 09:00 PM,
12026,5632,110,Sat Sun Mon Tue Wed Thur 06:00 PM - 09:00 PM,
12028,5633,50,Sat Sun Mon Tue Wed 11:00 AM - 01:00 PMSat Sun Mon Tue Wed 04:30 PM - 08:30 PM,
12030,5634,333,,
12032,5635,333,,
12034,5636,333,,
12036,5637,333,,
12038,5638,333,,
12040,5639,333,,
12042,5639,50,,
12043,5640,111,,
12045,5641,334,,
12047,5642,50,,
12049,5643,222,Sat Sun Mon Tue Wed Thur 9:00 AM - 05:00 PM,
12051,5644,326,Sat Sun 05:00 PM - 08:00 PM,
12053,5645,326,,
12055,5646,326,,
12057,5647,326,Sat Fri 07:00 PM - 08:30 PMSat 11:00 AM - 01:00 PM,
12058,5647,326,,
12059,5647,279,Sat Fri 07:00 PM - 08:30 PMSat 11:00 AM - 01:00 PM,
12060,5648,326,,
12062,5649,326,,
12064,5650,326,,
12066,5651,326,,
12068,5652,326,,
12070,5653,326,,
12072,5654,326,,
12074,5655,326,Fri 10:00 AM - 00:00 PM,
12076,5656,326,,
12078,5656,332,,
12079,5657,326,,
12081,5658,326,,
12083,5659,326,,
12085,5659,50,,
12086,5660,326,,
12088,5661,326,,
12090,5661,75,,
12091,5662,326,,
12093,5663,326,,
12095,5664,326,,
12097,5665,326,,
12099,5666,326,Sun Tue Wed Thur 05:00 PM - 08:00 PM,
12101,5667,326,,
12103,5668,326,Sat Sun Mon Tue Wed Thur 06:00 PM - 09:00 PM,
12104,5668,326,,
12105,5668,327,Sat Sun Mon Tue Wed Thur 06:00 PM - 09:00 PM,
12106,5669,326,,
12108,5669,20,,
12109,5670,326,,
12111,5670,20,,
12112,5671,326,,
12114,5671,6,,
12115,5672,326,,
12117,5673,326,,
12119,5674,326,,
12121,5674,221,,
12122,5675,326,,
12124,5676,326,,
12126,5677,78,,
12128,5678,326,,
12130,5679,326,,
12132,5680,326,,
12134,5681,326,,
12136,5682,326,,
12138,5683,326,,
12140,5684,326,,
12142,5685,326,,
12144,5686,326,,
12146,5686,78,,
12147,5687,326,,
12149,5688,326,,
12151,5689,326,,
12153,5690,326,,
12155,5690,78,,
12156,5691,326,,
12158,5691,93,,
12159,5692,326,,
12161,5692,122,,
12162,5693,326,,
12164,5693,129,,
12165,5694,326,,
12167,5695,326,,
12169,5696,326,,
12171,5697,326,,
12173,5698,326,Sat Sun Mon Tue Wed 05:00 PM - 10:00 PM,
12175,5698,189,,
12176,5699,326,,
12178,5700,326,Sat Mon Wed 04:00 PM - 05:00 PM,
12179,5700,326,,
12180,5700,78,Sat Mon Wed 04:00 PM - 05:00 PM,
12181,5700,5,,
12182,5701,326,,
12184,5702,326,,
12186,5703,326,,
12188,5704,326,,
12190,5705,326,,
12192,5706,326,,
12194,5706,121,,
12195,5707,316,,
12197,5708,326,,
12199,5709,326,,
12201,5710,326,,
12203,5711,326,,
12205,5712,326,,
12207,5712,126,,
12208,5713,326,,
12210,5714,326,,
12212,5715,326,,
12214,5716,326,,
12216,5717,326,,
12218,5718,326,,
12220,5719,326,,
12222,5720,326,,
12224,5720,6,,
12225,5721,264,,
12227,5722,326,,
12229,5723,326,,
12231,5724,326,,
12233,5725,326,,
12235,5726,264,,
12237,5727,264,,
12239,5728,264,,
12241,5729,264,,
12243,5730,264,,
12245,5731,264,Sat Sun Mon Tue Wed Thur 06:00 PM - 09:00 PM,
12246,5731,264,,
12247,5731,327,Sat Sun Mon Tue Wed Thur 06:00 PM - 09:00 PM,
12248,5732,264,,
12250,5733,264,,
12252,5734,264,,
12254,5734,215,,
12255,5735,264,,
12257,5736,264,,
12259,5737,264,,
12261,5738,264,,
12263,5739,264,,
12265,5740,264,,
12267,5740,7,,
12268,5741,264,,
12270,5741,7,,
12271,5741,172,,
12272,5742,326,,
12274,5743,264,,
12276,5743,316,,
12277,5744,264,,
12279,5745,264,,
12281,5746,264,,
12283,5747,264,,
12285,5748,264,,
12287,5749,264,Sat Sun Mon Tue Wed Thur 11:00 AM - 01:00 PM,
12288,5749,264,,
12289,5749,172,Sat Sun Mon Tue Wed Thur 11:00 AM - 01:00 PM,
12290,5750,264,,
12292,5751,335,Sat 05:00 PM - 09:00 PMSun Mon Tue 05:00 PM - 08:00 PMWed 05:00 PM - 08:04 PMThur 05:04 PM - 08:04 PM B,
12294,5751,52,Sat Sun Tue 05:00 PM - 08:00 PMMon 05:00 PM - 08:57 PM,New: 800
12295,5752,264,,
12297,5753,264,,
12299,5754,264,,
12301,5755,264,,
12303,5756,264,,
12305,5757,264,,
12307,5758,264,,
12309,5758,28,,
12310,5759,264,,
12312,5760,176,,
12314,5761,264,,
12316,5762,264,,
12318,5763,264,,
12320,5764,264,"Satmasjid Road Dhanmondi C/A, Satmasjid Road, Dhanmondi, Dhaka-1209,Bangladesh | Availability: Sat Sun Mon",
12321,5764,264,,
12322,5764,4,"Satmasjid Road Dhanmondi C/A, Satmasjid Road, Dhanmondi, Dhaka-1209,Bangladesh | Availability: Sat Sun Mon",
12323,5765,264,Sat Mon Wed 05:30 PM - 07:00 PM,
12325,5765,45,Sat Mon Wed 06:00 PM - 08:00 PM,
12326,5766,264,,
12328,5767,264,,
12330,5768,264,,
12332,5768,110,,
12333,5769,264,,
12335,5770,264,,
12337,5771,264,,
12339,5772,264,,
12341,5773,264,,
12343,5774,264,,
12345,5775,264,,
12347,5776,264,,
12349,5777,264,,
12351,5778,264,Sat Tue 06:00 PM - 10:00 PMSun Mon Wed Thur 8:00 AM - 02:30 PM,
12352,5778,264,,
12353,5778,48,Sat Tue 06:00 PM - 10:00 PMSun Mon Wed Thur 8:00 AM - 02:30 PM,
12354,5779,264,,
12356,5780,264,,
12358,5781,264,,
12360,5782,264,,
12362,5782,104,,
12363,5783,264,,
12365,5783,118,,
12366,5784,264,,
12368,5785,264,,
12370,5785,118,,
12371,5786,264,,
12373,5787,264,Sat Sun Mon Tue Wed Thur 06:00 PM - 09:00 PM,
12374,5787,264,,
12375,5787,327,Sat Sun Mon Tue Wed Thur 06:00 PM - 09:00 PM,
12376,5788,264,,
12378,5789,264,,
12380,5789,172,,
12381,5790,264,,
12383,5790,118,,
12384,5791,264,,
12386,5792,264,,
12388,5793,264,,
12390,5794,264,,
12392,5795,264,,
12394,5796,264,,
12396,5797,264,,
12398,5798,264,,
12400,5798,94,,
12401,5799,264,,
12403,5800,264,Sat Thur Fri 11:00 AM - 03:00 PM,
12404,5800,264,,
12405,5800,45,Sat Thur Fri 11:00 AM - 03:00 PM,
12406,5801,264,,
12408,5802,264,,
12410,5802,111,,
12411,5803,336,,
12413,5803,202,,
12414,5804,336,,
12416,5805,336,,
12418,5806,336,,
12420,5807,336,,
12422,5808,336,,
12424,5809,336,,
12426,5810,336,,
12428,5811,336,,
12430,5812,336,,
12432,5813,336,,
12434,5814,336,,
12436,5815,336,,
12438,5815,176,,
12439,5816,336,,
12441,5816,210,,
12442,5817,336,,
12444,5818,336,,
12446,5819,336,,
12448,5819,75,,
12449,5820,336,,
12451,5821,336,,
12453,5821,136,,
12454,5822,336,,
12456,5823,336,,
12458,5824,336,,
12460,5825,336,,
12462,5825,126,,
12463,5826,336,,
12465,5827,336,,
12467,5828,336,,
12469,5828,194,,
12470,5829,336,,
12472,5829,118,,
12473,5830,336,,
12475,5831,336,,
12477,5832,336,,
12479,5832,149,,
12480,5833,336,,
12482,5834,336,,
12484,5835,336,,
12486,5836,336,,
12488,5836,115,,
12489,5837,336,,
12491,5837,176,,
12492,5838,336,,
12494,5838,149,,
12495,5839,336,,
12497,5840,336,,
12499,5841,336,,
12501,5842,336,,
12503,5842,139,,
12504,5843,336,,
12506,5844,336,,
12508,5844,192,,
12509,5845,336,,
12511,5846,336,,
12513,5847,336,,
12515,5847,206,,
12516,5848,336,,
12518,5848,200,,
12519,5849,336,,
12521,5850,336,,
12523,5850,192,,
12524,5851,336,,
12526,5852,336,,
12528,5853,336,,
12530,5854,336,,
12532,5855,336,,
12534,5856,336,,
12536,5857,336,,
12538,5858,336,,
12540,5859,336,,
12542,5860,336,,
12544,5861,336,,
12546,5862,336,,
12548,5862,215,,
12549,5863,336,,
12551,5863,22,,
12552,5864,336,,
12554,5865,336,,
12556,5866,336,,
12558,5867,336,,
12560,5868,336,,
12562,5869,336,,
12564,5869,233,,
12565,5870,336,,
12567,5871,336,,
12569,5872,336,,
12571,5872,7,,
12572,5873,336,,
12574,5874,336,,
12576,5875,336,,
12578,5876,336,,
12580,5877,336,,
12582,5878,336,,
12584,5879,336,,
12586,5879,233,,
12587,5880,336,,
12589,5881,336,Sun Mon Wed 04:00 PM - 07:00 PM,
12590,5881,336,,
12591,5881,95,,
12592,5881,315,Sun Mon Wed 04:00 PM - 07:00 PM,
12593,5882,336,,
12595,5883,336,,
12597,5884,336,,
12599,5885,336,,
12601,5886,336,,
12603,5886,50,,
12604,5887,336,,
12606,5888,336,,
12608,5889,336,,
12610,5890,336,,
12612,5891,318,,
12614,5891,215,,
12615,5892,318,,
12617,5892,215,,
12618,5893,318,,
12620,5894,318,,
12622,5895,318,Mon Thur 11:00 AM - 01:00 PM,
12623,5895,318,,
12624,5895,317,Mon Thur 11:00 AM - 01:00 PM,
12625,5895,89,,
12626,5896,318,,
12628,5897,318,,
12630,5898,318,,
12632,5898,130,,
12633,5899,318,,
12635,5900,318,,
12637,5901,318,,
12639,5902,318,,
12641,5903,318,,
12643,5904,318,,
12645,5905,318,,
12647,5906,318,,
12649,5906,172,,
12650,5907,318,,
12652,5907,93,,
12653,5908,318,,
12655,5908,7,,
12656,5909,318,,
12658,5910,318,,
12660,5911,318,,
12662,5912,318,,
12664,5912,87,,
12665,5913,318,,
12667,5914,318,,
12669,5915,318,,
12671,5916,318,,
12673,5917,318,Sat Mon Wed Thur 05:00 PM - 07:00 PM,
12675,5918,318,Sat Sun Mon Tue 8:00 AM - 02:30 PM,
12676,5918,318,,
12677,5918,48,Sat Sun Mon Tue 8:00 AM - 02:30 PM,
12678,5918,327,,
12679,5919,318,,
12681,5920,318,,
12683,5921,318,,
12685,5922,318,,
12687,5923,318,,
12689,5924,318,,
12691,5925,318,,
12693,5926,318,,
12695,5927,318,,
12697,5928,318,"Satmasjid Road Opposite of Anam Rangs Plaza, Dhanmondi, Dhaka-1209,Bangladesh | Availability: ",
12698,5928,318,,
12699,5928,219,"Satmasjid Road Opposite of Anam Rangs Plaza, Dhanmondi, Dhaka-1209,Bangladesh | Availability: ",
12700,5929,318,,
12702,5930,318,,
12704,5931,318,,
12706,5932,318,,
12708,5932,95,,
12709,5932,105,,
12710,5933,318,,
12712,5934,318,,
12714,5935,318,,
12716,5935,317,,
12717,5936,318,,
12719,5937,318,,
12721,5938,318,,
12723,5939,318,,
12725,5939,316,,
12726,5940,318,,
12728,5941,318,,
12730,5942,318,,
12732,5943,318,,
12734,5944,318,,
12736,5945,318,,
12738,5946,318,,
12740,5947,318,,
12742,5948,318,,
12744,5949,318,,
12746,5950,318,,
12748,5951,318,,
12750,5952,318,,
12752,5953,318,,
12754,5954,318,,
12756,5955,318,,
12758,5956,318,,
12760,5957,318,,
12762,5958,318,,
12764,5958,118,,
12765,5959,318,,
12767,5960,318,,
12769,5960,231,,
12770,5961,318,Sat Sun Tue Wed 05:00 PM - 07:00 PM,
12772,5962,318,,
12774,5963,318,,
12776,5964,318,,
12778,5965,318,,
12780,5966,318,,
12782,5966,109,,
12783,5967,318,,
12785,5967,117,,
12786,5968,318,,
12788,5969,318,,
12790,5969,121,,
12791,5970,318,,
12793,5971,318,Sat Sun Mon Tue Wed 07:30 PM - 10:00 PM,
12795,5972,318,,
12797,5973,318,,
12799,5974,318,,
12801,5975,318,,
12803,5976,318,,
12805,5976,130,,
12806,5977,318,,
12808,5978,318,,
12810,5979,318,,
12812,5980,318,,
12814,5980,89,,
12815,5981,318,,
12817,5982,318,,
12819,5983,318,,
12821,5984,318,,
12823,5984,118,,
12824,5985,318,,
12826,5986,318,Sat Thur 04:00 PM - 08:00 PMSun Tue 10:00 AM - 01:00 PM,
12828,5987,318,,
12830,5987,165,,
12831,5988,318,,
12833,5989,318,Sat Tue 10:00 AM - 01:00 PM,
12835,5989,93,,
12836,5990,318,,
12838,5991,318,,
12840,5992,318,,
12842,5993,318,,
12844,5993,109,,
12845,5994,318,,
12847,5995,318,,
12849,5996,318,,
12851,5997,318,,
12853,5998,318,,
12855,5999,318,,
12857,6000,318,,
12859,6001,318,,
12861,6002,318,,
12863,6002,317,,
12864,6003,318,,
12866,6003,104,,
12867,6004,318,,
12869,6004,176,,
12870,6005,318,,
12872,6006,318,,
12874,6007,318,,
12876,6007,95,,
12877,6008,318,,
12879,6009,318,Mon 06:00 PM - 10:00 PMFri 10:00 AM - 08:00 PM,
12880,6009,318,,
12881,6009,317,Mon 06:00 PM - 10:00 PMFri 10:00 AM - 08:00 PM,
12882,6009,118,,
12883,6009,50,,
12884,6010,318,,
12886,6011,318,,
12888,6012,318,,
12890,6013,318,,
12892,6013,20,,
12893,6014,318,,
12895,6015,318,,
12897,6016,318,,
12899,6017,318,,
12901,6018,318,,
12903,6019,318,,
12905,6019,172,,
12906,6020,318,,
12908,6021,318,,
12910,6022,318,"Satmasjid Road Dhanmondi C/A, Satmasjid Road, Dhanmondi, Dhaka-1209,Bangladesh | Availability: ",
12911,6022,318,,
12912,6022,179,,
12913,6022,4,"Satmasjid Road Dhanmondi C/A, Satmasjid Road, Dhanmondi, Dhaka-1209,Bangladesh | Availability: ",
12914,6023,318,,
12916,6023,130,,
12917,6024,318,,
12919,6024,176,,
12920,6025,318,,
12922,6026,318,,
12924,6027,318,,
12926,6027,109,,
12927,6028,318,,
12929,6029,318,,
12931,6030,318,,
12933,6031,318,,
12935,6032,318,,
12937,6033,318,,
12939,6034,318,,
12941,6035,337,,
12943,6036,122,,
12945,6037,337,,
12947,6038,337,,
12949,6039,337,,
12951,6040,337,,
12953,6041,337,,
12955,6042,337,,
12957,6043,337,,
12959,6044,337,,
12961,6044,87,,
12962,6045,337,Sun 11:00 AM - 02:00 PM,
12963,6045,337,,
12964,6045,279,Sun 11:00 AM - 02:00 PM,
12965,6045,201,,
12966,6046,337,,
12968,6047,337,,
12970,6048,337,,
12972,6049,337,,
12974,6050,337,,
12976,6051,337,,
12978,6052,337,,
12980,6053,337,,
12982,6054,337,Sat Sun Mon Tue Wed 06:00 PM - 09:00 PM,
12983,6054,337,,
12984,6054,19,Sat Sun Mon Tue Wed 06:00 PM - 09:00 PM,
12985,6055,337,,
12987,6056,337,,
12989,6057,337,,
12991,6058,337,,
12993,6059,337,,
12995,6060,337,,
12997,6061,337,,
12999,6062,337,,
13001,6063,337,,
13003,6064,337,,
13005,6065,337,,
13007,6065,122,,
13008,6066,337,,
13010,6067,337,,
13012,6068,337,Sun Tue Thur 04:00 PM - 06:00 PM,
13013,6068,337,,
13014,6068,7,Sun Tue Thur 04:00 PM - 06:00 PM,
13015,6069,337,,
13017,6070,337,,
13019,6071,337,,
13021,6071,176,,
13022,6072,337,Sat Sun Mon Tue Wed Thur 10:30 AM - 00:30 PM,
13024,6073,337,,
13026,6074,337,,
13028,6075,337,,
13030,6075,50,,
13031,6076,337,"Satmasjid Road Opposite of Anam Rangs Plaza, Dhanmondi, Dhaka-1209,Bangladesh | Availability: ",
13032,6076,337,,
13033,6076,219,"Satmasjid Road Opposite of Anam Rangs Plaza, Dhanmondi, Dhaka-1209,Bangladesh | Availability: ",
13034,6077,337,,
13036,6078,337,,
13038,6079,337,,
13040,6080,337,,
13042,6081,337,,
13044,6081,122,,
13045,6081,50,,
13046,6082,337,,
13048,6083,337,,
13050,6084,337,,
13052,6085,337,,
13054,6086,123,"Satmasjid Road Dhanmondi C/A, Satmasjid Road, Dhanmondi, Dhaka-1209,Bangladesh | Availability: Sat Sun Mon",
13055,6086,123,,
13056,6086,126,,
13057,6086,4,"Satmasjid Road Dhanmondi C/A, Satmasjid Road, Dhanmondi, Dhaka-1209,Bangladesh | Availability: Sat Sun Mon",
13058,6087,326,,
13060,6088,123,,
13062,6089,123,,
13064,6090,123,,
13066,6091,123,,
13068,6092,123,,
13070,6093,123,,
13072,6094,123,,
13074,6095,123,,
13076,6096,123,,
13078,6097,123,,
13080,6098,123,,
13082,6099,123,,
13084,6100,123,,
13086,6101,123,,
13088,6102,123,,
13090,6102,194,,
13091,6103,123,,
13093,6104,123,,
13095,6104,118,,
13096,6105,123,,
13098,6106,123,,
13100,6106,118,,
13101,6107,123,,
13103,6108,123,,
13105,6108,172,,
13106,6109,123,,
13108,6110,123,,
13110,6111,123,,
13112,6112,123,,
13114,6113,123,,
13116,6114,123,,
13118,6115,123,,
13120,6116,123,,
13122,6117,123,,
13124,6118,123,,
13126,6119,123,,
13128,6119,57,,
13129,6120,123,,
13131,6121,123,,
13133,6122,123,,
13135,6123,123,,
13137,6124,123,,
13139,6125,123,,
13141,6126,123,,
13143,6127,123,,
13145,6128,123,,
13147,6129,123,,
13149,6130,123,,
13151,6131,123,,
13153,6132,123,,
13155,6133,50,,
13157,6134,123,,
13159,6135,123,,
13161,6136,123,,
13163,6137,123,,
13165,6138,123,,
13167,6139,123,,
13169,6140,122,,
13171,6141,122,Sat Sun Mon Tue Wed Thur 06:00 PM - 09:00 PM,
13173,6142,122,,
13175,6143,122,,
13177,6144,122,,
13179,6144,95,,
13180,6145,122,,
13182,6146,122,,
13184,6147,122,,
13186,6148,122,,
13188,6149,176,,
13190,6150,122,,
13192,6151,122,,
13194,6151,50,,
13195,6152,316,,
13197,6153,122,,
13199,6153,20,,
13200,6154,122,,
13202,6155,122,,
13204,6156,122,,
13206,6157,122,,
13208,6157,20,,
13209,6158,122,,
13211,6159,122,,
13213,6160,122,,
13215,6161,122,,
13217,6162,122,,
13219,6163,122,,
13221,6164,122,Sun Tue Wed Fri 05:00 PM - 07:00 PM,
13222,6164,122,,
13223,6164,317,Sun Tue Wed Fri 05:00 PM - 07:00 PM,
13224,6165,122,Fri 06:00 PM - 09:00 PM,
13226,6165,317,Sat 04:00 PM - 06:00 PMFri 10:00 AM - 03:00 PM,
13227,6166,122,"Satmasjid Road Dhanmondi C/A, Satmasjid Road, Dhanmondi, Dhaka-1209,Bangladesh | Availability: Sat Sun Mon",
13228,6166,122,,
13229,6166,4,"Satmasjid Road Dhanmondi C/A, Satmasjid Road, Dhanmondi, Dhaka-1209,Bangladesh | Availability: Sat Sun Mon",
13230,6167,122,,
13232,6168,122,,
13234,6169,122,,
13236,6170,122,,
13238,6171,122,,
13240,6172,122,,
13242,6173,122,,
13244,6174,122,,
13246,6175,122,,
13248,6176,122,,
13250,6177,122,,
13252,6178,32,"Satmasjid Road, Dhaka-1205,Bangladesh | Availability: ",
13254,6178,50,,
13255,6179,122,,
13257,6179,189,,
13258,6180,32,"Satmasjid Road, Dhaka-1205,Bangladesh | Availability: ",
13260,6181,122,,
13262,6182,122,,
13264,6183,122,,
13266,6184,223,,
13268,6185,122,,
13270,6186,122,,
13272,6187,122,,
13274,6188,122,,
13276,6189,122,,
13278,6190,122,,
13280,6191,122,,
13282,6192,122,,
13284,6193,122,,
13286,6194,122,,
13288,6195,122,,
13290,6196,122,,
13292,6196,123,,
13293,6197,122,,
13295,6198,122,,
13297,6199,122,,
13299,6200,122,,
13301,6201,142,,
13303,6202,122,,
13305,6203,122,,
13307,6204,122,,
13309,6205,122,,
13311,6206,122,,
13313,6207,122,,
13315,6208,122,,
13317,6209,122,,
13319,6209,337,,
13320,6210,122,,
13322,6211,122,,
13324,6211,204,,
13325,6212,122,,
13327,6213,122,,
13329,6214,122,,
13331,6215,122,,
13333,6216,122,,
13335,6217,142,,
13337,6217,50,,
13338,6218,142,,
13340,6219,142,,
13342,6220,142,,
13344,6221,142,Fri 9:00 AM - 04:00 PM,
13346,6222,142,,
13348,6223,142,,
13350,6224,142,,
13352,6225,142,,
13354,6226,142,,
13356,6227,142,,
13358,6228,142,,
13360,6229,142,,
13362,6230,142,,
13364,6231,142,,
13366,6232,142,,
13368,6233,142,,
13370,6234,142,,
13372,6235,142,,
13374,6236,142,,
13376,6237,142,,
13378,6238,142,,
13380,6239,142,Sat Sun Mon Tue Thur 06:30 PM - 10:00 PM,
13381,6239,142,,
13382,6239,36,Sat Sun Mon Tue Thur 06:30 PM - 10:00 PM,
13383,6240,142,,
13385,6241,142,,
13387,6242,142,,
13389,6242,121,,
13390,6243,142,,
13392,6244,338,,
13394,6245,338,,
13396,6245,70,,
13397,6246,170,,
13399,6246,231,,
13400,6247,338,,
13402,6247,141,,
13403,6248,338,,
13405,6248,316,,
13406,6249,338,,
13408,6250,338,,
13410,6251,338,,
13412,6251,50,,
13413,6252,338,,
13415,6252,118,,
13416,6253,118,,
13418,6254,338,Mon Thur Fri 04:00 PM - 07:00 PM,
13420,6254,170,Sat Tue Wed 07:00 PM - 09:00 PM,
13421,6254,327,Sat Sun Mon Tue Wed Thur 03:00 PM - 06:00 PM,
13422,6255,338,,
13424,6256,338,,
13426,6257,338,,
13428,6258,339,"Monira Zaman TanveeKaderabad housing,",
13430,6259,340,Sat Sun Tue Wed Thur Fri 9:00 AM - 09:00 PM,New: 300 | Follow-up: 200
13431,6259,340,,
13432,6259,52,Sat Sun Tue Wed Thur Fri 9:00 AM - 09:00 PM,New: 300 | Follow-up: 200
13433,6260,338,,
13435,6261,338,,
13437,6262,338,,
13439,6263,338,,
13441,6264,338,,
13443,6265,111,,
13445,6266,111,,
13447,6266,104,,
13448,6267,111,,
13450,6268,111,,
13452,6268,75,,
13453,6269,111,,
13455,6270,111,,
13457,6271,111,,
13459,6271,81,,
13460,6272,111,,
13462,6272,210,,
13463,6273,341,Sat Sun Mon Tue Wed Thur 07:00 PM - 09:00 PM,
13465,6274,111,,
13467,6275,111,,
13469,6276,111,,
13471,6277,111,,
13473,6278,329,,
13475,6279,329,,
13477,6280,115,Sat Sun Mon Tue Wed Thur Fri 10:00 AM - 01:00 PM,
13479,6281,329,,
13481,6282,329,,
13483,6283,329,,
13485,6284,329,,
13487,6285,329,,
13489,6285,224,,
13490,6285,146,,
13491,6286,329,,
13493,6286,198,,
13494,6286,146,,
13495,6286,330,,
13496,6287,329,,
13498,6288,329,,
13500,6289,329,,
13502,6290,329,,
13504,6291,329,Sat Sun Mon Tue Wed Thur Fri 10:00 AM - 01:00 PM,
13506,6291,211,,
13507,6291,198,,
13508,6292,336,,
13510,6292,318,,
13511,6293,329,,
13513,6293,202,,
13514,6294,329,,
13516,6295,329,Sat Mon 10:00 AM - 01:00 PM,
13518,6296,329,Sat Sun Wed 07:00 PM - 09:00 PM,
13520,6297,329,,
13522,6297,198,,
13523,6297,192,,
13524,6298,329,,
13526,6299,329,,
13528,6299,115,,
13529,6300,286,Sat Mon Wed 06:30 PM - 10:00 PM,
13531,6301,286,Sun Tue Thur 07:00 PM - 09:00 PM,
13533,6302,286,Sat Sun Mon Tue Wed Thur 06:00 PM - 10:00 PM,
13535,6302,122,,
13536,6303,286,Wed 03:00 PM - 09:00 PM,
13538,6304,286,Sat Mon 06:00 PM - 09:00 PM,
13540,6305,286,Sun Tue Thur 06:00 PM - 09:00 PM,
13542,6305,7,,
13543,6306,286,Sat Sun Mon Tue Wed 04:30 PM - 05:30 PM,
13545,6306,279,Sat Sun Mon Tue Wed 05:00 PM - 07:00 PM,
13546,6306,314,,
13547,6307,286,Sat Sun Mon Tue Thur 07:00 PM - 10:00 PM,
13549,6308,286,Sun Tue Thur Fri 07:00 PM - 09:00 PM,
13551,6308,6,,
13552,6308,324,Sat Mon Wed 07:00 PM - 08:00 PM,
13553,6309,286,Sat Wed 06:00 PM - 07:00 PM,
13555,6310,286,Sat Sun Mon Tue Wed Thur 03:00 PM - 06:00 PM,
13557,6311,286,Sat Sun Mon Tue Wed 07:30 PM - 10:00 PM,
13559,6311,48,Sat Sun Mon Tue Wed Thur 8:00 AM - 02:30 PM,
13560,6311,130,,
13561,6312,286,Sat Sun Mon Tue Wed Thur 03:00 PM - 06:00 PM,
13563,6313,286,Sat Sun Mon Tue Wed Thur Fri 03:00 PM - 06:00 PM,
13565,6314,286,Sat Sun Mon Tue Wed Thur 07:00 PM - 09:00 PM,
13567,6315,286,Sat Sun Mon Tue Wed Thur Fri 05:00 PM - 09:00 PM,
13569,6316,286,Sun Tue Thur 05:00 PM - 08:00 PM,
13571,6317,286,Sat Mon Wed 05:00 PM - 08:00 PM,
13573,6318,286,Sun Tue Thur 03:00 PM - 05:00 PM,
13575,6319,286,Sat Sun Mon Tue Wed Thur 03:00 PM - 06:00 PM,
13577,6320,111,,
13579,6321,111,,
13581,6321,118,,
13582,6322,111,Sat Sun Mon Tue Wed Thur 07:00 PM - 10:00 PM,
13583,6322,111,,
13584,6322,41,Sat Sun Mon Tue Wed Thur 07:00 PM - 10:00 PM,
13585,6323,111,,
13587,6324,111,,
13589,6325,111,,
13591,6326,111,,
13593,6327,111,Thur 03:00 PM - 08:00 PMFri 8:00 AM - 08:00 PM,
13594,6327,111,,
13595,6327,264,,
13596,6327,109,Thur 03:00 PM - 08:00 PMFri 8:00 AM - 08:00 PM,
13597,6328,307,,
13599,6329,111,,
13601,6330,111,,
13603,6331,111,,
13605,6332,111,,
13607,6333,111,,
13609,6334,111,,
13611,6335,111,,
13613,6336,111,,
13615,6337,111,,
13617,6338,111,,
13619,6339,111,,
13621,6340,111,Sat Sun Mon Tue Wed Thur 06:00 PM - 09:00 PM,
13623,6341,111,"Satmasjid Road Opposite of Anam Rangs Plaza, Dhanmondi, Dhaka-1209,Bangladesh | Availability: ",
13624,6341,111,,
13625,6341,219,"Satmasjid Road Opposite of Anam Rangs Plaza, Dhanmondi, Dhaka-1209,Bangladesh | Availability: ",
13626,6341,4,"Satmasjid Road Dhanmondi C/A, Satmasjid Road, Dhanmondi, Dhaka-1209,Bangladesh | Availability: Sat Mon Wed",
13627,6342,111,,
13629,6342,172,,
13630,6343,111,,
13632,6344,111,,
13634,6345,111,,
13636,6346,111,,
13638,6347,111,,
13640,6348,111,,
13642,6349,111,,
13644,6350,111,,
13646,6351,111,,
13648,6351,118,,
13649,6352,111,Sat Sun Mon Tue Wed Thur 08:30 PM - 09:30 PM,
13650,6352,111,,
13651,6352,12,,
13652,6352,106,,
13653,6352,36,Sat Sun Mon Tue Wed Thur 08:30 PM - 09:30 PM,
13654,6353,111,,
13656,6354,111,,
13658,6354,306,,
13659,6355,111,,
13661,6356,111,,
13663,6357,111,,
13665,6357,122,,
13666,6358,111,,
13668,6359,111,,
13670,6360,111,,
13672,6360,202,,
13673,6361,111,,
13675,6362,111,,
13677,6362,172,,
13678,6363,111,,
13680,6364,111,,
13682,6365,111,,
13684,6366,111,,
13686,6367,111,,
13688,6368,111,,
13690,6368,202,,
13691,6368,172,,
13692,6369,111,,
13694,6370,111,,
13696,6371,111,,
13698,6372,111,,
13700,6373,111,,
13702,6374,111,,
13704,6375,111,,
13706,6376,111,,
13708,6377,111,,
13710,6377,6,,
13711,6378,111,,
13713,6379,111,,
13715,6380,111,,
13717,6381,342,,
13719,6382,342,,
13721,6383,342,,
13723,6384,342,,
13725,6385,175,,
13727,6386,342,,
13729,6387,342,,
13731,6388,342,Sat Mon Wed Thur 07:00 PM - 10:00 PM,
13733,6388,93,Sat Sun Mon Wed Thur 03:00 PM - 05:00 PM,
13734,6388,118,Sat Sun Mon Tue Wed Thur 11:00 AM - 00:30 PM,
13735,6388,343,,
13736,6389,342,,
13738,6390,342,,
13740,6391,342,,
13742,6392,342,,
13744,6393,342,,
13746,6394,342,,
13748,6395,342,,
13750,6395,50,,
13751,6396,342,,
13753,6397,342,,
13755,6398,342,,
13757,6399,342,,
13759,6400,342,,
13761,6401,342,,
13763,6402,342,,
13765,6403,342,"Satmasjid Road Dhanmondi C/A, Satmasjid Road, Dhanmondi, Dhaka-1209,Bangladesh | Availability: ",
13766,6403,342,,
13767,6403,318,,
13768,6403,20,,
13769,6403,4,"Satmasjid Road Dhanmondi C/A, Satmasjid Road, Dhanmondi, Dhaka-1209,Bangladesh | Availability: ",
13770,6404,342,,
13772,6405,342,Sat Mon Tue 05:00 PM - 07:00 PMSun Thur 06:00 PM - 09:00 PM,
13773,6405,342,,
13774,6405,7,Sat Mon Tue 05:00 PM - 07:00 PMSun Thur 06:00 PM - 09:00 PM,
13775,6406,342,,
13777,6407,342,Sat Sun Mon Tue Wed Thur 06:00 PM - 09:00 PM,
13778,6407,342,,
13779,6407,170,Sat Sun Mon Tue Wed Thur 06:00 PM - 09:00 PM,
13780,6408,7,Sun Thur 07:00 PM - 09:00 PM,
13782,6409,342,,
13784,6410,342,,
13786,6411,342,,
13788,6412,342,,
13790,6413,342,,
13792,6413,70,,
13793,6414,342,,
13795,6415,342,,
13797,6416,342,,
13799,6416,213,,
13800,6417,342,,
13802,6418,342,,
13804,6419,342,,
13806,6420,342,,
13808,6421,342,,
13810,6422,342,,
13812,6423,342,,
13814,6424,342,,
13816,6425,342,,
13818,6425,75,,
13819,6426,342,,
13821,6427,342,,
13823,6428,342,,
13825,6429,342,,
13827,6429,118,,
13828,6430,342,,
13830,6431,342,,
13832,6432,342,,
13834,6433,342,,
13836,6434,342,,
13838,6435,342,,
13840,6436,342,,
13842,6436,314,,
13843,6437,342,Sat Sun Mon Tue Wed Thur 06:00 PM - 08:00 PM,
13844,6437,342,,
13845,6437,70,Sat Sun Mon Tue Wed Thur 06:00 PM - 08:00 PM,
13846,6437,111,,
13847,6438,342,,
13849,6439,342,,
13851,6439,128,,
13852,6440,342,,
13854,6441,342,,
13856,6442,342,,
13858,6443,342,,
13860,6444,342,,
13862,6445,342,,
13864,6446,342,,
13866,6447,300,,
13868,6448,342,,
13870,6449,342,,
13872,6450,342,,
13874,6451,342,,
13876,6452,342,,
13878,6453,342,,
13880,6454,342,,
13882,6454,233,,
13883,6455,342,,
13885,6456,342,,
13887,6457,342,,
13889,6457,121,,
13890,6458,342,,
13892,6459,342,,
13894,6460,342,,
13896,6460,141,,
13897,6461,342,,
13899,6462,342,,
13901,6463,342,,
13903,6464,342,,
13905,6465,342,,
13907,6466,342,,
13909,6466,213,,
13910,6467,342,,
13912,6468,342,,
13914,6469,342,,
13916,6470,342,,
13918,6471,342,,
13920,6472,342,,
13922,6473,342,,
13924,6474,342,,
13926,6474,206,,
13927,6475,115,,
13929,6475,198,,
13930,6476,115,Sat Sun Mon Tue Wed Thur 04:00 PM - 05:00 PM,
13931,6476,115,,
13932,6476,315,Sat Sun Mon Tue Wed Thur 04:00 PM - 05:00 PM,
13933,6477,115,,
13935,6477,206,,
13936,6478,115,,
13938,6479,115,,
13940,6480,115,,
13942,6481,115,,
13944,6482,115,,
13946,6483,115,,
13948,6484,115,,
13950,6484,88,,
13951,6485,115,,
13953,6485,206,,
13954,6486,115,,
13956,6487,115,,
13958,6487,194,,
13959,6487,94,,
13960,6488,115,"Satmasjid Road Dhanmondi C/A, Satmasjid Road, Dhanmondi, Dhaka-1209,Bangladesh | Availability: Sat Sun Mon",
13961,6488,115,,
13962,6488,4,"Satmasjid Road Dhanmondi C/A, Satmasjid Road, Dhanmondi, Dhaka-1209,Bangladesh | Availability: Sat Sun Mon",
13963,6489,115,,
13965,6490,115,Sat Sun Mon Tue Wed Thur 05:00 PM - 07:00 PM,
13966,6490,115,,
13967,6490,315,Sat Sun Mon Tue Wed Thur 05:00 PM - 07:00 PM,
13968,6491,115,,
13970,6491,194,,
13971,6492,115,,
13973,6493,115,,
13975,6494,115,,
13977,6494,180,,
13978,6495,115,,
13980,6496,115,,
13982,6497,115,,
13984,6498,115,,
13986,6499,115,,
13988,6499,194,,
13989,6500,115,,
13991,6501,115,,
13993,6502,115,,
13995,6503,115,,
13997,6503,75,,
13998,6504,115,,
14000,6505,115,Sat 05:00 PM - 09:00 PM,
14002,6506,115,,
14004,6507,115,,
14006,6508,115,Sun Tue 02:00 PM - 08:00 PMFri 11:00 AM - 05:00 PM,
14007,6508,115,,
14008,6508,6,Sun Tue 02:00 PM - 08:00 PMFri 11:00 AM - 05:00 PM,
14009,6509,115,,
14011,6510,115,,
14013,6511,115,,
14015,6512,115,,
14017,6513,115,,
14019,6514,115,,
14021,6515,115,,
14023,6516,115,,
14025,6517,115,"Satmasjid Road Dhanmondi C/A, Satmasjid Road, Dhanmondi, Dhaka-1209,Bangladesh | Availability: Sat Tue Wed",
14026,6517,115,,
14027,6517,4,"Satmasjid Road Dhanmondi C/A, Satmasjid Road, Dhanmondi, Dhaka-1209,Bangladesh | Availability: Sat Tue Wed",
14028,6518,115,,
14030,6519,115,,
14032,6520,115,,
14034,6521,115,,
14036,6521,192,,
14037,6522,115,,
14039,6522,6,,
14040,6523,117,,
14042,6524,117,Sat Sun Mon Tue Wed Thur 05:00 PM - 06:30 PM,
14043,6524,117,,
14044,6524,325,Sat Sun Mon Tue Wed Thur 05:00 PM - 06:30 PM,
14045,6525,117,,
14047,6526,117,Mon Wed Fri 04:00 PM - 06:00 PM,
14048,6526,117,,
14049,6526,325,Mon Wed Fri 04:00 PM - 06:00 PM,
14050,6527,117,,
14052,6527,202,,
14053,6527,28,,
14054,6528,117,,
14056,6529,117,,
14058,6530,117,"Monsur Ali Medical College & HospitalPlot# 26 & 26/A, Road # 10, Sector # 11, Uttara Model Town, Dhaka-",
14059,6530,117,,
14060,6530,154,"Monsur Ali Medical College & HospitalPlot# 26 & 26/A, Road # 10, Sector # 11, Uttara Model Town, Dhaka-",
14061,6531,117,Sat Sun Wed 04:30 PM - 09:00 PMTue Thur 05:30 PM - 09:00 PMFri 04:00 PM - 07:00 PM,
14063,6532,117,"Monsur Ali Medical College & HospitalPlot# 26 & 26/A, Road # 10, Sector # 11, Uttara Model Town, Dhaka-",
14064,6532,117,,
14065,6532,142,,
14066,6532,154,"Monsur Ali Medical College & HospitalPlot# 26 & 26/A, Road # 10, Sector # 11, Uttara Model Town, Dhaka-",
14067,6533,117,Sat Sun Mon Tue Wed Thur 03:00 PM - 10:00 PM,
14068,6533,117,,
14069,6533,320,Sat Sun Mon Tue Wed Thur 03:00 PM - 10:00 PM,
14070,6534,117,,
14072,6535,117,,
14074,6536,117,,
14076,6537,117,,
14078,6537,176,,
14079,6538,117,Sun Tue Thur 03:00 PM - 05:00 PM,
14080,6538,117,,
14081,6538,325,Sun Tue Thur 03:00 PM - 05:00 PM,
14082,6539,117,,
14084,6540,117,,
14086,6541,117,,
14088,6542,117,Sat Sun Mon Tue Wed Thur 07:00 PM - 09:00 PM,
14089,6542,117,,
14090,6542,320,Sat Sun Mon Tue Wed Thur 07:00 PM - 09:00 PM,
14091,6543,117,,
14093,6544,117,,
14095,6545,117,,
14097,6545,325,,
14098,6546,117,,
14100,6547,117,,
14102,6548,117,,
14104,6549,117,Sun Thur 04:00 PM - 06:00 PMTue 04:00 PM - 04:00 PM,
14106,6550,117,,
14108,6550,176,,
14109,6551,117,Sat Mon Wed 03:00 PM - 05:30 PM,
14111,6552,117,Sat Sun Mon Tue Wed 05:00 PM - 06:30 PM,
14112,6552,117,,
14113,6552,325,Sat Sun Mon Tue Wed 05:00 PM - 06:30 PM,
14114,6552,313,Sun 06:00 PM - 09:00 PM,
14115,6553,117,,
14117,6554,117,,
14119,6555,117,,
14121,6556,117,,
14123,6557,117,,
14125,6558,117,,
14127,6559,117,,
14129,6560,117,"Monsur Ali Medical College & HospitalPlot# 26 & 26/A, Road # 10, Sector # 11, Uttara Model Town, Dhaka-",
14130,6560,117,,
14131,6560,154,"Monsur Ali Medical College & HospitalPlot# 26 & 26/A, Road # 10, Sector # 11, Uttara Model Town, Dhaka-",
14132,6561,117,,
14134,6562,117,,
14136,6562,325,,
14137,6562,320,,
14138,6563,117,,
14140,6564,117,,
14142,6564,176,,
14143,6565,117,Sat Sun Mon Tue Wed Thur 05:00 PM - 08:00 PM,
14144,6565,117,,
14145,6565,325,Sat Sun Mon Tue Wed Thur 05:00 PM - 08:00 PM,
14146,6566,117,,
14148,6566,315,,
14149,6566,115,,
14150,6567,117,,
14152,6568,117,Fri 10:00 AM - 09:00 PM,
14153,6568,117,,
14154,6568,325,Fri 10:00 AM - 09:00 PM,
14155,6569,117,,
14157,6570,117,Sat Sun Mon Tue Wed Thur 8:00 AM - 02:30 PM,
14158,6570,117,,
14159,6570,48,Sat Sun Mon Tue Wed Thur 8:00 AM - 02:30 PM,
14160,6570,325,Sat Sun Mon Tue Wed Thur 07:00 PM - 08:30 PM,
14161,6571,117,,
14163,6572,117,,
14165,6573,117,,
14167,6574,117,Sat Sun Mon Tue Wed Thur 8:00 AM - 02:30 PM,
14168,6574,117,,
14169,6574,48,Sat Sun Mon Tue Wed Thur 8:00 AM - 02:30 PM,
14170,6574,325,,
14171,6575,117,,
14173,6575,313,,
14174,6576,117,,
14176,6577,117,,
14178,6578,117,,
14180,6579,344,Sun Mon Thur 05:00 PM - 07:00 PMTue 05:00 PM - 06:00 PM,
14182,6580,344,Sun Mon Tue Wed 07:00 PM - 08:00 PM,
14184,6581,344,Sat Sun Mon Tue Wed Thur Fri 07:00 PM - 08:00 PM,
14186,6581,163,,
14187,6582,344,Tue Thur 05:00 PM - 08:00 PM,
14189,6583,344,Sat Sun Mon Tue Wed Thur Fri 06:00 PM - 09:00 PM,
14191,6584,117,Sat Sun Mon Tue Wed Thur 10:00 AM - 11:30 AM,
14192,6584,117,,
14193,6584,325,Sat Sun Mon Tue Wed Thur 10:00 AM - 11:30 AM,
14194,6585,117,,
14196,6586,117,,
14198,6587,117,,
14200,6587,138,,
14201,6588,117,Sat Sun Mon Tue Wed Thur 05:00 PM - 06:00 PM,
14202,6588,117,,
14203,6588,320,Sat Sun Mon Tue Wed Thur 05:00 PM - 06:00 PM,
14204,6589,117,Fri 06:00 PM - 09:00 PM,
14206,6590,117,,
14208,6591,117,,
14210,6592,117,,
14212,6593,117,,
14214,6594,117,Sun Tue Thur 05:00 PM - 07:00 PM,
14215,6594,117,,
14216,6594,325,Sun Tue Thur 05:00 PM - 07:00 PM,
14217,6595,117,Sat Mon Wed 9:00 AM - 00:00 PMSat Sun Mon Tue Wed Thur 04:00 PM - 10:00 PM,
14219,6596,118,,
14221,6596,210,,
14222,6597,118,,
14224,6597,6,,
14225,6598,118,,
14227,6599,118,,
14229,6599,213,,
14230,6600,118,,
14232,6601,118,,
14234,6602,9,Fri 05:00 PM - 07:00 PM,
14235,6602,9,,
14236,6602,118,Fri 05:00 PM - 07:00 PM,
14237,6603,118,,
14239,6603,210,,
14240,6604,118,,
14242,6605,118,Sun Wed 07:00 PM - 08:00 PM,
14244,6605,219,"Satmasjid Road Opposite of Anam Rangs Plaza, Dhanmondi, Dhaka-1209,Bangladesh | Availability: ",
14245,6606,118,,
14247,6606,117,,
14248,6607,118,,
14250,6608,118,,
14252,6609,118,,
14254,6610,118,,
14256,6611,118,,
14258,6612,118,,
14260,6612,313,,
14261,6613,118,,
14263,6614,118,,
14265,6615,118,,
14267,6616,118,,
14269,6617,118,,
14271,6618,118,,
14273,6619,118,,
14275,6620,118,,
14277,6621,118,,
14279,6622,118,Sat Sun Mon Tue Wed Thur 06:00 PM - 10:00 PM,
14280,6622,118,,
14281,6622,316,Sat Sun Mon Tue Wed Thur 06:00 PM - 10:00 PM,
14282,6623,118,,
14284,6623,172,,
14285,6624,118,,
14287,6625,118,,
14289,6626,118,,
14291,6627,118,,
14293,6628,118,,
14295,6629,118,,
14297,6629,338,,
14298,6630,118,"Satmosjid Road, Mohammadpur (House No#1, 8 Satmasjid Road), Dhaka-1207,Bangladesh | Availability: Book App",
14299,6630,118,,
14300,6630,288,"Satmosjid Road, Mohammadpur (House No#1, 8 Satmasjid Road), Dhaka-1207,Bangladesh | Availability: Book App",
14301,6631,190,,
14303,6632,118,Sat Sun Mon Tue Wed Thur 04:00 PM - 06:00 PM,
14304,6632,118,,
14305,6632,20,Sat Sun Mon Tue Wed Thur 04:00 PM - 06:00 PM,
14306,6633,118,,
14308,6634,118,,
14310,6635,118,,
14312,6636,118,,
14314,6637,118,Sat Sun Mon Wed Fri 05:00 PM - 07:00 PM,
14316,6638,118,,
14318,6639,325,Sat Sun Mon Tue Wed Thur 10:00 AM - 00:00 PM,
14320,6639,320,,
14321,6639,144,,
14322,6640,118,,
14324,6641,118,,
14326,6642,121,,
14328,6643,121,,
14330,6643,233,,
14331,6644,121,Sat Sun Mon Tue Wed 04:00 PM - 07:00 PM,
14333,6645,121,,
14335,6645,50,,
14336,6646,121,Sat Sun Thur 08:00 PM - 10:00 PM,
14338,6647,121,,
14340,6647,111,,
14341,6648,121,,
14343,6649,121,,
14345,6650,121,,
14347,6651,121,,
14349,6652,121,,
14351,6653,121,,
14353,6653,89,,
14354,6654,121,,
14356,6654,332,,
14357,6654,221,,
14358,6655,121,,
14360,6656,121,,
14362,6656,6,,
14363,6657,121,,
14365,6657,118,,
14366,6658,121,,
14368,6659,121,,
14370,6659,338,,
14371,6659,50,,
14372,6660,121,,
14374,6661,121,,
14376,6662,121,,
14378,6663,121,Sat Sun Mon Tue Wed Thur 8:00 AM - 02:30 PM,
14379,6663,121,,
14380,6663,48,Sat Sun Mon Tue Wed Thur 8:00 AM - 02:30 PM,
14381,6664,22,,
14383,6665,121,,
14385,6665,115,,
14386,6666,121,,
14388,6667,121,Sat Mon Wed 06:30 PM - 08:30 PM,
14390,6668,121,,
14392,6669,121,,
14394,6670,121,,
14396,6671,121,,
14398,6672,121,,
14400,6673,121,,
14402,6674,121,,
14404,6674,221,,
14405,6675,121,,
14407,6675,332,,
14408,6675,23,,
14409,6676,121,,
14411,6677,121,,
14413,6678,121,,
14415,6679,121,,
14417,6679,50,,
14418,6680,121,,
14420,6681,78,,
14422,6682,121,,
14424,6682,48,,
14425,6683,327,,
14427,6684,50,,
14429,6685,50,,
14431,6686,50,,
14433,6687,50,,
14435,6688,50,,
14437,6689,50,Sat Sun Mon Tue Wed 05:00 PM - 07:00 PM,
14439,6690,50,,
14441,6691,50,"Monowara Hospital Private Limited54 Siddheswari Road, Ramna, 34, Ramna, Dhaka-1217, BangladeshAvailabil",
14442,6691,50,,
14443,6691,285,"Monowara Hospital Private Limited54 Siddheswari Road, Ramna, 34, Ramna, Dhaka-1217, BangladeshAvailabil",
14444,6692,50,,
14446,6693,50,Sat Sun Mon Tue Wed 06:00 PM - 10:00 PM,
14448,6693,193,,
14449,6694,50,,
14451,6694,111,,
14452,6695,50,,
14454,6696,50,Sat Sun Mon Tue Wed Thur 06:00 PM - 10:00 PM,
14456,6697,50,,
14458,6698,50,Sat Thur Tue 07:00 PM - 10:00 PM,
14460,6698,110,Sat Sun Mon Wed Thur 10:00 AM - 03:00 PM,
14461,6699,50,,
14463,6700,50,,
14465,6700,342,,
14466,6701,50,Sat Sun Mon Tue Wed Thur 05:30 PM - 07:30 PM,
14468,6702,50,,
14470,6702,6,,
14471,6703,50,,
14473,6704,50,,
14475,6705,50,,
14477,6706,50,,
14479,6706,121,,
14480,6706,221,,
14481,6707,50,,
14483,6707,118,,
14484,6708,50,,
14486,6709,50,,
14488,6710,50,,
14490,6711,50,Sat Sun Tue Wed Thur 10:00 AM - 05:00 PM,
14492,6712,50,,
14494,6713,50,Sat Mon Wed 03:00 PM - 05:00 PM,
14496,6714,50,,
14498,6714,155,,
14499,6715,50,,
14501,6716,50,,
14503,6717,50,,
14505,6718,50,Sat Sun Tue Wed Thur 06:00 PM - 10:00 PM,
14507,6719,50,,
14509,6720,50,,
14511,6720,111,,
14512,6721,50,,
14514,6722,50,,
14516,6723,50,,
14518,6723,333,,
14519,6724,50,"Satmasjid Road Dhanmondi C/A, Satmasjid Road, Dhanmondi, Dhaka-1209,Bangladesh | Availability: Sat Sun Mon",
14520,6724,50,,
14521,6724,4,"Satmasjid Road Dhanmondi C/A, Satmasjid Road, Dhanmondi, Dhaka-1209,Bangladesh | Availability: Sat Sun Mon",
14522,6725,50,,
14524,6726,50,,
14526,6726,333,,
14527,6727,50,,
14529,6727,333,,
14530,6728,50,,
14532,6729,50,,
14534,6729,333,,
14535,6729,122,,
14536,6730,50,,
14538,6731,50,,
14540,6732,50,"Satmasjid Road Dhanmondi C/A, Satmasjid Road, Dhanmondi, Dhaka-1209,Bangladesh | Availability: Sat Sun Mon",
14541,6732,50,,
14542,6732,111,,
14543,6732,333,,
14544,6732,4,"Satmasjid Road Dhanmondi C/A, Satmasjid Road, Dhanmondi, Dhaka-1209,Bangladesh | Availability: Sat Sun Mon",
14545,6733,50,,
14547,6734,50,,
14549,6734,333,,
14550,6735,50,Sat Sun Mon Tue Wed Thur 05:00 PM - 10:00 PM,
14552,6736,50,Fri 05:00 PM - 08:30 PM,
14554,6737,50,,
14556,6738,50,Sun Tue Thur 06:00 PM - 09:00 PM,
14558,6738,6,Sat Mon Wed 04:00 PM - 10:00 PM,
14559,6739,50,,
14561,6740,50,Sat Sun Mon Tue Wed Thur 03:00 PM - 05:00 PM,
14563,6741,50,,
14565,6742,50,,
14567,6743,50,Sat Mon Wed 07:30 PM - 09:30 PM,
14569,6743,57,Sat Sun Mon Tue Wed 05:00 PM - 07:00 PM,
14570,6744,50,,
14572,6745,50,,
14574,6746,50,,
14576,6746,342,,
14577,6747,50,,
14579,6748,50,Sat Tue 04:00 PM - 05:00 PM,
14581,6748,111,Sat Sun Mon Tue Wed Thur 06:00 PM - 09:00 PM,
14582,6749,50,,
14584,6750,50,,
14586,6751,50,Sat Sun Mon Tue Wed Thur 07:00 PM - 09:00 PM,
14587,6751,50,,
14588,6751,20,Sat Sun Mon Tue Wed Thur 07:00 PM - 09:00 PM,
14589,6752,50,,
14591,6753,50,,
14593,6754,50,,
14595,6755,50,,
14597,6756,50,,
14599,6757,50,,
14601,6758,50,Sat Sun Mon Tue Wed Thur 00:00 PM - 02:00 PM,
14603,6758,6,Sat Sun Mon Wed Thur 05:00 PM - 09:00 PM,
14604,6759,50,Sun Tue Thur 07:00 PM - 09:00 PM,
14606,6760,50,Sat Sun Mon Wed Thur 11:00 AM - 02:00 PMTue 9:00 AM - 11:00 AM,
14608,6761,50,Sat Sun Mon Tue Wed Thur 8:30 AM - 10:30 AMSat Sun Mon Tue Wed 07:30 PM - 09:00 PM,
14610,6761,122,,
14611,6762,50,Sat Sun Mon Tue Wed 06:00 PM - 07:30 PM,
14613,6762,333,,
14614,6763,50,Sat Sun Mon Tue Wed 04:30 PM - 06:30 PM,
14616,6764,50,Sun Tue Thur 03:00 PM - 05:00 PMFri 06:00 PM - 08:00 PM,
14618,6765,50,Sat Sun Mon Tue Wed 07:30 PM - 09:30 PM,
14620,6766,50,Sat Mon Wed 05:30 PM - 07:30 PM,
14622,6767,50,Sat Mon Wed 03:00 PM - 05:00 PM,
14624,6768,50,Sat Sun Tue Wed Thur 00:30 PM - 02:00 PMMon 00:00 PM - 02:00 PM,
14626,6768,337,Sat Sun Mon Tue Wed Thur 06:00 PM - 09:00 PM,
14627,6769,50,Sat Sun Mon Tue Wed Thur 05:00 PM - 08:00 PM,
14629,6770,50,Fri 05:00 PM - 08:00 PM,
14631,6770,333,,
14632,6771,50,Fri 05:00 PM - 08:00 PM,
14634,6772,50,Sat Tue Thur 05:00 PM - 08:00 PM,
14636,6773,50,Sat Sun Mon Tue Wed Thur 05:00 PM - 08:00 PM,
14638,6774,50,Sat Sun Mon Tue Wed Thur 04:30 PM - 07:30 PM,
14640,6775,330,Sat Sun Mon Tue Wed Thur 03:00 PM - 05:00 PM,
14642,6775,115,Sat Sun Mon Tue Wed 05:00 PM - 10:00 PM,
14643,6776,50,Sat Mon Tue Wed Fri 05:00 PM - 08:00 PM,
14645,6777,50,Sat Mon Wed 05:00 PM - 07:00 PM,
14647,6778,50,Sat Sun Mon Tue Wed Thur 10:00 AM - 00:00 PMSat Sun Mon Tue Wed Thur 06:00 PM - 09:00 PM,
14649,6778,333,,
14650,6779,14,Sat Sun Mon Tue Wed Thur 9:00 AM - 05:00 PM,
14652,6780,189,Sat Sun Mon Tue Wed Thur 9:00 AM - 02:00 PMSat Sun Mon Tue Wed Thur 05:00 PM - 08:00 PM,
14654,6781,50,Sun Tue Thur 05:00 PM - 07:00 PM,
14656,6782,50,Sat Sun Mon Tue Wed Thur 03:30 PM - 05:30 PM,
14658,6782,333,,
14659,6783,14,Sat Sun Mon Tue Wed Thur 10:00 AM - 01:00 PMSat Sun Mon Tue Wed Thur 04:00 PM - 08:00 PM,
14661,6784,50,Sat Sun Mon Tue Wed Thur 04:00 PM - 05:30 PM,
14663,6784,333,,
14664,6784,19,Sat 07:00 PM - 10:30 PMSun Mon Tue Wed Thur 07:00 PM - 10:00 PM,
14665,6785,50,Sat Sun Mon Tue Wed Thur 11:00 AM - 04:00 PM,
14667,6786,50,Sat Sun Mon Tue Wed Thur 07:00 PM - 09:00 PM,
14669,6787,50,Sat Sun Tue 06:00 PM - 08:00 PM,
14671,6788,222,Sat Sun Mon Tue Wed Thur 10:45 AM - 04:15 PM,
14673,6789,50,Sun Tue Thur Fri 05:00 PM - 09:00 PM,
14675,6790,50,Sat Mon Tue 11:00 AM - 01:00 PM,
14677,6790,121,Sat Sun Mon Tue Wed Thur 04:00 PM - 08:00 PM,
14678,6791,50,Sun Tue Thur 06:00 PM - 09:00 PM,
14680,6791,121,Sat Sun Mon Tue Wed Thur 02:00 PM - 04:00 PM,
14681,6792,50,Sat Mon Wed 06:00 PM - 10:00 PM,
14683,6792,338,Sun Tue 03:00 PM - 06:00 PMThur 03:00 PM - 10:00 PM,
14684,6793,50,Sat Sun Mon Tue Wed Thur 06:00 PM - 08:00 PM,
14686,6794,50,Sun Tue Thur 04:00 PM - 10:00 PMFri 05:00 PM - 07:00 PM,
14688,6794,338,Sat 03:00 PM - 06:00 PMMon Wed 03:00 PM - 04:00 PM,
14689,6795,50,Sat Sun Mon Tue Wed 06:00 PM - 09:00 PMThur 05:00 PM - 07:00 PM,
14691,6796,50,Sat Sun Mon Tue Wed 03:00 PM - 05:00 PM,
14693,6796,204,,
14694,6797,121,Sat Sun Mon Tue Wed Thur 08:00 PM - 10:00 PM,
14696,6797,48,Sat Sun Mon Tue Wed Thur 9:00 AM - 05:00 PM,
14697,6797,203,,
14698,6798,121,Sat Mon Wed 05:30 PM - 07:30 PM,
14700,6799,121,Sun Tue Thur 05:00 PM - 07:00 PM,
14702,6799,332,,
14703,6800,121,,
14705,6801,50,Sat Sun Mon Tue Wed Thur 04:00 PM - 07:00 PM,
14707,6802,50,Sun Wed 10:00 AM - 00:00 PMMon 10:00 AM - 09:00 PM,
14709,6803,50,Sat Sun Mon Tue Wed Thur 05:00 PM - 09:00 PM,
14710,6803,50,,
14711,6803,93,Sat Sun Mon Tue Wed Thur 05:00 PM - 09:00 PM,
14712,6804,50,Sat Sun Mon Tue Wed 10:00 AM - 01:00 PM,
14714,6804,333,,
14715,6805,57,Sat Tue 03:00 PM - 08:00 PM,
14717,6806,46,Sat Sun Mon Tue Wed Thur 03:00 PM - 07:00 PM,
14719,6807,46,Sat Sun Mon Tue Wed 04:00 PM - 06:00 PM,
14721,6808,46,Sat Sun Mon Tue Wed Thur 03:00 PM - 07:00 PM,
14723,6808,48,Sun Thur 03:00 PM - 07:00 PM,
14724,6809,14,,
14726,6810,46,Sat Mon 04:00 PM - 06:00 PM,
14728,6810,123,Sun Tue Thur 04:00 PM - 06:00 PM,
14729,6811,57,Sat Sun Mon Tue Wed Thur 10:00 AM - 06:00 PM,
14731,6812,50,Sat Sun Mon Tue Wed Thur 06:30 PM - 08:30 PM,
14733,6813,12,Sat Mon Tue Wed Thur 05:30 PM - 08:00 PMSun 05:00 PM - 08:00 PM,
14735,6814,345,Sat Sun Mon Tue Wed Thur 05:00 PM - 09:00 PM,
14737,6814,346,Sat Sun Mon Tue Wed Thur 10:00 AM - 04:00 PM,
14738,6815,50,Mon 06:00 PM - 09:00 PMFri 05:00 PM - 09:00 PM,
14740,6816,50,Sun Mon Tue Wed 04:00 PM - 09:00 PM,
14742,6816,342,,
14743,6816,74,,
14744,6817,347,Sat Mon 06:00 PM - 08:00 PM,
14746,6817,237,Sun Tue Thur 05:00 PM - 07:00 PM,
14747,6817,142,Fri 10:00 AM - 01:00 PM,
14748,6818,223,Sat Tue 05:00 PM - 10:00 PMFri 10:30 AM - 02:00 PM,
14749,6818,223,,
14750,6818,334,Sat Tue 05:00 PM - 10:00 PMFri 10:30 AM - 02:00 PM,
14751,6818,222,,
14752,6819,216,Sat Sun Mon Tue Wed Thur 07:00 PM - 09:00 PM,
14754,6820,216,Sat Sun Tue Wed Thur 07:00 PM - 09:00 PM,
14756,6820,70,,
14757,6820,232,,
14758,6821,48,Sat Sun Mon Tue Wed Thur 06:00 PM - 09:00 PMFri 07:00 PM - 09:00 PM,
14760,6821,117,,
14761,6822,48,Sat Sun Mon Tue Wed 8:00 AM - 02:30 PM,
14763,6823,48,Sat Sun Mon Tue Wed Thur 9:00 AM - 05:00 PM,
14765,6824,57,Sat Sun Wed 03:30 PM - 06:30 PM,
14767,6825,48,Sat Sun Mon Tue Wed Thur 9:00 AM - 05:00 PM,
14769,6826,48,Sat Sun Mon Tue Wed Thur 8:00 AM - 02:30 PM,
14771,6826,7,Sun Tue Thur 07:00 PM - 09:00 PM,
14772,6826,75,,
14773,6827,216,Sat Sun Mon Tue Wed Thur 07:00 PM - 09:00 PM,
14775,6828,216,Sat Sun Mon Tue Wed 10:00 AM - 01:00 PM,
14777,6829,216,,
14779,6830,216,Sat Sun Mon Tue Wed Thur 05:00 PM - 07:00 PM,
14781,6831,216,Sat Mon Tue Thur 07:00 PM - 10:00 PMFri 9:00 AM - 00:00 PM,
14783,6831,176,,
14784,6832,216,Sat Mon Wed 07:30 PM - 10:30 PM,
14786,6832,56,Sat Sun Mon Wed Thur 05:00 PM - 07:00 PM,
14787,6833,216,,
14789,6834,216,,
14791,6835,216,Sat Sun Mon Tue Wed Thur 07:00 PM - 09:00 PM,
14793,6836,216,,
14795,6837,118,Sat Sun Mon Tue Wed Thur 07:00 PM - 09:00 PM,
14797,6838,216,Sat Sun Mon Tue Wed Thur 05:00 PM - 09:00 PM,
14799,6839,216,Sat Sun Mon Tue Wed Thur 07:00 PM - 09:00 PM,
14801,6840,216,Sat Sun Mon Tue Wed Thur 07:00 PM - 09:00 PM,
14803,6841,216,Sat Sun Mon Tue Wed Thur 06:00 PM - 09:00 PM,
14805,6842,216,,
14807,6843,216,,
14809,6843,225,,
14810,6844,216,Sat Sun Mon Tue Wed Thur 08:00 PM - 10:00 PM,
14812,6845,216,,
14814,6846,216,Sat Sun Mon Tue Wed Thur 07:00 PM - 09:00 PM,
14816,6846,115,,
14817,6847,216,Sat Sun Mon Wed Thur 07:00 PM - 10:00 PM,
14819,6848,216,,
14821,6849,216,,
14823,6850,216,,
14825,6851,216,Sat Sun Mon Wed Thur 07:00 PM - 09:00 PM,
14827,6852,216,,
14829,6852,95,,
14830,6853,216,Sat Mon Tue Wed Thur 07:00 PM - 10:00 PM,
14832,6854,216,Sat Sun Mon Tue Wed Thur 07:00 PM - 09:00 PM,
14834,6855,216,Sat Sun Mon Tue Wed Thur Fri 03:30 PM - 05:00 PM,
14836,6855,115,,
14837,6856,216,Sun Tue Thur Fri 07:00 PM - 10:00 PM,
14839,6857,348,"Satmasjid Road, Dhanmondi, Dhaka-1209,Bangladesh | Availability: Sat Sun Mon Tue Wed Thur 8:00 AM - 08:00 P",
14841,6858,348,"Satmasjid Road, Dhanmondi, Dhaka-1209,Bangladesh | Availability: ",
14843,6859,348,"Satmasjid Road, Dhanmondi, Dhaka-1209,Bangladesh | Availability: Sat 05:00 PM - 08:00 PM",
14845,6860,348,"Satmasjid Road, Dhanmondi, Dhaka-1209,Bangladesh | Availability: Sat Tue 03:00 PM - 06:00 PM",
14847,6861,348,"Satmasjid Road, Dhanmondi, Dhaka-1209,Bangladesh | Availability: ",
14849,6862,348,"Satmasjid Road, Dhanmondi, Dhaka-1209,Bangladesh | Availability: Sat Sun Mon Tue Wed Thur 03:00 PM - 06:00",
14851,6863,348,"Satmasjid Road, Dhanmondi, Dhaka-1209,Bangladesh | Availability: Sat Sun Mon Tue Wed Thur 05:00 PM - 10:00",
14853,6863,149,,
14854,6864,348,"Satmasjid Road, Dhanmondi, Dhaka-1209,Bangladesh | Availability: Sun Mon Wed 06:00 PM - 09:00 PM",
14856,6865,348,"Satmasjid Road, Dhanmondi, Dhaka-1209,Bangladesh | Availability: Sat Sun Mon Tue Wed Thur 9:00 AM - 06:00 P",
14858,6865,316,,
14859,6866,348,"Satmasjid Road, Dhanmondi, Dhaka-1209,Bangladesh | Availability: Wed 9:00 AM - 06:00 PM",
14861,6867,348,"Satmasjid Road, Dhanmondi, Dhaka-1209,Bangladesh | Availability: Thur 9:00 AM - 06:00 PM",
14863,6868,348,"Satmasjid Road, Dhanmondi, Dhaka-1209,Bangladesh | Availability: Sat 9:00 AM - 06:00 PM",
14865,6869,348,"Satmasjid Road, Dhanmondi, Dhaka-1209,Bangladesh | Availability: Tue 9:00 AM - 06:00 PM",
14867,6870,4,"Satmasjid Road Dhanmondi C/A, Satmasjid Road, Dhanmondi, Dhaka-1209,Bangladesh | Availability: Sat Mon Wed",
14869,6871,349,Sun Tue Wed 06:00 PM - 09:00 PM,
14871,6872,348,"Satmasjid Road, Dhanmondi, Dhaka-1209,Bangladesh | Availability: Sat Sun Mon Tue Wed 03:00 PM - 09:00 PM Bo",
14873,6872,50,,
14874,6873,348,"Satmasjid Road, Dhanmondi, Dhaka-1209,Bangladesh | Availability: Sat Sun Mon Tue Wed Thur 03:00 PM - 06:00",
14876,6873,50,Fri 06:00 PM - 08:30 PM,
14877,6874,348,"Satmasjid Road, Dhanmondi, Dhaka-1209,Bangladesh | Availability: Wed Thur 9:00 AM - 06:00 PM",
14879,6875,348,"Satmasjid Road, Dhanmondi, Dhaka-1209,Bangladesh | Availability: Sat Sun Mon Tue Wed Thur 9:00 AM - 06:00 P",
14881,6875,4,"Satmasjid Road Dhanmondi C/A, Satmasjid Road, Dhanmondi, Dhaka-1209,Bangladesh | Availability: ",
14882,6876,348,"Satmasjid Road, Dhanmondi, Dhaka-1209,Bangladesh | Availability: Sat Tue Wed 06:00 PM - 09:00 PM",
14884,6876,327,Sun Mon Thur Fri 06:00 PM - 09:00 PM,
14885,6877,348,"Satmasjid Road, Dhanmondi, Dhaka-1209,Bangladesh | Availability: Sat Sun Tue Thur 06:00 PM - 09:00 PM Book",
14887,6877,122,Wed 06:00 PM - 08:00 PM,
14888,6878,348,"Satmasjid Road, Dhanmondi, Dhaka-1209,Bangladesh | Availability: Sat Wed Sun Mon Tue 06:00 PM - 09:00 PM Bo",
14890,6879,4,"Satmasjid Road Dhanmondi C/A, Satmasjid Road, Dhanmondi, Dhaka-1209,Bangladesh | Availability: Sat Sun Mon",
14892,6880,348,"Satmasjid Road, Dhanmondi, Dhaka-1209,Bangladesh | Availability: Sat Sun Mon Tue Wed 06:00 PM - 10:00 PM Bo",
14894,6880,4,"Satmasjid Road Dhanmondi C/A, Satmasjid Road, Dhanmondi, Dhaka-1209,Bangladesh | Availability: ",
14895,6881,348,"Satmasjid Road, Dhanmondi, Dhaka-1209,Bangladesh | Availability: Tue 06:00 PM - 10:00 PM",
14897,6882,348,"Satmasjid Road, Dhanmondi, Dhaka-1209,Bangladesh | Availability: Sat Sun Mon Tue Wed Thur 9:00 AM - 08:00 P",
14899,6882,20,,
14900,6883,348,"Satmasjid Road, Dhanmondi, Dhaka-1209,Bangladesh | Availability: Sun 9:00 AM - 06:00 PM",
14902,6883,225,,
14903,6884,348,"Satmasjid Road, Dhanmondi, Dhaka-1209,Bangladesh | Availability: Sat Mon Wed 06:00 PM - 09:00 PM",
14905,6884,193,,
14906,6884,175,Sun Tue Thur 07:30 PM - 09:30 PM,
14907,6885,348,"Satmasjid Road, Dhanmondi, Dhaka-1209,Bangladesh | Availability: Tue 06:00 PM - 09:00 PM",
14909,6886,350,,
14911,6886,351,,
14912,6887,70,Sat Sun Mon Tue Wed 05:00 PM - 09:00 PM,
14914,6887,48,Sat Sun Mon Tue Wed 9:00 AM - 02:00 PM,
14915,6888,330,Sat Sun Mon Tue Wed Thur 03:00 PM - 09:00 PM,
14917,6889,88,Sat Sun Mon Tue Wed Thur 9:00 AM - 02:00 PM,
14919,6890,327,,
14921,6891,327,"Satmasjid Road Dhanmondi C/A, Satmasjid Road, Dhanmondi, Dhaka-1209,Bangladesh | Availability: Sat Tue 07:0",
14922,6891,327,,
14923,6891,4,"Satmasjid Road Dhanmondi C/A, Satmasjid Road, Dhanmondi, Dhaka-1209,Bangladesh | Availability: Sat Tue 07:0",
14924,6892,327,,
14926,6893,327,,
14928,6894,327,,
14930,6895,327,,
14932,6896,327,,
14934,6897,327,,
14936,6898,327,Sun Tue Thur 07:00 PM - 09:00 PM,
14937,6898,327,,
14938,6898,50,Sun Tue Thur 07:00 PM - 09:00 PM,
14939,6898,333,,
14940,6899,327,,
14942,6900,327,,
14944,6901,327,Sat Sun Mon Tue Wed Thur 05:00 PM - 08:00 PM,
14946,6902,327,,
14948,6903,327,,
14950,6904,327,,
14952,6905,327,,
14954,6906,327,,
14956,6907,327,,
14958,6908,327,,
14960,6909,327,Mon Thur 06:00 PM - 07:00 PM,
14961,6909,327,,
14962,6909,110,Mon Thur 06:00 PM - 07:00 PM,
14963,6910,327,,
14965,6911,327,,
14967,6911,313,,
14968,6912,327,,
14970,6913,327,,
14972,6914,327,,
14974,6915,327,,
14976,6915,194,,
14977,6916,327,,
14979,6917,327,,
14981,6918,327,,
14983,6919,327,Sun Tue Thur 07:00 PM - 10:00 PM,
14984,6919,327,,
14985,6919,111,Sun Tue Thur 07:00 PM - 10:00 PM,
14986,6920,327,,
14988,6921,327,,
14990,6922,327,Sat Sun Mon Tue Wed Thur 05:00 PM - 07:00 PM,
14992,6923,327,,
14994,6924,327,Sat Sun Mon Tue Wed Thur 01:30 PM - 02:30 PM,
14996,6925,327,,
14998,6926,110,Sun Tue Thur 11:00 AM - 02:00 PMSun Tue Thur 06:00 PM - 09:00 PM,
15000,6926,327,,
15001,6927,327,,
15003,6928,327,,
15005,6929,327,,
15007,6930,122,Sun Mon Tue Wed Thur 04:00 PM - 08:00 PM,
15009,6931,111,Sat Sun Mon Tue Wed Thur 06:30 PM - 09:00 PMFri 06:00 PM - 09:00 PM,
15011,6931,88,,
15012,6932,303,"Satmasjid Road, 3, Dhanmondi, Dhaka-1205,Bangladesh | Availability: Sat Mon Thur 05:00 PM - 09:00 PM Book A",
15014,6933,303,"Satmasjid Road, 3, Dhanmondi, Dhaka-1205,Bangladesh | Availability: Sat Sun Mon Tue Wed Thur 03:00 PM - 05:",
15016,6933,111,,
15017,6933,4,"Satmasjid Road Dhanmondi C/A, Satmasjid Road, Dhanmondi, Dhaka-1209,Bangladesh | Availability: Sat Sun Mon",
15018,6934,303,"Satmasjid Road, 3, Dhanmondi, Dhaka-1205,Bangladesh | Availability: Sat Sun Mon Tue Wed Thur 10:30 AM - 01:",
15020,6935,285,"Monowara Hospital Private Limited54 Siddheswari Road, Ramna, 34, Ramna, Dhaka-1217, BangladeshAvailabil",
15022,6935,121,,
15023,6936,285,"Monowara Hospital Private Limited54 Siddheswari Road, Ramna, 34, Ramna, Dhaka-1217, BangladeshAvailabil",
15025,6937,285,"Monowara Hospital Private Limited54 Siddheswari Road, Ramna, 34, Ramna, Dhaka-1217, BangladeshAvailabil",
15027,6938,285,"Monowara Hospital Private Limited54 Siddheswari Road, Ramna, 34, Ramna, Dhaka-1217, BangladeshAvailabil",
15029,6938,121,,
15030,6939,285,"Monowara Hospital Private Limited54 Siddheswari Road, Ramna, 34, Ramna, Dhaka-1217, BangladeshAvailabil",
15032,6940,285,"Monowara Hospital Private Limited54 Siddheswari Road, Ramna, 34, Ramna, Dhaka-1217, BangladeshAvailabil",
15034,6941,285,"Monowara Hospital Private Limited54 Siddheswari Road, Ramna, 34, Ramna, Dhaka-1217, BangladeshAvailabil",
15036,6942,285,"Monowara Hospital Private Limited54 Siddheswari Road, Ramna, 34, Ramna, Dhaka-1217, BangladeshAvailabil",
15038,6943,285,"Monowara Hospital Private Limited54 Siddheswari Road, Ramna, 34, Ramna, Dhaka-1217, BangladeshAvailabil",
15040,6944,285,"Monowara Hospital Private Limited54 Siddheswari Road, Ramna, 34, Ramna, Dhaka-1217, BangladeshAvailabil",
15042,6945,327,Sat Sun Mon Tue Wed Thur 10:00 AM - 05:00 PM,
15044,6946,327,Sat Sun Mon Tue Wed Thur 10:00 AM - 02:00 PM,
15046,6947,344,Sat Mon Tue Wed 04:00 PM - 08:00 PMSun 03:00 PM - 08:00 PM,
15048,6948,327,Sat Sun Mon Tue Wed Thur 10:00 AM - 09:00 PM,
15050,6949,327,Sat Sun Mon Wed Thur 06:00 PM - 09:00 PM,
15052,6950,344,Sat Sun Mon Tue Wed Thur Fri 07:00 PM - 09:00 PM,
15054,6950,173,,
15055,6951,327,Sat Sun Mon Tue Wed Thur 9:00 AM - 02:00 PM,
15057,6952,344,Sat Sun Mon Tue Wed Thur Fri 10:00 AM - 00:00 PM,
15059,6953,327,Sat Sun Mon Tue Wed Thur 10:00 AM - 01:00 PMSat Sun Mon Tue Wed Thur 04:00 PM - 07:00 PM,
15061,6954,327,Sat Tue Wed 06:00 PM - 09:00 PM,
15063,6954,50,Sun Tue Thur 06:00 PM - 08:00 PM,
15064,6955,344,Sat Sun Mon Tue Wed Thur 06:00 PM - 09:00 PM,
15066,6956,344,Sat Sun Mon Tue Wed Thur 05:00 PM - 10:00 PM,
15068,6957,344,Sat Sun Mon Tue Wed Thur Fri 07:00 PM - 09:00 PM,
15070,6958,344,Sat Mon Wed 05:00 PM - 06:00 PM,
15072,6958,314,,
15073,6959,327,Sat Mon Wed 05:00 PM - 06:00 PM,
15075,6960,327,Sun Mon Wed Thur 06:00 PM - 10:00 PM,
15077,6961,327,Sun Mon Wed Thur 05:00 PM - 09:00 PM,
15079,6962,254,Sat Sun Mon Tue Wed Thur 06:00 PM - 09:00 PM,
15081,6963,327,Sat Sun Mon Tue Wed Thur 00:00 PM - 08:00 PM,
15083,6964,330,Sat Sun Mon Tue Wed 06:00 PM - 08:00 PMFri 03:00 PM - 05:00 PM,
15085,6965,330,Fri 03:00 PM - 08:00 PM,
15087,6966,254,Sat Sun Mon Tue Thur 06:00 PM - 09:00 PMWed 04:00 PM - 09:00 PM,
15089,6967,254,Sat Sun Mon Tue 08:00 PM - 10:00 PMWed Thur 06:00 PM - 09:00 PM,
15091,6967,352,Sat 8:00 AM - 10:00 AMSun Mon Tue 04:00 PM - 07:00 PM,
15092,6968,254,Sat Sun Mon Tue Wed Thur 06:00 PM - 09:00 PM,
15094,6969,254,Sat Sun Mon Tue Wed Thur 06:00 PM - 09:00 PM,
15096,6970,254,Sat Sun Mon Tue Wed Thur 06:00 PM - 09:00 PM,
15098,6971,254,Sat Sun Mon Tue Wed Thur 06:00 PM - 09:00 PM,
15100,6972,254,Sat Sun Mon Tue Wed Thur 06:00 PM - 09:00 PM,
15102,6973,88,Sat Sun Mon Tue Wed Thur 07:00 PM - 09:00 PM,
15104,6973,4,"Satmasjid Road Dhanmondi C/A, Satmasjid Road, Dhanmondi, Dhaka-1209,Bangladesh | Availability: Sat Sun Mon",
15105,6974,12,Sat Sun Mon Tue Wed 07:00 PM - 09:00 PM,
15107,6975,12,Sat Sun Mon Tue Wed Thur 9:00 AM - 06:00 PM,
15109,6976,12,Sat Sun Mon Tue Wed Thur 06:00 PM - 09:00 PM,
15111,6977,330,Sat Sun Mon Tue Wed Thur 10:00 AM - 05:00 PM,
15113,6978,121,,
15115,6979,330,Sat Sun Mon Tue Wed Thur 06:00 PM - 08:00 PM,
15117,6980,14,Sat Mon Tue Wed 10:00 AM - 01:00 PMSat Mon Tue Wed 02:00 PM - 06:00 PM,
15119,6981,14,Sat Sun Mon Tue Wed Thur Fri 10:00 AM - 02:00 PMSat Sun Mon Tue Wed Thur 05:00 PM - 08:00 PM,
15121,6982,14,Sat Sun Mon Tue Wed Thur 10:00 AM - 01:00 PMSat Sun Mon Tue Wed Thur 04:00 PM - 08:00 PM,
15123,6983,14,Sat Sun Mon Tue Wed Thur 04:00 PM - 08:00 PM,
15125,6984,14,,
15127,6985,14,Sat Sun Mon Tue Wed Thur 10:00 AM - 01:00 PMSat Sun Mon Tue Wed Thur 04:00 PM - 08:00 PM,
15129,6986,14,Sat Sun Mon Tue Wed Thur 10:00 AM - 01:00 PMSat Sun Mon Tue Wed Thur 04:00 PM - 08:00 PM,
15131,6987,14,Sat Mon Tue Thur 10:00 AM - 01:00 PMSat Mon Thur 03:00 PM - 05:00 PM,
15133,6988,14,Sat Tue Wed Thur 06:00 PM - 09:00 PMSun Mon 05:00 PM - 07:00 PM,
15135,6989,326,Sun Wed 10:00 AM - 11:00 AM,
15137,6990,93,Sat Sun Mon Tue Wed Thur 06:30 PM - 08:00 PM,
15139,6991,296,,
15141,6992,296,,
15143,6993,117,Sat Sun Mon Tue Wed Thur 06:00 PM - 09:00 PM,
15145,6993,144,,
15146,6994,117,Sun Tue Thur 07:00 PM - 09:00 PM,
15148,6995,121,Fri 07:00 PM - 09:00 PM,
15150,6996,121,Sat Sun Mon Tue Wed Thur 05:00 PM - 07:00 PM,
15152,6997,121,Sat Mon Wed 07:00 PM - 08:30 PM,
15154,6997,126,,
15155,6998,121,Sat Sun Mon Wed Thur 05:30 PM - 08:00 PM,
15157,6999,121,Sun Tue Thur 05:30 PM - 08:00 PM,
15159,7000,121,Fri 07:00 PM - 08:00 PM,
15161,7001,121,Sat Sun Mon Tue Wed 05:30 PM - 09:00 PM,
15163,7002,121,Sat Sun Mon Tue Wed Thur 10:00 AM - 00:00 PM,
15165,7003,121,Sat Sun Mon Tue Wed Thur 05:30 PM - 08:00 PM,
15167,7004,121,Sat Sun Mon Tue Wed Thur 06:00 PM - 08:00 PM,
15169,7005,121,,
15171,7005,89,,
15172,7006,121,Sat Sun Mon Tue Wed Thur 05:30 PM - 08:00 PM,
15174,7006,196,,
15175,7006,20,,
15176,7007,121,Sun Tue 02:00 PM - 04:00 PM,
15178,7008,50,Sun Mon Tue Wed Sat Thur 10:00 AM - 01:00 PM,
15180,7008,93,Sat Sun Mon Tue Wed Thur 05:00 PM - 10:00 PM,
15181,7009,50,Sat Sun Mon Tue Wed Thur 06:30 PM - 09:30 PM,
15183,7010,50,Sat Mon Wed 07:30 PM - 09:00 PM,
15185,7010,167,,
15186,7011,50,Sat Sun Mon Tue Wed 05:00 PM - 07:00 PM,
15188,7012,50,,
15190,7013,50,Sun Mon Tue Wed 04:30 PM - 10:30 PMSun Mon Tue Wed 07:30 PM - 10:00 PM,
15192,7014,50,Sat Sun Mon Tue Wed 03:00 PM - 08:00 PM,
15194,7015,50,Sat Sun Mon Tue Wed 07:30 PM - 10:00 PM,
15196,7015,11,Sat Sun Mon Tue Wed Thur 03:00 PM - 05:00 PM,
15197,7016,50,Sat Sun Mon Tue Wed Thur 04:00 PM - 08:00 PM,
15199,7017,50,Sat Sun Mon Tue Wed 05:30 PM - 08:30 PM,
15201,7018,50,Sat Sun Mon Tue Wed 05:00 PM - 08:30 PM,
15203,7019,50,Fri 11:00 AM - 00:00 PM,
15205,7020,50,Sat Sun Tue Wed 05:30 PM - 08:30 PM,
15207,7021,50,Sat Sun Mon Tue Wed 05:00 PM - 09:00 PM,
15209,7022,50,Sat Sun Mon Tue Wed 05:00 PM - 09:00 PM,
15211,7022,333,,
15212,7023,50,Sat Sun Mon Tue Wed 05:00 PM - 08:00 PM,
15214,7024,50,Sat Sun Mon Tue Wed Thur 03:00 PM - 05:00 PM,
15216,7025,50,Sat Sun Mon Tue Wed Thur 06:00 PM - 09:00 PM,
15218,7026,50,Sat Sun Mon Tue Wed Thur 06:30 PM - 09:00 PM,
15220,7027,50,Sat Sun Mon Tue Wed Thur 05:00 PM - 09:00 PM,
15222,7028,50,Tue Fri 05:00 PM - 09:00 PM,
15224,7029,50,Sat Sun Mon Tue Wed 07:00 PM - 09:00 PM,
15226,7030,50,Sat Sun Tue Thur 06:00 PM - 08:00 PM,
15228,7030,118,,
15229,7031,50,Sun Mon Tue Wed 05:00 PM - 07:00 PM,
15231,7031,122,,
15232,7032,50,Fri 06:00 PM - 08:00 PM,
15234,7033,117,Sat Mon Wed 04:00 PM - 06:00 PM,
15236,7033,313,,
15237,7033,159,,
15238,7033,144,,
15239,7033,139,,
15240,7034,117,Sat Sun Mon Tue Wed Thur 04:00 PM - 08:00 PM,
15242,7035,117,Sat Sun Mon Tue Wed Thur Fri 10:00 AM - 00:00 PMSun Tue Wed 06:00 PM - 11:00 PM,
15244,7036,176,Sun Tue Thur 07:00 PM - 09:00 PM,
15246,7037,117,Sat Sun Mon Tue Wed Thur 07:00 PM - 10:00 PM,
15248,7037,325,Sat Sun Mon Tue Wed Thur 05:00 PM - 07:00 PM,
15249,7038,117,Sat Sun Mon Tue Wed Thur 07:00 PM - 09:00 PM,
15251,7039,325,Sat Sun Mon Tue Wed Thur 04:30 PM - 06:00 PM,
15253,7039,117,,
15254,7040,121,Sat Sun Mon Tue Wed Thur 05:30 PM - 08:30 PM,
15256,7041,50,Sat Mon Tue Wed Sun 9:30 AM - 00:00 PM,
15258,7042,50,Sat Sun Mon Tue Wed Thur 06:30 PM - 09:00 PM,
15260,7043,115,Sat Mon Wed 07:00 PM - 10:00 PM,
15262,7043,315,Tue 04:00 PM - 05:00 PMFri 10:00 AM - 00:00 PM,
15263,7044,121,Sat Sun Mon Tue Wed Thur 02:00 PM - 05:00 PMFri 10:00 AM - 00:00 PM,
15265,7044,22,,
15266,7045,110,Sat Sun Mon Tue Wed Thur 04:00 PM - 09:00 PM,
15268,7045,189,,
15269,7046,327,,
15271,7047,110,Sun Mon Tue Wed Thur 9:00 AM - 01:00 PM,
15273,7048,110,Sat Sun Mon Tue Wed Thur 11:30 AM - 02:00 PMSat Sun Mon Tue Wed Thur 06:30 PM - 09:00 PM,
15275,7049,110,Sat Sun Mon Tue Wed Thur 10:30 AM - 04:00 PM,
15277,7050,110,Sat Sun Mon Tue Wed Thur 07:30 PM - 08:30 PM,
15279,7051,110,Sat Mon Wed 03:00 PM - 06:00 PM,
15281,7052,110,Sat Mon Wed 05:00 PM - 07:00 PM,
15283,7052,50,,
15284,7053,110,Sat Mon Tue Wed Thur 05:00 PM - 10:30 PMSun 05:00 PM - 10:00 PM,
15286,7054,33,,
15288,7055,110,Sat Sun Mon Tue Wed 11:00 AM - 10:00 PM,
15290,7056,110,Sat Sun Mon Tue Wed Thur 04:00 PM - 10:00 PM,
15292,7057,110,Sat Sun Tue Wed Thur 03:00 PM - 08:00 PMMon 03:00 PM - 09:00 PM,
15294,7058,216,,
15296,7058,95,,
15297,7059,110,Sat Sun Mon Tue Wed Thur 06:00 PM - 09:00 PM,
15299,7060,110,Sat Sun Mon Tue Wed Thur 10:00 AM - 01:00 PMSat Sun Mon Tue Wed Thur 05:00 PM - 08:00 PM,
15301,7061,110,Sat Sun Mon Wed Thur 04:00 PM - 08:00 PM,
15303,7062,110,Sat Sun Mon Tue Wed Thur 06:00 PM - 10:00 PM,
15305,7063,110,Sat Mon Wed 10:00 AM - 01:00 PM,
15307,7064,110,Sat Sun Mon Tue Wed Thur 03:00 PM - 07:00 PM,
15309,7065,122,Sat Sun Mon Wed Thur 10:00 AM - 01:00 PM,
15311,7066,5,Sat Sun Mon Tue Wed Thur 06:00 PM - 08:00 PM,
15313,7066,189,Sat Sun Mon Tue Wed Thur 9:00 AM - 00:00 PM,
15314,7067,5,Sat Sun Mon Tue Wed Thur 06:00 PM - 08:00 PM,
15316,7068,5,Sat Sun Mon Tue Wed Thur 07:00 PM - 09:00 PM,
15318,7069,5,Sat Mon Wed 07:00 PM - 10:00 PM,
15320,7069,50,Sat Sun Mon Wed Thur 07:00 PM - 10:00 PM,
15321,7070,20,Sat Wed Mon Tue 07:00 PM - 09:00 PM,
15323,7071,123,Sat Sun Mon Tue Wed 05:00 PM - 09:00 PM,
15325,7071,50,,
15326,7072,32,"Satmasjid Road, Dhaka-1205,Bangladesh | Availability: Sun Tue Thur 05:00 PM - 07:00 PM",
15328,7073,122,Sat Sun Mon Tue Wed 06:00 PM - 11:00 PM,
15330,7074,122,Sat Mon Wed 07:30 PM - 09:30 PM,
15332,7074,109,,
15333,7075,123,Sat Sun Mon Tue Wed Thur 11:00 AM - 02:00 PMSat Sun Mon Tue Wed Thur 05:00 PM - 07:00 PMFri 06:00 PM -,
15335,7076,123,Wed 02:00 PM - 05:00 PM,
15337,7076,50,Sat Mon Tue 02:30 PM - 05:00 PMSun 02:30 PM - 05:30 PM,
15338,7077,337,Sat Sun Mon Tue Wed Thur 06:00 PM - 07:00 PM,
15340,7078,337,Sat Sun Mon Tue Wed Thur 05:30 PM - 09:00 PM,
15342,7078,317,,
15343,7079,337,Sat Sun Mon Tue Wed Thur 06:00 PM - 09:00 PM,
15345,7080,337,Sat Sun Mon Tue Wed Thur 06:00 PM - 09:00 PM,
15347,7081,7,,
15349,7082,122,Sat 07:00 PM - 08:30 PMSun Tue Wed 07:00 PM - 10:30 PM,
15351,7083,122,Sat Sun Tue Wed 05:00 PM - 08:00 PM,
15353,7084,122,Sat Sun Mon Tue Wed Thur 06:00 PM - 09:00 PM,
15355,7085,122,Sat Sun Mon Tue Wed Thur 10:00 AM - 01:00 PM,
15357,7085,118,,
15358,7086,122,Sat Mon Wed 02:00 PM - 04:00 PM,
15360,7087,122,Sat Sun Tue Thur 06:00 PM - 08:30 PMMon 06:00 PM - 10:30 PM,
15362,7088,122,Sat Sun Mon Tue Wed Thur 08:00 PM - 10:30 PM,
15364,7088,50,,
15365,7088,53,,
15366,7088,4,"Satmasjid Road Dhanmondi C/A, Satmasjid Road, Dhanmondi, Dhaka-1209,Bangladesh | Availability: Sun Tue Thur",
15367,7089,122,Sat Sun Mon Tue Wed Thur 05:00 PM - 08:00 PM,
15369,7090,122,Sat Sun Tue Wed 04:00 PM - 07:00 PM,
15371,7091,122,Sat Sun Mon Thur 05:30 PM - 09:30 PM,
15373,7092,122,Sat Mon Tue Wed 06:00 PM - 09:00 PM,
15375,7093,122,Sat Mon Tue Wed Fri 10:00 AM - 01:00 PM,
15377,7094,122,Sat Sun Mon Tue Wed 07:30 PM - 09:00 PM,
15379,7095,122,Sat Sun Mon Wed 07:00 PM - 10:00 PM,
15381,7096,122,Sat Sun Mon Tue Wed 03:30 PM - 07:30 PM,
15383,7097,32,"Satmasjid Road, Dhaka-1205,Bangladesh | Availability: Sat Sun Mon Tue 06:00 PM - 09:00 PM",
15385,7098,122,Sat Sun Mon Tue Wed Thur 06:00 PM - 09:00 PM,
15387,7099,264,Sun Tue Thur 07:00 PM - 09:00 PM,
15389,7100,264,Sat Sun Mon Tue Wed 06:30 PM - 08:30 PM,
15391,7100,172,,
15392,7101,264,Sat Sun Tue Wed 06:00 PM - 09:00 PM,
15394,7102,264,Sun Tue Thur 05:30 PM - 07:30 PM,
15396,7102,111,,
15397,7103,264,Sat Sun Mon Tue Wed Thur 09:00 PM - 10:30 PMFri 06:00 PM - 08:00 PM,
15399,7103,172,,
15400,7104,12,Sat Sun Mon Wed Tue 10:00 AM - 02:00 PM,
15402,7105,222,Sat Sun Mon Tue Wed Thur 10:00 AM - 05:00 PM,
15404,7106,222,Sat Sun Mon Tue Wed Thur 9:00 AM - 05:00 PM,
15406,7107,222,Sat Sun Mon Tue Wed Thur 06:00 PM - 08:00 PM,
15408,7107,92,,
15409,7108,222,Sat Sun Mon Tue Wed Thur 10:00 AM - 04:00 PM,
15411,7109,222,Sat Sun Mon Tue Wed Thur 9:00 AM - 05:00 PM,
15413,7110,222,Sat Sun Mon Tue Wed Thur 9:00 AM - 04:00 PM,
15415,7111,222,Sat Sun Mon Tue Wed Thur 03:30 PM - 05:00 PM,
15417,7112,222,Sat Sun Mon Tue Wed Thur 9:00 AM - 05:00 PM,
15419,7113,222,Sat Sun Mon Tue Wed Thur 11:00 AM - 05:00 PM,
15421,7114,222,Sat Sun Mon Tue Wed Thur 9:00 AM - 05:00 PM,
15423,7115,222,Sat Sun Mon Tue Wed Thur 11:00 AM - 05:00 PM,
15425,7116,222,Sat Sun Mon Tue Wed Thur 10:00 AM - 05:00 PM,
15427,7117,222,Sat Sun Mon Tue Wed Thur 9:00 AM - 05:00 PM,
15429,7118,222,Sat Sun Mon Tue Wed Thur 10:00 AM - 04:30 PM,
15431,7119,330,,
15433,7120,303,"Satmasjid Road, 3, Dhanmondi, Dhaka-1205,Bangladesh | Availability: Sat Thur 06:00 PM - 09:00 PM",
15435,7120,70,Sat Sun Mon Tue Wed Thur 05:00 PM - 09:00 PM,
15436,7121,141,Sat Sun Mon Tue Wed 06:00 PM - 08:30 PM,
15438,7122,12,Sat Sun Mon Tue Wed Thur 02:00 PM - 08:00 PM,
15440,7123,12,Sun Mon Tue Wed 01:00 PM - 03:00 PM,
15442,7124,12,Sun Tue Thur 07:00 PM - 09:00 PM,
15444,7125,12,Sat Sun Mon Tue Wed Thur 9:00 AM - 06:00 PM,
15446,7126,12,Sat Sun Mon Tue Wed 06:00 PM - 08:00 PM,
15448,7127,327,Sat Sun Mon Tue Wed Thur 02:30 PM - 04:30 PM,
15450,7127,41,Sat Sun Mon Tue Wed Thur 06:00 PM - 08:00 PM,
15451,7128,327,Sat Sun Mon Tue Wed Thur 03:00 PM - 08:00 PM,
15453,7129,327,Sat Sun Mon Tue Wed Thur 11:00 AM - 04:00 PM,
15455,7129,20,,
15456,7130,327,Sat Sun Mon Tue Wed Thur 05:00 PM - 08:30 PM,
15458,7131,327,Sat Sun Mon 9:00 AM - 11:00 AMWed Thur 04:30 PM - 06:30 PM,
15460,7132,327,Sat Sun Mon Tue Wed Thur 04:00 PM - 08:00 PM,
15462,7133,327,Sat Sun Mon Tue Wed 07:00 PM - 09:00 PM,
15464,7134,327,Sat Sun Mon Tue Wed 05:00 PM - 08:00 PM,
15466,7135,327,Sat Sun Mon Tue Wed 10:00 AM - 00:30 PM,
15468,7136,353,Sat Sun Mon Tue Wed 03:00 PM - 06:00 PM,
15470,7137,354,Sat Wed Mon 03:00 PM - 07:00 PM,
15472,7137,237,Tue 03:00 PM - 07:00 PM,
15473,7138,78,Sat Sun Mon Tue Wed Thur 9:30 AM - 05:40 PM,
15475,7139,78,Sat Sun Mon Tue Wed 00:00 PM - 02:00 PM,
15477,7140,78,Sat Mon Wed Thur 00:30 PM - 05:30 PM,
15479,7141,78,Sat Sun Mon Tue Wed Thur 10:00 AM - 05:30 PM,
15481,7141,88,,
15482,7142,78,Sat 10:00 AM - 05:30 PMSun Mon Tue Wed Thur 9:00 AM - 01:00 PM,
15484,7143,78,Sat Sun Mon Tue Wed Thur 9:30 AM - 05:30 PM,
15486,7144,146,Sat Mon Wed 08:00 PM - 10:00 PM,
15488,7144,89,,
15489,7145,42,"Satmosjid Road, Mohammadpur, 8, Mohammadpur, Dhaka-1207,Bangladesh | Availability: Sat Sun Mon Tue Wed Thur",
15491,7145,23,,
15492,7146,19,Sun Mon Tue Thur 07:30 PM - 08:30 PMWed 07:30 PM - 07:30 PM,
15494,7147,122,Sat Sun Mon Tue Wed Thur 05:00 PM - 08:00 PM,
15496,7148,330,Sat Sun Mon Tue Wed Thur 04:00 PM - 10:00 PM,
15498,7148,31,Sun Tue Thur 10:00 AM - 01:00 PM,
15499,7149,330,Sat Sun Mon Tue Wed Thur 10:00 AM - 05:00 PM,
15501,7150,14,Sat 06:00 PM - 0:00 AM,
15503,7150,330,Sun Mon 06:00 PM - 10:00 PM,
15504,7151,330,Sat Wed 8:00 AM - 06:00 PMSun 8:00 AM - 04:00 PM,
15506,7151,322,Tue 06:00 PM - 1:00 AMWed 06:00 PM - 11:30 PMFri 8:00 AM - 00:00 PM,
15507,7152,122,Sat Sun Mon Tue Wed Thur 06:00 PM - 10:00 PM,
15509,7153,330,Sat Sun 08:00 PM - 10:00 PM,
15511,7154,122,Sat Sun Mon Tue Wed Thur Fri 07:00 PM - 10:00 PM,
15513,7154,118,,
15514,7155,14,,
15516,7156,14,Sat Sun Mon Tue Wed Thur 10:00 AM - 01:00 PMSat Sun Mon Tue Wed Thur 05:00 PM - 08:00 PM,
15518,7157,50,Sat Sun Mon Tue Wed Thur 06:00 PM - 09:00 PM,
15520,7158,222,Sat Sun Mon Tue Wed Thur 06:00 PM - 10:00 PM,
15522,7159,222,Sat Sun Mon Tue Wed Thur 9:00 AM - 05:00 PM,
15524,7160,330,Sat Sun Mon Tue Wed Thur 06:00 PM - 09:00 PM,
15526,7160,70,,
15527,7161,327,Sat Sun Mon Tue Wed Thur 04:00 PM - 06:00 PM,
15529,7162,56,Sun Tue Thur 08:00 PM - 10:00 PMSat Mon Wed 05:00 PM - 08:00 PM,
15531,7163,110,,
15533,7164,50,Sun Tue 11:00 AM - 02:00 PM,
15535,7165,50,Sat Sun Tue Wed Thur 06:00 PM - 09:00 PM,
15537,7166,330,,
15539,7167,50,Sat Sun Mon Tue Wed 05:00 PM - 08:00 PM,
15541,7168,50,Sat Sun Mon Tue Wed Thur 10:00 AM - 02:00 PM,
15543,7168,333,,
15544,7169,222,Sat Sun Mon Tue Wed Thur 10:00 AM - 05:00 PM,
15546,7170,50,Sat 9:00 AM - 11:00 AMSun Tue Wed 10:00 AM - 00:00 PM,
15548,7170,121,Sat Sun Tue Wed 05:00 PM - 09:00 PM,
15549,7170,172,,
15550,7171,50,Sat Sun Mon Tue Wed Thur 07:00 PM - 09:00 PM,
15552,7172,222,Sat Sun Mon Tue Wed Thur 04:00 PM - 07:00 PM,
15554,7173,121,Sat Sun Mon Tue Wed Thur 09:00 PM - 10:00 PM,
15556,7174,50,Sat Sun Mon Tue Wed Thur 03:30 PM - 09:30 PM,
15558,7175,50,Sat Sun Mon Tue Wed 05:30 PM - 08:00 PMThur 05:00 PM - 06:00 PM,
15560,7176,244,,
15562,7177,355,,
15564,7178,356,,
15566,7179,6,Sat Sun Thur 10:00 AM - 02:00 PM,
15568,7180,357,,
15570,7181,170,Sat Sun 03:30 PM - 05:30 PMMon 03:30 PM - 03:30 PM,
15572,7182,358,Sun 7:30 AM - 10:25 AMTue 8:25 AM - 11:52 AM,
15574,7183,359,Fri 8:00 AM - 02:00 PM,
15576,7184,360,Sat Sun Mon Wed 05:00 PM - 08:00 PMThur 05:00 PM - 08:01 PM,
15578,7185,361,"Monipur, Metro Pillar No-266, Opposit Al-Helal Specialized hospital, Near IFIC Bank, Mirpur 10,Dhaka ,",
15580,7186,362,,
15582,7186,363,,
15583,7187,364,Sat Mon Wed 05:00 PM - 08:00 PM,
15585,7188,81,Sat Sun Mon Tue Thur 03:00 PM - 08:00 PMFri 10:00 AM - 03:00 PM,
15587,7189,365,Thur 04:00 PM - 09:00 PMFri 10:00 PM - 00:00 PM,
15589,7189,366,Sat Tue 02:00 PM - 11:00 PMSun 07:00 PM - 09:00 PMMon Wed 05:00 PM - 09:00 PMThur 04:00 PM - 11:00 PM B,
15590,7190,39,Sat Mon Wed 06:00 PM - 09:00 PM,
15592,7190,309,"Friendship Hospital55, Satmasjid road, Dhaka, Zigatola Bus stand, Bangladesh, Zigatola Bus stand, 1209,",
15593,7190,309,"Friendship HospitalZigatola Bus Stand, 55 Satmasjid Road, Dhaka-1209,Bangladesh | Availability: Sat Mon Wed",
15594,7191,367,Mon Wed 05:00 PM - 08:00 PM,
15596,7193,213,Sat Sun Mon Tue 03:00 PM - 06:00 PM,
15598,7194,368,,
15600,7195,175,Sun 02:30 PM - 05:30 PMTue 02:30 PM - 06:00 PMThur 01:00 PM - 04:00 PM,
15602,7195,109,Fri 9:00 AM - 07:30 PM,
15603,7196,369,Sat Mon Tue Wed Thur 2:30 AM - 6:30 AMSun 2:31 AM - 6:30 AM,
15605,7197,109,Sat Sun Mon Tue Wed Thur 2:00 AM - 4:00 AM,
15607,7197,370,Fri 10:03 AM - 00:55 PM,
15608,7199,83,,
15610,7200,230,,
15612,7200,371,,
15613,7201,372,Sat Mon Wed 07:00 PM - 10:00 PM,
15615,7201,99,Thur Fri 03:00 PM - 06:00 PM,
15616,7201,373,Thur Fri 9:00 AM - 02:00 PM,
15617,7201,52,Sat 07:00 PM - 09:02 PMSun Tue 9:00 AM - 09:00 PMMon 07:00 PM - 09:03 PMWed 07:00 PM - 09:00 PM,
15618,7202,292,Sat Sun Tue Wed Thur 02:00 PM - 04:00 PM,
15620,7203,73,,
15622,7206,123,,
15624,7206,20,,
15625,7207,374,,
15627,7208,375,,
15629,7209,376,Sat Thur 9:00 AM - 09:00 PMFri 8:00 AM - 09:00 PM,
15631,7209,377,Sun Mon Tue 10:00 AM - 09:00 PM,
15632,7209,378,Wed 9:00 AM - 06:00 PM,
15633,7210,23,Sun Tue Thur 10:00 AM - 02:00 PM,
15635,7211,379,Sat Sun Mon Tue Wed Thur 03:00 PM - 06:00 PM,
15637,7212,73,,
15639,7213,225,Sat Sun Mon Tue Wed Thur 9:00 AM - 02:00 PM,
15641,7213,56,Sat Tue Thur 04:00 PM - 06:00 PM,
15642,7214,278,"Sataish, Tongi, Gazipur, Dhaka-1711,Bangladesh | Availability: ",
15644,7216,33,Sun 07:00 PM - 09:00 PMMon Wed 07:00 PM - 09:01 PM,
15645,7216,33,,
15646,7216,20,Sun 07:00 PM - 09:00 PMMon Wed 07:00 PM - 09:01 PM,
15647,7217,328,Sat Sun Tue Wed Thur Fri 05:00 PM - 09:30 PM,
15649,7218,380,,
15651,7219,61,,
15653,7220,118,"Friday only, Bangladesh, Bangladesh, 1980,Bangladesh | Availability: ",
15654,7220,118,,
15655,7220,381,"Friday only, Bangladesh, Bangladesh, 1980,Bangladesh | Availability: ",
15656,7221,382,Sat Sun Mon Tue Wed Thur 06:30 PM - 09:00 PM,
15658,7221,383,Sun 10:00 AM - 05:00 PM,
15659,7222,384,Tue 11:00 AM - 06:00 PM,
15661,7222,385,Sat Sun Mon Wed Thur Fri 03:00 PM - 1:00 AMTue 11:00 AM - 06:00 PM,
15662,7224,164,Sat 02:30 PM - 10:00 PMSun Mon 08:00 PM - 10:30 PMTue Wed 11:00 AM - 10:30 PMFri 06:00 PM - 10:30 PM Bo,
15664,7225,20,,
15666,7227,146,,
15668,7228,176,,
15670,7229,117,,
15672,7230,75,,
15674,7231,75,,
15676,7232,75,,
15678,7233,92,,
15680,7234,50,,
15682,7235,93,,
15684,7236,386,Sat Sun Mon Tue Wed Thur 5:00 AM - 8:00 AMFri 9:00 AM - 8:00 AM,
15686,7237,387,Sat 1:30 AM - 11:55 AMSun Tue Wed Thur 2:55 AM - 11:55 PMMon 2:55 AM - 00:55 PMFri 7:05 AM - 11:55 PM B,
15688,7237,106,Sat Sun Thur 03:00 PM - 05:15 PMMon Tue 03:00 PM - 05:00 PMWed 03:13 PM - 05:15 PM,
15689,7239,388,Sat Sun Mon Tue Wed Thur 06:00 PM - 09:00 PM,
15691,7240,50,,
15693,7241,198,,
15695,7241,194,,
15696,7242,389,,
15698,7242,390,,
15699,7243,255,,
15701,7243,126,,
15702,7244,255,,
15704,7244,215,,
15705,7245,202,,
15707,7246,45,Sat Sun Mon Tue Wed Thur 05:00 PM - 09:30 PM,
15709,7247,45,Sat Sun Tue Wed Thur 07:00 PM - 09:30 PM,
15711,7248,391,Sat Sun Mon Tue Wed 5:00 AM - 9:00 AM,
15713,7248,392,Fri 8:00 AM - 4:00 AM,
15714,7249,223,,
15716,7250,225,,
15718,7251,88,Sat Sun Mon Tue Wed Thur 06:00 PM - 09:00 PM,
15720,7252,88,Sat Sun Mon Tue Wed Thur 8:00 AM - 02:00 PM,
15722,7253,307,Sat Sun Mon Tue Wed Thur 06:00 PM - 08:00 PM,
15724,7254,307,Sat Sun Mon Tue Wed Thur 06:00 PM - 08:00 PM,
15726,7255,311,Sat Mon Wed 05:00 PM - 07:00 PM,
15728,7256,19,Sat Sun Mon Tue Wed Thur 06:00 PM - 10:00 PM,
15730,7257,118,Sat Sun Mon Tue Wed Thur 04:00 PM - 08:00 PM,
15732,7257,122,,
15733,7258,104,,
15735,7259,117,Sun Thur 7:00 AM - 8:00 AMTue 07:00 PM - 8:00 AM,
15737,7259,52,Sun 08:00 PM - 09:00 PMTue Thur 8:00 AM - 9:00 AM,New: 800 | Follow-up: 500
15738,7260,81,,
15740,7261,176,Sun Tue Thur 06:00 PM - 09:00 PM,
15742,7262,117,,
15744,7263,5,,
15746,7264,45,Sat Sun Mon Tue 06:00 PM - 09:30 PMWed Thur 06:00 PM - 07:30 PM,
15748,7265,176,,
15750,7266,6,Fri 8:00 AM - 00:00 PM,
15752,7267,48,Sat Sun Mon Tue Wed Thur 8:00 AM - 02:30 PMSat Sun Mon Tue Wed Thur 03:00 PM - 05:00 PMFri 9:00 AM - 03,
15754,7268,393,Sat Mon Wed 04:00 PM - 10:00 PMFri 9:30 AM - 00:00 PM,
15756,7269,141,,
15758,7270,6,Sat Mon Wed 04:00 PM - 06:00 PM,
15759,7270,6,,
15760,7270,193,,
15761,7270,19,Sat Mon Wed 04:00 PM - 06:00 PM,
15762,7270,41,Sat Mon Wed 06:00 PM - 08:30 PM,
15763,7271,221,,
15765,7272,264,,
15767,7273,297,Sat Sun Mon Tue Wed Thur Fri 10:00 AM - 11:00 PM,
15769,7274,336,,
15771,7275,170,,
15773,7276,194,,
15775,7277,142,,
15777,7278,327,,
15779,7279,117,,
15781,7280,342,,
15783,7280,121,,
15784,7281,115,,
15786,7282,325,Sun Tue 7:00 AM - 01:00 PMSun Tue 03:00 PM - 07:00 PM,
15788,7283,344,Sun 09:00 PM - 10:00 PM,
15790,7284,344,Sat Mon Wed Thur Fri 08:00 PM - 09:00 PMSun 09:00 PM - 09:00 PM,
15792,7285,344,Sat Tue 09:00 PM - 11:00 PM,
15794,7286,118,,
15796,7287,108,,
15798,7288,6,Tue 04:00 PM - 10:00 PM,
15800,7289,215,,
15802,7289,118,,
15803,7290,7,Sat Mon Wed 07:00 PM - 09:00 PM,
15805,7291,233,,
15807,7292,123,,
15809,7293,288,"Satmosjid Road, Mohammadpur (House No#1, 8 Satmasjid Road), Dhaka-1207,Bangladesh | Availability: Tue 03:00",
15811,7294,394,,
15813,7295,209,,
15815,7296,122,,
15817,7297,12,Sat Sun Mon Tue Wed Thur 06:00 PM - 09:00 PMSat Sun Thur 09:01 PM - 10:00 PMMon 09:00 PM - 10:00 PM Boo,
15819,7297,284,Fri 9:00 AM - 01:30 PM,
15820,7297,52,Sat Sun Mon Tue Wed Thur Fri 06:00 PM - 10:59 PM,New: 1000 | Follow-up: 800 | Report: 500
