qual_id,doctor_id,degree,institution
1,1,MBBS(CMC),CMC
2,1,BCS(Health),Health
3,1,MD( Nephrology), Nephrology
4,2,MBBS,
5,2,BCS (HEALTH),HEALTH
6,2,MS (UROLOGY),UROLOGY
7,2,FCPS (FP),FP
8,3,MBBS,
9,3,MD (Physical medicine and rehabilitation),Physical medicine and rehabilitation
10,4,MBBS,
11,4,MD (Cardiology),Cardiology
12,5,MBBS,
13,5,FCPS,
14,6,MBBS,
15,6,FCPS,
16,7,MBBS,
17,7,FCPS (Medicine),Medicine
18,7,MD (Gastroenterology),Gastroenterology
19,8,MBBS (DMC),DMC
20,8,FCPS (ENT),ENT
21,9,MBBS,
22,9,FCPS (Medicine),Medicine
23,9,FCPS (Pulmonology),Pulmonology
24,9,CCEBDM (India),India
25,10,MBBS,
26,10,MD(Cardiology),Cardiology
27,10,BCS (Health ),Health 
28,11,MBBS,
29,11,BCS (Health),Health
30,11,FCPS (ENT),ENT
31,12,MBBS,
32,12,FCPS (ENT),ENT
33,14,MS,
34,15,MBBS,
35,16,MBBS,
36,16,BCS (Health),Health
37,16,MD (Chest Diseases),Chest Diseases
38,17,MBBS,
39,17,BCS (Health),Health
40,17,MD (Internal Medicine)-Resident (Phase B),Internal Medicine
41,18,MBBS,
42,19,MBBS,
43,19,MS (CVTS),CVTS
44,20,MBBS (SSMC),SSMC
45,20,BCS (Health),Health
46,20,MS (Urology),Urology
47,21,MBBS (DMC),DMC
48,21,MS (BIRDEM),BIRDEM
49,21,DMU (SU),SU
50,22,FCPS(Medicine),Medicine
51,22,MRCP(UK),UK
52,22,MRCPI,
53,22,MRCP in Respiratory Medicine(UK),UK
54,22,European Diploma in Respiratory Medicine,
55,23,FCPS (Orthodontics and Dentofacial Orthopedics),Orthodontics and Dentofacial Orthopedics
56,24,MBBS,
57,24,DO - Ophthalmology,
58,25,MBBS (Dhaka),Dhaka
59,25,BCS (Health),Health
60,25,MS (SLP-DU),SLP-DU
61,25,MS (Chest/Thoracic Surgery),Chest/Thoracic Surgery
62,26,MBBS,
63,26,FCPS (Medicine),Medicine
64,26,FCPS (Nephrology),Nephrology
65,27,MBBS,
66,27,BCS (Health),Health
67,27,MD (Rheumatology),Rheumatology
68,27,MRCP (PACES),PACES
69,28,MBBS,
70,28,BCS(Health),Health
71,28,MD(Chest/Pulmonology),Chest/Pulmonology
72,29,MBBS,
73,29,FCPS (Medicine),Medicine
74,29,MRCP (UK),UK
75,30,MBBS (Malaysia),Malaysia
76,31,MBBS,
77,32,MBBS,
78,32,MS(ENT),ENT
79,33,MBBS,
80,33,MD,
81,33,FCPS(Final part),Final part
82,34,MBBS,
83,34,FCPS,
84,35,MBBS,
85,36,MBBS (Dhaka Medical college),Dhaka Medical college
86,36,MS (vascular surgery) Bangladesh Medical University,vascular surgery
87,37,MBBS,
88,37,FCPS (Obs & Gynae) Diploma in ART,Obs & Gynae
89,38,MBBS (Dhaka),Dhaka
90,38,FCPS (Neonatology),Neonatology
91,38,MD (Pediatrics),Pediatrics
92,39,MBBS,
93,39,BCS (Health),Health
94,39,MD (Nephrology),Nephrology
95,40,MBBS,
96,40,FCPS (Medicine),Medicine
97,40,MD (Nephrology),Nephrology
98,41,MBBS,
99,41,MD (Pediatrics),Pediatrics
100,41,MRCPH (UK),UK
101,42,MBBS,
102,42,MS(Hepatobiliary Surgery),Hepatobiliary Surgery
103,43,MBBS,
104,43,FCPS (Internal Medicine),Internal Medicine
105,43,MRCP(UK),UK
106,43,MD Phase B( Pulmonology), Pulmonology
107,44,MBBS (SOMC),SOMC
108,44,BCS (Health),Health
109,44,MD (Endocrinology and Metabolism),Endocrinology and Metabolism
110,44,"SCE (Endocrinology and Diabetes) (RCP, UK)",Endocrinology and Diabetes
111,44,Endocrinologist,
112,45,FCPS,
113,46,MBBS,
114,46,BCS (Health),Health
115,46,FCPS,
116,46,MS,
117,47,MBBS,
118,48,MBBS (Dhaka),Dhaka
119,48,CHC (Thailand & Indonesia),Thailand & Indonesia
120,49,MBBS,
121,49,BCS (Health),Health
122,49,FCPS (Physical Medicine),Physical Medicine
123,50,MBBS (Dhaka),Dhaka
124,50,BCS (Health),Health
125,50,MS (Orthopaedic Surgery),Orthopaedic Surgery
126,51,MBBS,
127,51,DMH,
128,51,FCPS (Pediatrics),Pediatrics
129,52,MBBS,
130,53,MBBS,
131,53,FCPS (OBGYN),OBGYN
132,54,MBBS,
133,55,MBBS,
134,55,FCPS (Medicine),Medicine
135,56,MBBS,
136,56,FCPS (Medicine),Medicine
137,56,BCS,
138,57,MBBS,
139,57,MD,
140,57,PHD.,
141,58,MBBS,
142,58,FCPS,
143,59,MBBS,
144,59,FCPS (Medicine),Medicine
145,59,"FCPS (Nephrology, Pakistan)","Nephrology, Pakistan"
146,59,FRCP (Ireland),Ireland
147,60,MBBS (DMC),DMC
148,61,MBBS,
149,61,FCPS (Surgery),Surgery
150,62,MBBS (Dhaka),Dhaka
151,62,DMU,
152,63,MBBS,
153,63,BCS (Health),Health
154,63,FCPS (Obs & Gyne),Obs & Gyne
155,63,"FCPS (Gyne Oncology, P2)","Gyne Oncology, P2"
156,64,MBBS,
157,64,BCS (Health),Health
158,64,FCPS (Pediatrics),Pediatrics
159,65,MBBS (Dhaka),Dhaka
160,66,MBBS,
161,67,MBBS,
162,67,FCPS (Pediatrics),Pediatrics
163,68,MBBS,
164,69,MBBS,
165,69,FCPS (Gynecology & Obstetrics),Gynecology & Obstetrics
166,70,MBBS,
167,70,DMU (Dhaka),Dhaka
168,70,BCS (Health),Health
169,70,PhD,
170,71,MBBS,
171,71,FCPS (Gyne & Obs),Gyne & Obs
172,71,MS (Gyne & Obs),Gyne & Obs
173,71,BCS (Health),Health
174,72,MBBS,
175,72,BCS (Health),Health
176,72,FCPS,
177,73,MBBS (DMC),DMC
178,73,BCS (Health). MCPS,Health
179,73,FCPS,
180,74,MBBS,
181,74,BCS,
182,74,FCPS,
183,75,MBBS,
184,75,BCS,
185,75,MD,
186,76,MBBS (DMC),DMC
187,76,BCS (Health),Health
188,77,MBBS,
189,77,MS (ORTHO),ORTHO
190,78,MBBS,
191,78,BCS (Health),Health
192,78,MD (Chest),Chest
193,79,MBBS,
194,79,MD (Cardiology),Cardiology
195,80,MBBS,
196,80,BCS (Health),Health
197,80,FCPS (Medicine),Medicine
198,80,MD (Chest),Chest
199,81,MBBS,
200,81,"FCPS(Medicine, FP)","Medicine, FP"
201,82,MBBS,
202,82,MS,
203,83,MBBS,
204,84,MBBS,
205,85,MBBS,
206,85,BCS (Health),Health
207,85,FCPS (Medicine),Medicine
208,85,MD (Cardiology),Cardiology
209,86,MBBS,
210,86,FCPS,
211,87,MBBS,
212,88,MBBS,
213,88,DMU,
214,89,MBBS,
215,89,BCS (Health),Health
216,89,FCPS (Physical Medicine),Physical Medicine
217,90,MBBS (Dhaka),Dhaka
218,91,MBBS,
219,91,BCS,
220,91,MS (ORTHO SURGERY),ORTHO SURGERY
221,92,MBBS,
222,92,BCS (Health),Health
223,92,MS (Orthopedic Surgery),Orthopedic Surgery
224,93,MBBS,
225,93,BCS (Health),Health
226,94,MBBS,
227,94,FCPS (Medicine),Medicine
228,94,Endocrinologist,
229,95,MBBS,
230,95,FCPS,
231,96,MBBS,
232,96,MD,
233,97,MBBS,
234,97,FCPS (Gynae & Obs.),Gynae & Obs.
235,98,MS (Dhaka University) MPH (North South University),Dhaka University
236,99,MBBS,
237,99,MD (Critical Care Medicine),Critical Care Medicine
238,99,FCPS (Medicine),Medicine
239,99,CCD (Bardem) MSc (USA),Bardem
240,99,BCS,
241,100,MBBS,
242,100,MD (BSMMU),BSMMU
243,101,MBBS (SSMC),SSMC
244,101,MD (Medical Oncology),Medical Oncology
245,102,MBBS (Dhaka),Dhaka
246,103,MBBS,
247,103,MS (Pediatric Surgery),Pediatric Surgery
248,104,MBBS,
249,105,MBBS,
250,106,MBBS,
251,107,MBBS,
252,107,DMU,
253,108,MBBS,
254,108,BCS (Health),Health
255,108,MS (Gynae & Obs),Gynae & Obs
256,108,FCPS,
257,109,MBBS,
258,109,FCPS (Gyne),Gyne
259,109,DMU,
260,110,MBBS,
261,110,FCPS (Hematology),Hematology
262,111,MBBS (DMC),DMC
263,111,FCPS (Haematology),Haematology
264,112,MBBS,
265,112,MD (Medicine),Medicine
266,113,MBBS,
267,113,BCS,
268,114,MBBS. FCPS. MCPS. M.Phil (Radiology & Imaging),Radiology & Imaging
269,115,MBBS,
270,116,MBBS,
271,116,FCPS (Radiology),Radiology
272,117,MBBS,
273,117,FMD,
274,118,MBBS,
275,119,MBBS,
276,120,MBBS (Dhaka),Dhaka
277,120,BCS (Health),Health
278,120,FCPS (Physical Medicine),Physical Medicine
279,121,MBBS,
280,121,BCS (Health),Health
281,122,MBBS,
282,122,MD (SKIN & VD),SKIN & VD
283,123,MBBS,
284,123,FRCP (UK),UK
285,123,FCPS (Dermatology),Dermatology
286,124,MBBS,
287,124,BCS (Health),Health
288,124,MS (ENT),ENT
289,124,FCPS,
290,125,MBBS,
291,125,FCPS,
292,126,MBBS,
293,127,MBBS,
294,127,MS (ORTHO),ORTHO
295,128,MBBS,
296,128,FCPS (Surgery),Surgery
297,129,MBBS,
298,129,MS (Urology),Urology
299,130,MBBS,
300,130,FCPS,
301,131,MBBS,
302,131,MS (Gyne & Obs),Gyne & Obs
303,132,MBBS,
304,132,BCS (Health),Health
305,132,FCPS (Gynecology & Obstetrics),Gynecology & Obstetrics
306,133,MBBS,
307,133,BCS (Health),Health
308,133,FCPS (Gynae & Obs),Gynae & Obs
309,134,MBBS,
310,134,BCS (Health),Health
311,134,MD (CHEST),CHEST
312,135,MBBS,
313,135,BCS (Health),Health
314,135,MD (Neurology),Neurology
315,135,"FCPS (Medicine, FP)","Medicine, FP"
316,136,MBBS,
317,136,BCS (Health),Health
318,136,MD (Neurology),Neurology
319,137,MBBS,
320,137,FCPS (Radiotherapy),Radiotherapy
321,138,MBBS,
322,138,MD (Endocrinology),Endocrinology
323,138,MSC,
324,138,Endocrinologist,
325,139,MBBS,
326,139,MD (Gastroenterology),Gastroenterology
327,140,MBBS,
328,140,BCS (Health),Health
329,140,FCPS (Gastro),Gastro
330,140,MD (Gastro),Gastro
331,141,MBBS,
332,141,MD (Hepatology),Hepatology
333,142,MBBS,
334,142,MD (Cardiology),Cardiology
335,143,MBBS,
336,143,BCS (Health),Health
337,143,MD (Cardiology),Cardiology
338,144,MBBS,
339,144,BCS (HEALTH),HEALTH
340,144,MD (CARDIOLOGY),CARDIOLOGY
341,145,MBBS (DMC),DMC
342,145,PhD (Jamal),Jamal
343,146,MBBS,
344,146,BCS (Health),Health
345,146,FCPS (Medicine),Medicine
346,146,MRCP (UK),UK
347,147,MBBS,
348,147,BCS,
349,147,MRCP,
350,147,FRCP,
351,147,FCPS,
352,148,MBBS,
353,148,MS (BSMMU),BSMMU
354,149,MBBS,
355,149,MS,
356,150,MBBS,
357,150,FCPS (OBGYN),OBGYN
358,151,MBBS,
359,151,MS (GYNE),GYNE
360,151,DMU,
361,152,MBBS,
362,153,MBBS (DMC),DMC
363,153,FCPS (Medicine),Medicine
364,153,MD (Cardiology),Cardiology
365,153,"FRCP (Glasgow, UK)","Glasgow, UK"
366,154,MBBS,
367,154,BCS (Health),Health
368,154,MS (Ortho surgery),Ortho surgery
369,155,MBBS,
370,155,BCS (Health),Health
371,155,MS (Ortho Surgery),Ortho Surgery
372,156,MBBS,
373,156,BCS (Health),Health
374,156,MS (Orthopedics),Orthopedics
375,157,MBBS,
376,157,BCS (Health),Health
377,157,FCPS (Surgery),Surgery
378,157,MS (Urology),Urology
379,158,MBBS,
380,158,FCPS (Surgery),Surgery
381,158,MS (Urology),Urology
382,159,MBBS,
383,159,MD (Internal Medicine),Internal Medicine
384,160,MBBS (DMC),DMC
385,160,BCS (Health),Health
386,160,MS (Plastic Surgery),Plastic Surgery
387,161,MBBS,
388,161,BCS (Health),Health
389,162,MBBS,
390,162,FCPS,
391,163,MBBS,
392,163,PHD,
393,164,MBBS,
394,164,MD (Medicine),Medicine
395,165,MBBS (Dhaka),Dhaka
396,165,FCPS (Surgery),Surgery
397,166,MBBS,
398,166,MD (Cardiology),Cardiology
399,167,MBBS,
400,167,MD (Cardiology),Cardiology
401,168,MBBS,
402,168,FCPS (Medicine),Medicine
403,168,MD (Cardiology),Cardiology
404,168,FRCP (UK),UK
405,169,MBBS,
406,169,FCPS(Obs&Gynae),Obs&Gynae
407,170,MBBS,
408,170,MD (Medicine),Medicine
409,170,FRCP (Glasgow),Glasgow
410,171,MBBS,
411,171,MSc (UK),UK
412,172,MBBS,
413,172,FCPS,
414,172,DO,
415,173,MBBS,
416,173,FCPS (Medicine),Medicine
417,174,FCPS (OMFS),OMFS
418,175,MBBS,
419,175,MRCP(UK),UK
420,175,FCPS (Pediatrics),Pediatrics
421,175,FRCP,
422,175,FRCPCH,
423,176,MBBS,
424,176,MD (Gastroenterology),Gastroenterology
425,177,MBBS,
426,177,FCPS (Radiotherapy),Radiotherapy
427,178,MBBS,
428,178,FCPS (Paediatrics),Paediatrics
429,179,MBBS (DMC),DMC
430,179,BCS (Health),Health
431,179,MS (NITOR),NITOR
432,180,MBBS,
433,180,MS (Obs & Gynae),Obs & Gynae
434,181,MBBS (Dhaka),Dhaka
435,181,MS (Cardiothoracic Surgery),Cardiothoracic Surgery
436,182,MBBS,
437,182,FCPS (Surgery),Surgery
438,183,MBBS,
439,184,MBBS,
440,184,BCS,
441,184,MS (CVTS),CVTS
442,185,MBBS,
443,185,FCPS(Plastic Surgery),Plastic Surgery
444,186,MBBS,
445,186,FCPS (Ortho),Ortho
446,187,MD(Respiratory Medicine)  FCPS Preli Medicine,Respiratory Medicine
447,187,MERS(Switzerland) MBBS,Switzerland
448,187,BCS(Health),Health
449,188,MBBS,
450,188,MS,
451,189,MBBS(CMC),CMC
452,190,PGT (Prosthodontics),Prosthodontics
453,190,Prosthodontist,
454,191,MS,
455,193,MBBS,
456,193,BCS(Health),Health
457,193,MD(Hepatology),Hepatology
458,194,MBBS(CMC),CMC
459,194,MS(Orthopaedics)(NITOR),Orthopaedics
460,195,MBBS MD (Clinical Haematolog),Clinical Haematolog
461,196,MD (Psychiatry),Psychiatry
462,196,MBBS,
463,197,MBBS,
464,198,MBBS,
465,198,FCPS  MD-Card (DU),DU
466,199,MBBS (DMC),DMC
467,199,MD-Card (NICVD),NICVD
468,200,MBBS (DMC),DMC
469,200,MS (Cardiovascular & Thoracic Surgery),Cardiovascular & Thoracic Surgery
470,201,MBBS (DNMC),DNMC
471,201,DA (DMC),DMC
472,201,FCPS (Anaesthesiology),Anaesthesiology
473,202,MBBS,
474,203,MBBS,
475,203,BCS (Health),Health
476,203,FCPS,
477,204,MBBS,
478,204,FCPS (Gynae & Obs),Gynae & Obs
479,205,MBBS,
480,205,FCPS,
481,206,MBBS,
482,206,MS (Colorectal Surgery),Colorectal Surgery
483,206,BCS (Health),Health
484,207,MBBS,
485,207,MD,
486,208,MBBS,
487,208,BCS (Health),Health
488,208,MD (Haematology),Haematology
489,209,MBBS,
490,209,MD (Hematology),Hematology
491,210,MBBS,
492,210,BCS,
493,210,MD (Endocrinology and Metabolism),Endocrinology and Metabolism
494,210,Endocrinologist,
495,211,MBBS,
496,211,MD (Endocrinology),Endocrinology
497,211,Endocrinologist,
498,212,MBBS,
499,212,BCS (Health),Health
500,212,MD (Endocrinology),Endocrinology
501,212,Endocrinologist,
502,213,MBBS,
503,213,BCS (Health),Health
504,213,FCPS (Physical Medicine & Rehabilitation),Physical Medicine & Rehabilitation
505,214,MBBS,
506,214,BCS (Health),Health
507,214,MD (Physical Medicine),Physical Medicine
508,215,MBBS(DMC),DMC
509,215,BCS(Health),Health
510,215,MD(Endocrinology & Metabolism),Endocrinology & Metabolism
511,215,Endocrinologist,
512,216,MBBS,
513,217,MBBS,
514,217,BCS (Health),Health
515,218,MBBS,
516,218,DMRT,
517,219,MBBS (CMC),CMC
518,219,BCS (Health),Health
519,219,MD (Psychiatry),Psychiatry
520,220,MBBS,
521,220,FCPS,
522,221,MBBS,
523,221,FCPS (Psychiatry),Psychiatry
524,222,MBBS,
525,223,MBBS,
526,223,BCS ( Health ), Health 
527,223,MD (Nephrology),Nephrology
528,224,MBBS,
529,224,BCS (Health),Health
530,224,MD (Nephrology),Nephrology
531,225,MBBS,
532,225,BCS (Health),Health
533,225,MD (Nephrology),Nephrology
534,226,MBBS,
535,226,MD (Nephrology),Nephrology
536,227,MBBS,
537,227,FCPS (Medicine),Medicine
538,227,MD (Nephrology),Nephrology
539,228,MBBS (Dhaka),Dhaka
540,228,BCS (Health),Health
541,228,FCPS (Surgery),Surgery
542,229,MBBS,
543,229,BCS (Health),Health
544,229,FCPS (Surgery),Surgery
545,230,MBBS,
546,230,BCS,
547,230,MS (Surgery),Surgery
548,231,MBBS,
549,231,MS (Surgery),Surgery
550,232,MBBS,
551,232,BCS (Health),Health
552,232,MS (Neurosurgery),Neurosurgery
553,233,MBBS,
554,233,FCPS ( Surgery), Surgery
555,233,MS (Neuro-Medicine),Neuro-Medicine
556,234,MBBS,
557,234,MS (Neuro-Surgery),Neuro-Surgery
558,235,MBBS,
559,235,BCS (Health),Health
560,235,MD ( Pulmonology), Pulmonology
561,235,FCPS (Medicine-FP),Medicine-FP
562,236,MBBS,
563,236,BCS (Health),Health
564,236,MD (Chest Diseases),Chest Diseases
565,237,MBBS,
566,237,MD (Chest Medicine),Chest Medicine
567,238,MBBS (SSMC),SSMC
568,238,BCS (Health),Health
569,238,MS (Urology),Urology
570,239,MBBS,
571,239,BCS (Health),Health
572,239,MS (Urology),Urology
573,240,MBBS (Dhaka),Dhaka
574,240,MS (General Surgery),General Surgery
575,241,MBBS (Dhaka),Dhaka
576,241,BCS (Health) MS (Urology),Health
577,242,MBBS,
578,242,BCS,
579,242,MS (Urology),Urology
580,243,MBBS,
581,243,FCPS (Surgery),Surgery
582,243,MS (Urology),Urology
583,244,MBBS,
584,244,BCS,
585,244,MS (Urology),Urology
586,245,MBBS,
587,245,FCPS (SKIN&VD),SKIN&VD
588,246,MBBS,
589,246,BCS,
590,246,(Health) MD,Health
591,246,FCPS (Skin & VD),Skin & VD
592,247,MBBS,
593,247,FCPS (Surgery),Surgery
594,248,MBBS,
595,248,BCS (Health),Health
596,248,MD (Dermatology & Venereology),Dermatology & Venereology
597,249,MBBS,
598,249,BCS (Health),Health
599,249,FCPS (Skin & Sex),Skin & Sex
600,250,MBBS,
601,250,BCS (Health),Health
602,251,MBBS,
603,251,FCPS (ENT),ENT
604,252,MBBS,
605,252,BCS (Health),Health
606,252,FCPS (ENT),ENT
607,253,MBBS,
608,254,MBBS,
609,254,BCS (Health),Health
610,254,MS (ENT),ENT
611,255,MBBS,
612,255,BCS (Health),Health
613,255,MD (Gastroenterology),Gastroenterology
614,255,MRCP (UK),UK
615,256,MBBS,
616,256,MD (Gastroenterology),Gastroenterology
617,257,MBBS,
618,257,MD (Gastroenterology),Gastroenterology
619,258,MBBS (Dhaka),Dhaka
620,259,MBBS,
621,259,BCS,
622,259,MS (Urology),Urology
623,260,MBBS,
624,260,MSC,
625,261,MBBS,
626,261,PHD (USA),USA
627,262,MBBS,
628,262,BCS (Health),Health
629,262,FCPS (Obs & Gyne),Obs & Gyne
630,263,MBBS,
631,263,BCS (Health),Health
632,263,MD (Pediatrics),Pediatrics
633,264,MBBS,
634,264,MD (Child Medicine),Child Medicine
635,265,MBBS,
636,265,MD (Pediatrics),Pediatrics
637,266,MBBS,
638,266,FCPS (Pediatrics),Pediatrics
639,267,MBBS (Dhaka),Dhaka
640,267,BCS (Health),Health
641,267,MD (Neuromedicine),Neuromedicine
642,268,MBBS,
643,268,BCS (Health),Health
644,268,MD (Neurology),Neurology
645,269,MBBS,
646,269,BCS (Health),Health
647,269,FCPS (Medicine),Medicine
648,269,MD (neuro medicine),neuro medicine
649,270,MBBS,
650,270,BCS,
651,270,MD (Neuro-Medicine),Neuro-Medicine
652,271,MBBS,
653,271,MD (Neuro- Medicine),Neuro- Medicine
654,272,MBBS,
655,272,BCS (Health),Health
656,272,MD (Cardiology),Cardiology
657,273,MBBS (DU),DU
658,273,FCPS (Medicine),Medicine
659,274,MBBS,
660,274,CCE (AIMS),AIMS
661,275,MBBS,
662,275,BCS (Health),Health
663,275,MD (Cardiology),Cardiology
664,276,MBBS,
665,276,BCS (Health),Health
666,276,MD (Cardiology),Cardiology
667,277,MBBS,
668,277,BCS (Health),Health
669,278,MBBS,
670,278,BCS,
671,278,MD (Cardiology),Cardiology
672,279,MBBS,
673,279,MD (Cardiology),Cardiology
674,279,PhD,
675,280,MBBS(DU),DU
676,280,FCPS(FP),FP
677,281,MBBS,
678,281,MS-Orth,
679,282,MBBS,
680,282,BCS ( Health), Health
681,282,MS (Ortho),Ortho
682,283,MBBS,
683,283,MS,
684,284,MBBS (DMC),DMC
685,284,BCS (Health),Health
686,284,MS (Ortho),Ortho
687,285,MBBS,
688,285,BCS (Heaith),Heaith
689,285,MS (Ortho Surgery),Ortho Surgery
690,286,MBBS,
691,286,BCS,
692,286,MS (Ortho-surgery),Ortho-surgery
693,287,MBBS,
694,287,BCS (Health),Health
695,287,MS (Ortho-surgery),Ortho-surgery
696,288,MBBS,
697,288,BCS (Health),Health
698,288,MS (Orthopedic-surgery),Orthopedic-surgery
699,289,MBBS,
700,289,MS (ORTHO,"ORTHO, BSMMU"
701,290,MBBS (Dhaka),Dhaka
702,290,BCS (Health) FCPS (Obs & Gynae),Health
703,291,MBBS,
704,291,BCS (Health),Health
705,291,FCPS ( Gynae & Obs ), Gynae & Obs 
706,292,MBBS,
707,292,DGO (DMC),DMC
708,292,FCPS (Gynea&Obs),Gynea&Obs
709,293,MBBS,
710,293,FCPS,
711,293,BCS (Health),Health
712,294,MBBS. BCS (Health),Health
713,294,FCPS (Obs & Gynae),Obs & Gynae
714,295,MBBS,
715,295,BCS (Health),Health
716,295,FCPS (OBGYN),OBGYN
717,296,MBBS,
718,296,BCS (Health),Health
719,296,MS (Ortho surgery),Ortho surgery
720,297,MBBS,
721,297,BCS (Health),Health
722,297,FCPS,
723,298,MBBS,
724,298,BCS,
725,299,MBBS,
726,299,MS (Ortho Surgery),Ortho Surgery
727,300,MBBS,
728,300,MD (Physical Medicine and  Rehabilitation),Physical Medicine and  Rehabilitation
729,301,MBBS,
730,301,MD (Endocrinology & Metabolism),Endocrinology & Metabolism
731,301,Endocrinologist,
732,303,MS (OMS),OMS
733,304,PGT (OMS),OMS
734,305,MBBS,
735,305,FCPS (Ophthalmology),Ophthalmology
736,305,FICO (London),London
737,306,MBBS,
738,306,FCPS (Surgery),Surgery
739,306,FCPS (Neurosurgery),Neurosurgery
740,307,MBBS (Dhaka),Dhaka
741,307,FCPS (Neurosurgery),Neurosurgery
742,308,MBBS,
743,308,FCPS (Medicine),Medicine
744,309,MBBS,
745,310,MBBS (DMC),DMC
746,310,FCPS (Psychiatry),Psychiatry
747,311,MBBS,
748,311,FCPS (Paed),Paed
749,311,MD (Paed Gastroenterology ),Paed Gastroenterology 
750,312,MBBS (SOMC),SOMC
751,312,FCPS (Radiation Oncology),Radiation Oncology
752,313,MBBS (DMC),DMC
753,313,MS (NITOR),NITOR
754,314,MBBS,
755,314,BCS (Health),Health
756,314,MS (Cardiovascular),Cardiovascular
757,315,MBBS (DMC),DMC
758,315,MS (CTS),CTS
759,315,FCPS,
760,316,MBBS,
761,316,FCPS ( surgery), surgery
762,316,MS ( Hepatobiliary surgery), Hepatobiliary surgery
763,317,MBBS,
764,317,BCS (Health),Health
765,318,MBBS,
766,318,BCS (Health),Health
767,318,FCPS (OBGYN),OBGYN
768,319,MBBS,
769,319,BCS (Health),Health
770,319,MS (Gynae & Obs),Gynae & Obs
771,320,MBBS,
772,320,FCPS (Gynae&Obs),Gynae&Obs
773,321,MBBS,
774,321,FCPS (Gynae),Gynae
775,322,MBBS,
776,322,MS (OBGYN),OBGYN
777,323,MBBS,
778,323,BCS (Health),Health
779,323,FCPS (OBGYN),OBGYN
780,324,MBBS,
781,324,BCS (Health),Health
782,324,FCPS (OBGYN),OBGYN
783,325,MBBS,
784,325,FCPS (Gynae),Gynae
785,326,MBBS,
786,326,BCS (Health),Health
787,326,MD (Internal Medicine),Internal Medicine
788,327,MBBS (Dhaka),Dhaka
789,327,BCS (Health),Health
790,327,FCPS (Medicine),Medicine
791,328,MBBS,
792,328,BCS,
793,328,MD (Internal Medicine),Internal Medicine
794,329,MBBS,
795,329,FCPS (Medicine),Medicine
796,330,MBBS,
797,330,BCS (Health),Health
798,330,FCPS (Medicine),Medicine
799,330,MRCP (UK London),UK London
800,331,MBBS. BCS (Health),Health
801,331,FCPS (Medicine),Medicine
802,332,MBBS,
803,332,MD (Internal Medicine),Internal Medicine
804,332,FCPS (Medicine),Medicine
805,333,MBBS,
806,333,BCS (Health),Health
807,333,FCPS (medicine),medicine
808,334,MBBS,
809,334,FCPS (Medicine),Medicine
810,335,MBBS (DMC),DMC
811,335,BCS,
812,335,FCPS (Medicine),Medicine
813,336,MBBS,
814,336,BCS,
815,336,FCPS (Medicine),Medicine
816,337,MBBS,
817,337,BCS,
818,337,MD (Internal Medicine),Internal Medicine
819,338,MBBS,
820,338,FCPS (Medicine),Medicine
821,339,MBBS,
822,339,BCS (Health),Health
823,339,FCPS(Medicine),Medicine
824,340,MBBS (DMC),DMC
825,340,FCPS (Medicine),Medicine
826,341,MBBS,
827,341,BCS (Health),Health
828,341,MD (Medicine),Medicine
829,342,MBBS,
830,342,FCPS (Medicine),Medicine
831,343,MBBS,
832,343,FCPS,
833,344,MBBS,
834,344,FCPS (Medicine),Medicine
835,344,MD (Internal Medicine),Internal Medicine
836,344,FRCP (UK),UK
837,345,MBBS,
838,345,BCS (Health),Health
839,345,MD (Cardiology),Cardiology
840,346,MBBS,
841,346,BCS (Health),Health
842,346,MD (Cardiology),Cardiology
843,347,MBBS,
844,347,BCS (Health),Health
845,347,MD (Cardiology),Cardiology
846,348,MBBS,
847,348,MD (Cardiology),Cardiology
848,349,MBBS,
849,349,BCS (Health),Health
850,349,MD (Neurology),Neurology
851,350,MBBS,
852,350,BCS (Health),Health
853,350,MD (Neurology),Neurology
854,351,MBBS,
855,351,BCS (Health),Health
856,351,MD (Neurology),Neurology
857,352,MBBS,
858,352,BCS (Health),Health
859,352,MD (Neurology),Neurology
860,353,MBBS,
861,353,BCS (Health),Health
862,353,MD (Neurology),Neurology
863,354,MBBS,
864,354,FCPS (Medicine),Medicine
865,354,MD (Neuro Medicine),Neuro Medicine
866,355,MBBS,
867,355,MD (Neuro Medicine),Neuro Medicine
868,356,MBBS,
869,356,BCS (Health),Health
870,356,FCPS (Medicine),Medicine
871,357,MBBS (CMC),CMC
872,357,BCS (Health),Health
873,357,MD (Internal Medicine),Internal Medicine
874,358,MBBS,
875,358,BCS (Health),Health
876,358,FCPS (Medicine),Medicine
877,359,MBBS,
878,359,FCPS (Medicine),Medicine
879,360,MBBS,
880,360,BCS (Health),Health
881,360,FCPS (Medicine),Medicine
882,361,MBBS,
883,361,BCS (Health),Health
884,361,MD (Internal Medicine),Internal Medicine
885,362,MBBS,
886,362,FCPS (Medicine),Medicine
887,363,MBBS,
888,363,BCS (Health),Health
889,363,FCPS (Medicine),Medicine
890,364,MBBS (SSMC),SSMC
891,364,MRCP (London),London
892,365,MBBS,
893,365,BCS (Health),Health
894,365,FCPS (Medicine),Medicine
895,366,MBBS,
896,366,BCS (Health),Health
897,366,MD (Internal Medicine),Internal Medicine
898,367,MBBS,
899,367,FCPS (Medicine),Medicine
900,368,MBBS,
901,368,MS (Urology),Urology
902,369,MBBS (CMC),CMC
903,369,MS (Urology),Urology
904,370,MBBS,
905,370,BCS (Health),Health
906,370,MD (Chest),Chest
907,371,MBBS,
908,371,FCPS,
909,372,MBBS,
910,372,FCPS (Paediatrics),Paediatrics
911,373,MBBS,
912,373,FCPS (Pediatric),Pediatric
913,373,FRCP (Glasgow),Glasgow
914,374,MBBS,
915,374,MD,
916,374,FCPS (Paediatrics),Paediatrics
917,375,MBBS,
918,375,FCPS (Pediatrics),Pediatrics
919,376,MBBS,
920,376,FCPS,
921,377,MBBS,
922,377,FCPS,
923,378,MBBS,
924,378,FCPS,
925,379,MBBS,
926,379,FCPS (Gynae & Obs),Gynae & Obs
927,380,MBBS,
928,380,MS (Ortho),Ortho
929,381,MBBS,
930,381,MS (Orthopedics),Orthopedics
931,382,MBBS,
932,382,MS (Orthopaedics),Orthopaedics
933,383,MBBS,
934,383,MS (Neurosurgery),Neurosurgery
935,384,MBBS,
936,384,MS (Neuro Surgery),Neuro Surgery
937,385,MBBS,
938,385,MD (Neurology),Neurology
939,385,MRCP (UK),UK
940,386,MBBS,
941,386,MD (Nephrology),Nephrology
942,387,MBBS (CMC),CMC
943,387,MD (Nephrology),Nephrology
944,388,MBBS,
945,388,MD (Nephrology),Nephrology
946,389,MBBS,
947,389,FCPS,
948,390,MBBS,
949,390,FCPS (Medicine),Medicine
950,391,MBBS,
951,391,MD (Hematology),Hematology
952,392,MBBS,
953,392,MD (Hematology),Hematology
954,393,MBBS,
955,393,FCPS (Hematology),Hematology
956,394,MBBS,
957,394,FCPS,
958,395,MBBS,
959,395,FCPS (Surgery),Surgery
960,396,MBBS,
961,396,BCS (Health),Health
962,396,FCPS (General Surgery),General Surgery
963,397,MBBS,
964,397,FCPS (Surgery),Surgery
965,397,MS (Urology),Urology
966,398,MBBS,
967,398,MD ( Hepatology), Hepatology
968,399,MBBS,
969,399,MD (Medicine),Medicine
970,399,DM (Gastroenterology),Gastroenterology
971,400,MBBS,
972,400,FCPS (ENT),ENT
973,401,MBBS,
974,402,MBBS,
975,402,FCPS (Otolaryngology- Head & Neck Surgery),Otolaryngology- Head & Neck Surgery
976,403,MBBS,
977,403,FCPS (Dermatology),Dermatology
978,403,FRCP (UK),UK
979,404,MSc (London),London
980,405,"MSc (Orthodontics, Malaysia)","Orthodontics, Malaysia"
981,406,FCPS (Oral and Maxillofacial Surgery),Oral and Maxillofacial Surgery
982,407,MBBS,
983,408,MBBS,
984,408,MD (Oncology),Oncology
985,409,MBBS,
986,409,MS (Cardiovascular & Thoracic Surgery),Cardiovascular & Thoracic Surgery
987,410,MBBS,
988,410,MD (Cardiology),Cardiology
989,411,MBBS,
990,411,FCPS (Medicine),Medicine
991,411,MD (Cardiology),Cardiology
992,411,MRCP (London),London
993,411,FRCP (London),London
994,412,MBBS,
995,412,DEM (Diabetology & Endocrinology),Diabetology & Endocrinology
996,412,MD (Cardiology),Cardiology
997,413,MD,
998,413,MBBS,
999,413,Endocrinologist,
1000,414,MBBS,
1001,414,MS (Urology),Urology
1002,415,MBBS,
1003,415,BCS (Health),Health
1004,415,FCPS (Urology),Urology
1005,416,MBBS,
1006,416,MS (Urology),Urology
1007,417,MBBS (CMC),CMC
1008,417,BCS (Health),Health
1009,417,FCPS (Surgery),Surgery
1010,418,MBBS (CMC),CMC
1011,418,BCS (Health),Health
1012,418,FCPS (Surgery),Surgery
1013,419,MBBS,
1014,419,FCPS (Surgery),Surgery
1015,420,MBBS,
1016,420,BCS (Health),Health
1017,420,FCPS (Surgery),Surgery
1018,421,MBBS,
1019,421,BCS (Health),Health
1020,421,FCPS (Surgery),Surgery
1021,422,MBBS,
1022,422,FCPS (Physical Medicine),Physical Medicine
1023,423,MBBS,
1024,423,BCS (Health),Health
1025,423,MD (Dermatology),Dermatology
1026,424,MBBS (Dhaka),Dhaka
1027,424,BCS (Health),Health
1028,424,FCPS (Medicine),Medicine
1029,424,FCPS (Chest),Chest
1030,425,MBBS (DU) PGT,DU
1031,425,DMU (State University),State University
1032,426,MBBS,
1033,426,MS (General Surgery),General Surgery
1034,427,MBBS (Dhaka),Dhaka
1035,428,MBBS,
1036,428,MS (Ortho),Ortho
1037,429,MBBS,
1038,429,MS (Ortho Surgery),Ortho Surgery
1039,430,MBBS,
1040,430,FCPS (Surgery),Surgery
1041,431,MBBS,
1042,431,FCPS (PM&R),PM&R
1043,432,MBBS,
1044,432,FCPS (Physical Medicine),Physical Medicine
1045,433,MBBS,
1046,433,BCS (Health),Health
1047,433,FCPS (Physical Medicine),Physical Medicine
1048,434,MBBS,
1049,434,FCPS (Physical Medicine),Physical Medicine
1050,435,MBBS,
1051,435,BCS (Health),Health
1052,435,MS (Orthopedics),Orthopedics
1053,436,MBBS,
1054,436,MS (ORTHO),ORTHO
1055,437,MBBS,
1056,437,BCS (Health),Health
1057,437,FCPS (Medicine),Medicine
1058,438,MBBS,
1059,438,FCPS (Medicine),Medicine
1060,439,MBBS,
1061,439,BCS (Health),Health
1062,439,FCPS (Medicine),Medicine
1063,440,MBBS,
1064,440,FCPS (Medicine),Medicine
1065,441,MBBS,
1066,441,FCPS (Medicine),Medicine
1067,442,MBBS,
1068,442,FCPS (Medicine),Medicine
1069,443,MBBS,
1070,443,BCS (Health),Health
1071,443,FCPS (Medicine),Medicine
1072,444,MBBS,
1073,444,MRCP (UK),UK
1074,444,FRCP (Glasgow),Glasgow
1075,445,MBBS,
1076,445,FCPS (Medicine),Medicine
1077,445,MD (Cardiology),Cardiology
1078,446,MBBS,
1079,446,FCPS (Medicine),Medicine
1080,447,MBBS,
1081,447,FCPS (Nephrology),Nephrology
1082,447,FRCP (UK),UK
1083,448,MBBS,
1084,448,FCPS (Medicine),Medicine
1085,448,PhD (UK),UK
1086,448,FRCP (UK),UK
1087,449,MBBS,
1088,449,MD (Nephrology),Nephrology
1089,449,PhD (Nephrology),Nephrology
1090,450,MBBS,
1091,450,MD (Hepatology),Hepatology
1092,451,MBBS,
1093,451,FCPS (OBGYN),OBGYN
1094,452,MBBS,
1095,452,FCPS (OBGYN),OBGYN
1096,453,MBBS (CMC),CMC
1097,453,BCS (Health),Health
1098,453,MS (Gynae & Obs,
1099,454,MBBS,
1100,454,FCPS (OBGYN),OBGYN
1101,455,MBBS,
1102,455,FCPS (OBGYN),OBGYN
1103,456,MBBS,
1104,456,FCPS (OBGYN),OBGYN
1105,457,MBBS,
1106,457,BCS (Health),Health
1107,457,FCPS (Medicine),Medicine
1108,458,MBBS,
1109,459,MBBS,
1110,459,BCS (Health),Health
1111,459,FCPS (Radiotherapy),Radiotherapy
1112,460,MBBS,
1113,460,FCPS (Medicine),Medicine
1114,460,MD (Cardiology),Cardiology
1115,461,MBBS,
1116,461,MD (Gastroenterology),Gastroenterology
1117,462,MBBS,
1118,462,BCS (Health),Health
1119,462,FMD,
1120,462,DO,
1121,462,MS (Eye),Eye
1122,463,MBBS,
1123,463,FCPS (ENT),ENT
1124,464,MBBS (DMC),DMC
1125,464,MD (Chest),Chest
1126,465,MBBS,
1127,465,MD (Medicine),Medicine
1128,465,DNB (Cardiology),Cardiology
1129,466,MBBS,
1130,466,FCPS (Pediatrics),Pediatrics
1131,466,FRCP (UK),UK
1132,467,MBBS,
1133,468,MBBS,
1134,468,MS (ORTHO),ORTHO
1135,469,MBBS,
1136,469,FCPS (Medicine),Medicine
1137,470,MBBS,
1138,470,BCS (Health) M.Phil (Radiotherapy),Health
1139,471,MBBS,
1140,471,BCS (Health),Health
1141,471,FCPS (ENT),ENT
1142,472,MBBS,
1143,472,BCS (Health) MCPS,Health
1144,472,FCPS (Medicine),Medicine
1145,472,MD (Cardiology),Cardiology
1146,473,MBBS,
1147,473,FCPS (Medicine),Medicine
1148,474,MBBS,
1149,474,MD (Pediatrics),Pediatrics
1150,475,MBBS,
1151,476,MBBS,
1152,476,FCPS (Medicine),Medicine
1153,476,MD (Gastroenterology),Gastroenterology
1154,477,MBBS,
1155,477,BCS (Health),Health
1156,478,MBBS,
1157,478,BCS (Health),Health
1158,478,MD (Neurology),Neurology
1159,479,MBBS,
1160,479,FCPS (Medicine),Medicine
1161,480,MBBS,
1162,480,FCPS (Medicine),Medicine
1163,480,MD (Cardiology),Cardiology
1164,481,MBBS,
1165,482,MBBS,
1166,482,FCPS (Surgery),Surgery
1167,482,FCPS (Urology),Urology
1168,483,MBBS (CMC),CMC
1169,483,BCS (health),health
1170,483,MD (Nephrology),Nephrology
1171,484,MBBS,
1172,484,FCPS (Medicine),Medicine
1173,485,MBBS,
1174,485,BCS (health),health
1175,485,MD (Cardiology),Cardiology
1176,487,MBBS,
1177,488,MBBS (CU),CU
1178,488,BCS (Health),Health
1179,489,MBBS,
1180,489,BCS (Health),Health
1181,489,MS (Neurosurgery),Neurosurgery
1182,490,MBBS,
1183,491,MBBS,
1184,491,FCPS (Anesthesia),Anesthesia
1185,492,MBBS,
1186,492,BCS (Health),Health
1187,492,FCPS (ENT),ENT
1188,493,MBBS,
1189,493,MS (Orthopaedics),Orthopaedics
1190,494,MBBS,
1191,494,BCS (Health),Health
1192,494,MD (Pediatric),Pediatric
1193,495,MBBS,
1194,495,FCPS (Medicine),Medicine
1195,495,"MD (Cardio, NICVD)","Cardio, NICVD"
1196,496,MBBS,
1197,496,BCS,
1198,496,FCPS (Medicine),Medicine
1199,497,MBBS,
1200,497,MS (ORTHO),ORTHO
1201,498,MBBS,
1202,498,FCPS (OBGYN),OBGYN
1203,499,MBBS,
1204,499,FCPS (Medicine),Medicine
1205,499,MD (Gastroenterology),Gastroenterology
1206,500,MBBS,
1207,500,DO (DU),DU
1208,500,MS (UK),UK
1209,501,MBBS,
1210,501,FCPS (ENT),ENT
1211,502,MBBS,
1212,502,FCPS (ENT),ENT
1213,503,MBBS,
1214,503,MD (Endocrinology),Endocrinology
1215,503,Endocrinologist,
1216,504,MBBS (DMC),DMC
1217,504,FCPS (Pediatrics),Pediatrics
1218,504,BCS (Health),Health
1219,505,MBBS,
1220,506,MBBS (CU),CU
1221,506,FRCP (Glasgow),Glasgow
1222,507,MBBS,
1223,507,BCS (Health),Health
1224,508,MBBS,
1225,508,Diploma in Asthma (UK),UK
1226,509,MBBS,
1227,510,MBBS,
1228,510,BCS (Health),Health
1229,510,FCPS (Medicine),Medicine
1230,510,MD (Cardiology),Cardiology
1231,511,MBBS,
1232,511,FCPS (Medicine),Medicine
1233,511,MD (Cardiology),Cardiology
1234,512,MBBS,
1235,512,FCPS (Medicine),Medicine
1236,512,MD (Cardiology),Cardiology
1237,513,MBBS,
1238,513,MS (CVTS),CVTS
1239,514,MBBS,
1240,515,MBBS,
1241,515,FCPS (Radiotherapy),Radiotherapy
1242,516,MS,
1243,517,MBBS,
1244,517,BCS (Health),Health
1245,517,FCPS (Surgery),Surgery
1246,517,MS (Surgical Oncology),Surgical Oncology
1247,518,MBBS,
1248,518,BCS (Health),Health
1249,518,FCPS (Surgery),Surgery
1250,519,MBBS,
1251,519,FCPS (Surgery),Surgery
1252,520,MBBS,
1253,521,MBBS,
1254,521,MD,
1255,521,FCPS,
1256,522,MBBS,
1257,522,BCS,
1258,523,MBBS,
1259,523,BCS (Health),Health
1260,523,MS (Urology),Urology
1261,524,MBBS,
1262,524,BCS (Health),Health
1263,524,FCPS (Surgery),Surgery
1264,524,MS (Urology),Urology
1265,525,MBBS,
1266,525,BCS,
1267,525,MS,
1268,526,MBBS (Dhaka),Dhaka
1269,526,BCS (Health),Health
1270,526,MS (Urology),Urology
1271,527,MBBS,
1272,527,BCS (Health),Health
1273,527,MS (Urology),Urology
1274,528,MBBS,
1275,528,MS (Urology),Urology
1276,529,MBBS,
1277,529,BCS (Health),Health
1278,529,FCPS (Skin & Sex),Skin & Sex
1279,530,MBBS (DU),DU
1280,530,BCS (Health),Health
1281,531,MBBS,
1282,531,BCS,
1283,531,MD,
1284,532,MBBS (Dhaka),Dhaka
1285,533,MBBS (Dhaka),Dhaka
1286,533,BCS (Health),Health
1287,534,MBBS (DMC),DMC
1288,534,MS (ENT),ENT
1289,534,MRCPS (Glasgow),Glasgow
1290,535,MBBS,
1291,535,BCS (Health),Health
1292,536,MBBS,
1293,536,BCS (Health),Health
1294,536,MS (ENT),ENT
1295,537,MBBS,
1296,537,BCS (Health),Health
1297,537,FCPS (ENT),ENT
1298,538,MBBS (Dhaka),Dhaka
1299,538,BCS (Health),Health
1300,538,FCPS (ENT),ENT
1301,539,MBBS,
1302,539,BCS (Health),Health
1303,539,FCPS (Medicine),Medicine
1304,539,FCPS (Gastro-Thesis),Gastro-Thesis
1305,539,MRCP (Pashas-London),Pashas-London
1306,540,MBBS (Dhaka),Dhaka
1307,540,BCS (Health),Health
1308,540,FCPS (ENT),ENT
1309,541,MBBS,
1310,542,MBBS,
1311,542,BCS,
1312,542,MD,
1313,543,MBBS (Dhaka),Dhaka
1314,543,MD (Child Health),Child Health
1315,544,MBBS,
1316,544,BCS (Health),Health
1317,544,MD (Child),Child
1318,545,MBBS,
1319,545,BCS (Health),Health
1320,545,MD (Pediatrics),Pediatrics
1321,546,MBBS,
1322,546,BCS (Health),Health
1323,546,FCPS (Neonetology),Neonetology
1324,546,MD (Child),Child
1325,547,MBBS,
1326,547,BCS (Health),Health
1327,547,MS (Neurosurgery),Neurosurgery
1328,548,MBBS,
1329,548,BCS (Health),Health
1330,548,MD (Neuromedicine),Neuromedicine
1331,549,MBBS,
1332,549,BCS (Health),Health
1333,549,MD (Neurology),Neurology
1334,550,MBBS,
1335,550,MD (Neurology),Neurology
1336,551,MBBS,
1337,551,BCS,
1338,551,FCPS,
1339,551,MD,
1340,552,MBBS (SSMC),SSMC
1341,552,"MSC (Cognitive & Clinical Neuroscience, UK)","Cognitive & Clinical Neuroscience, UK"
1342,553,MBBS,
1343,553,BCS (Health),Health
1344,553,FCPS (Medicine),Medicine
1345,554,MBBS (DMC),DMC
1346,554,BCS (Health),Health
1347,554,FCPS (Medicine),Medicine
1348,554,MD (Cardiology),Cardiology
1349,555,MBBS,
1350,555,BCS (Health),Health
1351,555,MD (Cardiology),Cardiology
1352,556,MBBS,
1353,557,MBBS,
1354,557,BCS (Health),Health
1355,558,MBBS,
1356,558,BCS (Health),Health
1357,558,MD (Cardiology),Cardiology
1358,558,FCPS (Medicine),Medicine
1359,559,MBBS,
1360,559,MS (Ortho),Ortho
1361,560,MBBS (Dhaka). BCS (Health). MS (Orthopedic),Dhaka
1362,561,MBBS (Dhaka Medical),Dhaka Medical
1363,561,BCS (Health),Health
1364,561,MS (Orthopaedic Surgery),Orthopaedic Surgery
1365,562,MBBS,
1366,562,(Dhaka). BCS,Dhaka
1367,562,MS (Orthopedic),Orthopedic
1368,563,MBBS,
1369,563,MS (ORTHO),ORTHO
1370,564,MBBS,
1371,564,BCS (Health),Health
1372,564,MS (Ortho),Ortho
1373,565,MBBS (Dhaka),Dhaka
1374,565,MS (Orthopedics),Orthopedics
1375,566,MBBS,
1376,566,BCS (Health),Health
1377,566,MS (Ortho),Ortho
1378,567,MBBS (Dhaka),Dhaka
1379,567,MS (Ortho),Ortho
1380,568,MBBS (DMC),DMC
1381,568,BCS (Health),Health
1382,568,MS (ORTHO),ORTHO
1383,569,MBBS (Dhaka),Dhaka
1384,569,BCS (Health),Health
1385,569,MS (Ortho),Ortho
1386,570,MBBS,
1387,570,MS-ORTHO (BSMMU),BSMMU
1388,571,MBBS,
1389,571,FCPS (Obs & Gynae),Obs & Gynae
1390,572,MBBS,
1391,572,BCS (Health),Health
1392,572,FCPS (Obs & Gynae),Obs & Gynae
1393,573,MBBS,
1394,573,BCS,
1395,573,FCPS,
1396,574,MBBS,
1397,574,BCS,
1398,574,FCPS,
1399,575,MBBS,
1400,575,FCPS (Gynae & Obs),Gynae & Obs
1401,576,MBBS,
1402,576,BCS (Health),Health
1403,576,FCPS (OBGYN),OBGYN
1404,577,MBBS,
1405,577,BCS (Health),Health
1406,577,FCPS (OBGYN),OBGYN
1407,578,MBBS,
1408,578,BCS (Health),Health
1409,578,FCPS (OBGYN),OBGYN
1410,579,MBBS,
1411,579,BCS (Health),Health
1412,579,FCPS (OBGYN),OBGYN
1413,580,MBBS,
1414,580,FCPS (Medicine),Medicine
1415,581,MBBS,
1416,581,BCS,
1417,581,FCPS,
1418,582,MBBS,
1419,582,BCS (Health),Health
1420,582,MD (Neurology),Neurology
1421,583,MBBS,
1422,583,FCPS (Medicine),Medicine
1423,584,MBBS,
1424,584,BCS (Health),Health
1425,584,FCPS (Medicine),Medicine
1426,585,MBBS,
1427,585,FCPS (Medicine),Medicine
1428,585,MD (Hepatology),Hepatology
1429,585,FRCP (EDIN),EDIN
1430,586,MBBS,
1431,586,MD,
1432,587,MBBS,
1433,587,BCS (Health),Health
1434,587,FCPS (Medicine),Medicine
1435,587,MD (Cardiology),Cardiology
1436,588,MBBS,
1437,588,BCS,
1438,588,MD (Medicine),Medicine
1439,589,MBBS,
1440,589,BCS (Health),Health
1441,589,FCPS (Medicine),Medicine
1442,590,MBBS,
1443,590,BCS (Health),Health
1444,590,MD (Oncology),Oncology
1445,591,MBBS,
1446,591,"MRCP (London, UK)","London, UK"
1447,591,Endocrinologist,
1448,592,MBBS,
1449,592,BCS (Health) DEM (Diabetes & Hormone-BIRDEM),Health
1450,592,Endocrinologist,
1451,593,MBBS (CMC),CMC
1452,593,Endocrinologist,
1453,594,MBBS,
1454,594,MS (Ortho),Ortho
1455,595,MBBS,
1456,595,(DMC),DMC
1457,595,BCS (Health),Health
1458,595,MS (Orthosurgery),Orthosurgery
1459,596,MBBS,
1460,596,BCS (Health),Health
1461,596,MS (Orthopedics),Orthopedics
1462,597,MBBS,
1463,597,FCPS (Surgery),Surgery
1464,598,MBBS,
1465,598,FCPS (Surgery),Surgery
1466,599,MBBS (Dhaka),Dhaka
1467,599,FCPS (Gynae & Obs),Gynae & Obs
1468,600,MBBS (DMC),DMC
1469,600,MS (OBGYN),OBGYN
1470,601,MBBS,
1471,601,FCPS (Obs & Gynae),Obs & Gynae
1472,602,MBBS,
1473,602,MS (Obs & Gynae),Obs & Gynae
1474,603,MBBS,
1475,603,BCS,
1476,603,MS (Obs & Gynae),Obs & Gynae
1477,604,MBBS,
1478,604,FCPS (ENT),ENT
1479,605,MBBS,
1480,605,BCS (Health),Health
1481,605,FCPS (ENT),ENT
1482,606,MBBS (CMC),CMC
1483,606,FCPS (Hematology),Hematology
1484,607,MBBS (Dhaka),Dhaka
1485,607,FCPS (Hematology),Hematology
1486,608,MBBS,
1487,608,FCPS (Hematology),Hematology
1488,609,MBBS,
1489,609,MD (Hematology),Hematology
1490,610,MBBS (CMCH),CMCH
1491,610,BCS (Health),Health
1492,610,MD (Gastroenterology),Gastroenterology
1493,611,MBBS,
1494,612,MBBS,
1495,613,MBBS,
1496,613,BCS,
1497,613,MD (Dermatology),Dermatology
1498,614,MBBS,
1499,614,BCS,
1500,615,MBBS,
1501,615,MS (Urology),Urology
1502,616,MBBS,
1503,616,MS (Urology),Urology
1504,617,MBBS,
1505,617,BCS (Health),Health
1506,618,MBBS,
1507,618,BCS (Health),Health
1508,618,MD (Chest Diseases),Chest Diseases
1509,619,MBBS,
1510,620,MBBS (CMC),CMC
1511,621,MBBS,
1512,621,BCS (Health),Health
1513,621,FCPS (Physical Medicine),Physical Medicine
1514,622,MBBS (CMC),CMC
1515,622,BCS,
1516,622,FCPS (Physical Medicine),Physical Medicine
1517,623,MBBS,
1518,623,MD (Hepatology),Hepatology
1519,624,MBBS,
1520,624,FCPS (Physical Medicine),Physical Medicine
1521,625,MBBS,
1522,625,BCS (HEALTH),HEALTH
1523,625,MD (Nephrology),Nephrology
1524,626,MBBS (gold Medalist),gold Medalist
1525,626,BCS (Health),Health
1526,626,MD (Nephrology),Nephrology
1527,627,MBBS,
1528,628,MBBS (CMC),CMC
1529,628,BCS (Health) MD (Cardiology),Health
1530,629,MBBS (CU),CU
1531,630,MBBS,
1532,630,MD (Cardiology),Cardiology
1533,631,MBBS,
1534,631,BCS,
1535,631,MS (NEUROSURGERY),NEUROSURGERY
1536,632,MBBS,
1537,632,BCS (Health),Health
1538,632,MS (Neurosurgery),Neurosurgery
1539,633,MBBS,
1540,633,MS (Neurosurgery),Neurosurgery
1541,634,MBBS,
1542,634,MS (Neurosurgery),Neurosurgery
1543,634,PhD (Japan),Japan
1544,634,FUAMS (USA),USA
1545,634,Post Doc (USA),USA
1546,635,MBBS (CMC),CMC
1547,635,BCS (Health) MD (Neurology),Health
1548,636,MBBS,
1549,636,MD (Neurology),Neurology
1550,637,MBBS,
1551,637,MD (Neurology),Neurology
1552,638,MBBS,
1553,638,BCS (Health),Health
1554,638,FCPS (Medicine),Medicine
1555,639,MBBS,
1556,639,FCPS (Medicine),Medicine
1557,640,MBBS,
1558,640,BCS (Health),Health
1559,640,FCPS (Medicine),Medicine
1560,640,MRCP (UK),UK
1561,641,MBBS (CMC),CMC
1562,641,BCS (Health),Health
1563,641,FCPS (Medicine),Medicine
1564,642,MBBS (Dhaka),Dhaka
1565,642,BCS (Health) FCPS (Medicine),Health
1566,642,MRCP (London),London
1567,643,MBBS (Dhaka),Dhaka
1568,643,BCS (Health),Health
1569,643,FCPS (Medicine),Medicine
1570,644,MBBS,
1571,644,FCPS (Medicine),Medicine
1572,644,MRCP (UK),UK
1573,645,MBBS (DMC),DMC
1574,645,BCS (Health),Health
1575,645,MS (Pediatric Surgery),Pediatric Surgery
1576,646,MBBS (DU),DU
1577,646,MS (Child Surgery-BSMMU),Child Surgery-BSMMU
1578,647,MBBS (Dhaka),Dhaka
1579,647,BCS (Health),Health
1580,647,MD (Rheumatology),Rheumatology
1581,648,MBBS,
1582,648,BCS (Health),Health
1583,648,MD (Psychiatry),Psychiatry
1584,649,MBBS,
1585,649,BCS,
1586,649,MD (Hematology),Hematology
1587,650,MBBS,
1588,650,BCS (Health),Health
1589,650,MD (Medicine),Medicine
1590,651,MBBS,
1591,651,BCS (Health),Health
1592,651,MD (Chest Diseases),Chest Diseases
1593,652,MBBS,
1594,652,BCS (Health),Health
1595,652,MD (Chest Disease),Chest Disease
1596,653,MBBS,
1597,653,BCS,
1598,653,MRCP (UK),UK
1599,653,MD (Gastroenterology),Gastroenterology
1600,654,MBBS,
1601,654,BCS (HEALTH),HEALTH
1602,654,MD (Pediatric Gastroenterology),Pediatric Gastroenterology
1603,655,MBBS,
1604,655,MS (Neurosurgery),Neurosurgery
1605,656,BCS (Health),Health
1606,656,FCPS (Oral & Maxillofacial surgery),Oral & Maxillofacial surgery
1607,657,FCPS (Oral & Maxillofacial Surgery),Oral & Maxillofacial Surgery
1608,658,MS (Prosthodontics),Prosthodontics
1609,660,MBBS,
1610,660,BCS (Health),Health
1611,660,MD (Skin & VD),Skin & VD
1612,661,MBBS,
1613,661,BCS (Health),Health
1614,662,MBBS (RMC),RMC
1615,662,BCS (Health),Health
1616,662,FMD (Dhaka),Dhaka
1617,662,DDOC (Austria),Austria
1618,663,MBBS,
1619,663,BCS (HEALTH),HEALTH
1620,664,MBBS,
1621,664,DO,
1622,664,FCPS (Eye),Eye
1623,665,MBBS (Dhaka),Dhaka
1624,665,BCS (Health),Health
1625,665,MS (Urology),Urology
1626,665,FCPS (Surgery),Surgery
1627,666,MBBS,
1628,666,BCS (Health),Health
1629,667,MBBS,
1630,667,MD (Oncology),Oncology
1631,668,MBBS,
1632,668,BCS (Health),Health
1633,668,MD (Endocrinology),Endocrinology
1634,668,Endocrinologist,
1635,669,MBBS (Dhaka),Dhaka
1636,669,BCS (Health),Health
1637,669,MD (Nephrology),Nephrology
1638,670,MBBS,
1639,670,BCS (Health),Health
1640,670,MS (ENT-BSMMU),ENT-BSMMU
1641,671,MBBS,
1642,671,BCS (Health),Health
1643,672,MBBS,
1644,672,BCS (Health),Health
1645,672,FCPS (ENT),ENT
1646,673,MBBS,
1647,673,FCPS (Pediatrics),Pediatrics
1648,674,MBBS,
1649,674,BCS(Health),Health
1650,674,FCPS (Child),Child
1651,675,MBBS,
1652,675,BCS (Health),Health
1653,675,FCPS (Child),Child
1654,675,MD (Newborn Medicine),Newborn Medicine
1655,676,MBBS,
1656,677,MBBS,
1657,677,BCS (Health),Health
1658,678,MBBS,
1659,678,BCS (Health),Health
1660,678,MS (Ortho-Surgery),Ortho-Surgery
1661,679,MBBS,
1662,680,MBBS,
1663,680,BCS (Health),Health
1664,680,MS (Ortho Surgery),Ortho Surgery
1665,681,MBBS (DU),DU
1666,681,D-Ortho ( DMC), DMC
1667,682,MBBS,
1668,682,FCPS (Gynae & Obstetrics),Gynae & Obstetrics
1669,683,MBBS,
1670,683,BCS (Health),Health
1671,683,FCPS (Gynae & Obs),Gynae & Obs
1672,684,MBBS,
1673,684,BCS (Health),Health
1674,684,FCPS (OBGYN),OBGYN
1675,685,MBBS,
1676,685,FCPS (Gynae & Obstetrics),Gynae & Obstetrics
1677,686,MBBS,
1678,686,BCS (Health),Health
1679,686,FCPS (Gynae & Obs),Gynae & Obs
1680,687,MBBS,
1681,687,MS (OBGYN),OBGYN
1682,687,PhD (Japan),Japan
1683,688,MBBS,
1684,688,BCS (Health),Health
1685,688,MS (OBGYN),OBGYN
1686,688,FCPS (OBGYN),OBGYN
1687,689,MBBS,
1688,689,BCS,
1689,690,MBBS,
1690,690,BCS (Health),Health
1691,690,FCPS (Gynae & Obs),Gynae & Obs
1692,691,MBBS,
1693,691,BCS (HEALTH),HEALTH
1694,691,MD (Cardiology),Cardiology
1695,692,MBBS,
1696,692,BCS (Health),Health
1697,692,MD (Cardiology),Cardiology
1698,693,MBBS,
1699,693,BCS (Health),Health
1700,693,MD (Cardiology),Cardiology
1701,694,MBBS (DMC),DMC
1702,694,BCS (Health),Health
1703,694,FCPS (Surgery),Surgery
1704,695,MBBS,
1705,695,BCS (Health),Health
1706,695,MD (Child),Child
1707,696,MBBS,
1708,696,FCPS (P-2),P-2
1709,696,"MD (Nephrology, Course)","Nephrology, Course"
1710,697,MBBS,
1711,697,MS (CV & TS),CV & TS
1712,698,MBBS,
1713,698,MD (Medicine),Medicine
1714,699,MBBS,
1715,699,BCS (Health),Health
1716,699,FCPS,
1717,699,MS (CV & TS),CV & TS
1718,700,MBBS (Dhaka),Dhaka
1719,700,BCS (Health),Health
1720,700,MS (Cardiovascular and Thoracic Surgery),Cardiovascular and Thoracic Surgery
1721,700,FCPS (Surgery),Surgery
1722,701,MBBS,
1723,702,MBBS,
1724,702,BCS (Health),Health
1725,703,MBBS,
1726,703,BCS (Health),Health
1727,703,MD (Cardiology),Cardiology
1728,704,MBBS,
1729,705,MBBS,
1730,705,BCS (Health),Health
1731,705,FCPS (Surgery),Surgery
1732,706,MBBS,
1733,706,FCPS (Surgery),Surgery
1734,707,MBBS,
1735,707,BCS (Health),Health
1736,707,MS (Surgery),Surgery
1737,708,MBBS (Dhaka),Dhaka
1738,708,BCS (Health),Health
1739,708,FCPS (Surgery),Surgery
1740,709,MBBS,
1741,709,BCS (Health),Health
1742,709,FCPS (Surgery),Surgery
1743,710,MBBS,
1744,710,BCS (Health),Health
1745,710,MS (Surgery),Surgery
1746,711,MBBS (Dhaka),Dhaka
1747,711,BCS (Health),Health
1748,711,MD (Neuromedicine),Neuromedicine
1749,712,MBBS (Dhaka),Dhaka
1750,712,BCS (Health),Health
1751,712,MD (Neuro-medicine),Neuro-medicine
1752,713,MBBS,
1753,713,FCPS (Medicine),Medicine
1754,714,MBBS,
1755,714,BCS (Health),Health
1756,714,MD (Medicine),Medicine
1757,715,MBBS,
1758,715,BCS (HEALTH),HEALTH
1759,715,FCPS (MEDICINE),MEDICINE
1760,716,MBBS,
1761,716,BCS (Health),Health
1762,716,FCPS (Medicine),Medicine
1763,717,MBBS (Dhaka),Dhaka
1764,717,BCS (Health),Health
1765,717,FCPS (Medicine),Medicine
1766,718,MBBS,
1767,718,FCPS (Medicine),Medicine
1768,719,MBBS,
1769,719,FCPS,
1770,720,MBBS,
1771,720,BCS (Health),Health
1772,721,MBBS,
1773,721,BCS (Health),Health
1774,721,MS (Ortho-surgery),Ortho-surgery
1775,722,MBBS,
1776,722,FCPS,
1777,723,MBBS,
1778,723,BCS (Health),Health
1779,723,MD (Child Hemato-Oncolo),Child Hemato-Oncolo
1780,724,MBBS,
1781,724,BCS (Health),Health
1782,724,FCPS (Surgery),Surgery
1783,724,MS (Colorectal Surgery,"Colorectal Surgery, BSMMU"
1784,725,MBBS. BCS. FCPS. MS,
1785,726,MBBS,
1786,726,BCS (Health),Health
1787,726,MD,
1788,727,MBBS,
1789,727,FCPS (Surgery),Surgery
1790,728,MBBS,
1791,728,BCS (Health),Health
1792,728,FCPS (Surgery),Surgery
1793,729,MBBS,
1794,729,BCS,
1795,729,MRCP (USA),USA
1796,729,Endocrinologist,
1797,730,MBBS,
1798,730,BCS(Health),Health
1799,730,MS(Surgery),Surgery
1800,731,MBBS,
1801,731,BCS (Health),Health
1802,731,MS (Surgery),Surgery
1803,732,MBBS,
1804,732,BCS (Health),Health
1805,732,MS ( Colorectal surgery), Colorectal surgery
1806,733,MBBS,
1807,733,FCPS (Surgery),Surgery
1808,733,MS (Surgery),Surgery
1809,734,MBBS (DMC),DMC
1810,734,FCPS (Surgery),Surgery
1811,735,MBBS,
1812,735,BCS (Health),Health
1813,735,MD,
1814,736,MBBS. MS (ORTHO),ORTHO
1815,737,MBBS,
1816,737,MS (Ortho),Ortho
1817,738,MBBS,
1818,738,MS (Ortho),Ortho
1819,738,FCPS (Surgery),Surgery
1820,739,MBBS. CCD. D-ORTHO,
1821,740,MBBS,
1822,740,FCPS (Dermatology & VD),Dermatology & VD
1823,741,MBBS,
1824,741,FAMS,
1825,741,FCPS (Part-ll),Part-ll
1826,742,CRP (DMC),DMC
1827,743,PGT (Dentistry & OMS),Dentistry & OMS
1828,744,BDS. DDS. PHD,
1829,745,MBBS,
1830,745,MD,
1831,746,MBBS,
1832,746,FCPS (Surgery),Surgery
1833,746,FCPS (Urology- Final Phase),Urology- Final Phase
1834,747,MBBS,
1835,747,BCS (Health),Health
1836,747,MS (Urology),Urology
1837,748,MBBS,
1838,748,BCS,
1839,748,FCPS (ENT),ENT
1840,749,MBBS,
1841,749,BCS (Health),Health
1842,749,FCPS (Medicine),Medicine
1843,749,MD (Nephrology),Nephrology
1844,750,MBBS,
1845,750,MD,
1846,751,MBBS,
1847,751,BCS (Health),Health
1848,751,MD (Nephrology),Nephrology
1849,752,MBBS,
1850,752,MS,
1851,753,MBBS,
1852,753,BCS (Health),Health
1853,754,MBBS,
1854,754,MD,
1855,755,MBBS (Dhaka),Dhaka
1856,755,BCS (Health),Health
1857,755,FCPS(Skin & VD),Skin & VD
1858,756,MBBS,
1859,757,MBBS,
1860,757,MS (OPH),OPH
1861,758,MBBS,
1862,758,BCS (Health),Health
1863,758,MD (Gastroenterology),Gastroenterology
1864,759,MBBS,
1865,759,FCPS (Medicine),Medicine
1866,759,MD,
1867,760,MBBS,
1868,760,BCS (Health),Health
1869,760,FCPS (Child),Child
1870,760,MD (Child),Child
1871,761,MBBS,
1872,761,BCS (Health),Health
1873,761,MD (Child),Child
1874,762,MBBS,
1875,762,BCS (Health),Health
1876,762,MD,
1877,763,MBBS,
1878,763,BCS (Health),Health
1879,763,MD (Pediatrics),Pediatrics
1880,764,MBBS,
1881,765,MBBS,
1882,765,FCPS,
1883,766,MBBS (Dhaka),Dhaka
1884,766,BCS (Health),Health
1885,766,MD (Cardiology),Cardiology
1886,766,FCPS (Medicine) Final,Medicine
1887,767,MBBS (Dhaka),Dhaka
1888,768,MBBS. BCS. MD,
1889,769,MBBS (DMC),DMC
1890,769,BCS (Health),Health
1891,769,FCPS (Obs & Gynae),Obs & Gynae
1892,769,FCPS (Infertility),Infertility
1893,770,FCPS,
1894,771,MBBS,
1895,771,FCPS (OBGYN),OBGYN
1896,772,MBBS (DMC),DMC
1897,772,FCPS (Gynae & Obs),Gynae & Obs
1898,773,MBBS,
1899,773,FCPS,
1900,774,MBBS,
1901,774,BCS (Health),Health
1902,774,MD (Child),Child
1903,775,MBBS,
1904,775,MS (Gynae&Obs),Gynae&Obs
1905,776,MBBS,
1906,776,BCS (Health),Health
1907,776,MS (Gynae&Obs),Gynae&Obs
1908,777,MBBS,
1909,777,BCS (Health),Health
1910,777,FCPS (Gynae & Obs),Gynae & Obs
1911,778,MBBS,
1912,778,BCS (Health),Health
1913,778,FCPS (Gynae&Obs),Gynae&Obs
1914,779,MBBS,
1915,779,BCS (Health),Health
1916,779,FCPS (Gynae&Obs),Gynae&Obs
1917,780,MBBS,
1918,780,FCPS,
1919,781,MBBS,
1920,781,BCS (Health),Health
1921,781,Ms (Gynae&Obs),Gynae&Obs
1922,782,MBBS (KMC),KMC
1923,782,MD (Neurology),Neurology
1924,783,MBBS,
1925,783,FCPS (Gyne & Obs),Gyne & Obs
1926,784,MBBS,
1927,784,BCS (Health),Health
1928,784,FCPS (Medicine),Medicine
1929,785,MBBS,
1930,785,FCPS (Internal Medicine),Internal Medicine
1931,786,MBBS,
1932,786,FCPS,
1933,786,MRCP,
1934,786,MD,
1935,786,Endocrinologist,
1936,787,MBBS,
1937,787,BCS (Health),Health
1938,787,FCPS,
1939,788,MBBS,
1940,788,BCS (Health),Health
1941,788,FCPS (Medicine),Medicine
1942,788,MD (Chest Diseases),Chest Diseases
1943,789,MBBS,
1944,789,BCS (Health),Health
1945,789,MD (Chest Medicine),Chest Medicine
1946,790,MBBS,
1947,790,FCPS (Medicine),Medicine
1948,790,MD (Chest medicine),Chest medicine
1949,791,MBBS,
1950,791,BCS (Health),Health
1951,791,Md (Neurology),Neurology
1952,792,MBBS,
1953,792,BCS (Health),Health
1954,792,MD (Neuro medicine),Neuro medicine
1955,793,MBBS,
1956,793,BCS (Health),Health
1957,793,MD (Neuro medicine) (BSMMU),Neuro medicine
1958,794,MBBS,
1959,794,MD (Endocrinology & Metabolism),Endocrinology & Metabolism
1960,794,Endocrinologist,
1961,795,MBBS,
1962,795,BCS (Health),Health
1963,795,MS (ENT) BSMMU,ENT
1964,796,MBBS,
1965,796,BCS (Health),Health
1966,796,FCPS (ENT),ENT
1967,797,MBBS,
1968,797,BCS (Health),Health
1969,797,MS (Urology),Urology
1970,798,MBBS,
1971,798,BCS (Health),Health
1972,798,MS (Ortho),Ortho
1973,799,MBBS (RMC),RMC
1974,799,BCS (Health),Health
1975,800,MBBS (Dhaka),Dhaka
1976,800,BCS (Health),Health
1977,800,MD (Cardiology),Cardiology
1978,801,PGT (Cnservative Dentistry and Endodontics),Cnservative Dentistry and Endodontics
1979,802,BCS (Health),Health
1980,803,MBBS,
1981,803,(DMC),DMC
1982,803,BCS (Health),Health
1983,803,FCPS (Medicine),Medicine
1984,804,MBBS,
1985,804,BCS (Health),Health
1986,804,FCPS (Medicine),Medicine
1987,805,MBBS,
1988,805,BCS (Health),Health
1989,805,FCPS,
1990,806,MBBS,
1991,806,BCS,
1992,806,FCPS (Surgery),Surgery
1993,806,MS (Surgical Oncology,
1994,807,MBBS (DMC),DMC
1995,807,BCS (Health),Health
1996,807,MS (Orthopedics),Orthopedics
1997,808,MBBS,
1998,808,FCPS( Surgery), Surgery
1999,809,MBBS,
2000,809,MD (Hepatology),Hepatology
2001,810,MBBS,
2002,810,BCS (Health),Health
2003,810,FCPS (Medicine),Medicine
2004,811,MBBS,
2005,811,MD (Haematology),Haematology
2006,811,MRCP (UK),UK
2007,812,MBBS,
2008,812,FCPS,
2009,812,MS (Obs and Gynae),Obs and Gynae
2010,813,MBBS (Dhaka),Dhaka
2011,814,MBBS,
2012,814,FCPS (Radiotherapy),Radiotherapy
2013,814,FRCP (UK),UK
2014,814,PhD (Oncology),Oncology
2015,815,MBBS,
2016,816,MBBS,
2017,816,BCS (Health),Health
2018,816,MD (Medicine),Medicine
2019,817,MBBS,
2020,817,BCS(Health),Health
2021,817,FCPS,
2022,817,MRCP,
2023,818,MBBS,
2024,818,PhD,
2025,818,Endocrinologist,
2026,819,MBBS,
2027,819,FCPS (Medicine),Medicine
2028,819,MD (Internal Medicine),Internal Medicine
2029,819,FRCP (UK),UK
2030,820,"MS(Food & Nutrition,DU)","Food & Nutrition,DU"
2031,822,MBBS,
2032,822,BCS(Health),Health
2033,823,MBBS,
2034,823,FCPS (Surgery),Surgery
2035,823,PhD (USA),USA
2036,824,MBBS,
2037,824,BCS (Health),Health
2038,824,MS (Neurosurgery),Neurosurgery
2039,825,MBBS,
2040,825,BCS (Health),Health
2041,825,MD (Chest Medicine),Chest Medicine
2042,826,MBBS,
2043,826,MS (Ortho),Ortho
2044,827,MBBS,
2045,827,BCS(Health),Health
2046,827,MD,
2047,828,MBBS,
2048,828,FCPS,
2049,828,BCS(Health),Health
2050,829,MBBS,
2051,829,FCPS,
2052,830,MBBS,
2053,830,FCPS (Derma),Derma
2054,830,FRCP (I-JK),I-JK
2055,831,MBBS (Dhaka),Dhaka
2056,831,BCS (Health),Health
2057,831,FCPS (ENT),ENT
2058,832,MBBS,
2059,832,MD (Pediatric Gastroenterology),Pediatric Gastroenterology
2060,832,BCS (Health),Health
2061,833,MBBS,
2062,833,FCPS (Paediatrics),Paediatrics
2063,834,MBBS (Dhaka),Dhaka
2064,834,BCS (Health),Health
2065,834,FCPS (Surgery),Surgery
2066,835,MBBS,
2067,835,BCS (Health),Health
2068,835,MD (Chest),Chest
2069,836,MBBS,
2070,836,BCS (Health),Health
2071,836,MD (Neurology),Neurology
2072,837,MBBS ( Dhaka ), Dhaka 
2073,837,BCS ( Health ), Health 
2074,837,"CCD ( Birdem ) MD ( Neurology, Final Part )", Birdem 
2075,838,MBBS,
2076,839,MBBS. MS (Ortho),Ortho
2077,840,MBBS,
2078,840,MD (Cardiology),Cardiology
2079,841,MBBS (Dhaka),Dhaka
2080,841,BCS (Health),Health
2081,841,MS (Orthopaedic Surgery),Orthopaedic Surgery
2082,842,MS in Clinical Psychology (DU),DU
2083,843,MBBS,
2084,843,BCS (Helth),Helth
2085,843,MS (Obs & Gynae),Obs & Gynae
2086,844,MBBS,
2087,844,FCPS (Gynaeclolgy),Gynaeclolgy
2088,845,MBBS,
2089,845,BCS (Health),Health
2090,845,FCPS (Gynae & Obs),Gynae & Obs
2091,846,MBBS (Dhaka),Dhaka
2092,846,BCS (Health),Health
2093,846,FCPS (Obs & Gynaecology),Obs & Gynaecology
2094,847,MBBS,
2095,847,FCPS (Medicine),Medicine
2096,847,FRCPE (England),England
2097,848,MBBS,
2098,848,FCPS,
2099,848,FRCP,
2100,849,MBBS,
2101,849,FCPS ( Medicine), Medicine
2102,850,MBBS,
2103,850,BCS (Health),Health
2104,850,FCPS (Medicine),Medicine
2105,851,MS (N&F Technology),N&F Technology
2106,852,MBBS,
2107,852,BCS(Health),Health
2108,852,MS(Genaral Surgery),Genaral Surgery
2109,853,MBBS(DU),DU
2110,853,MSC Diabeties(England),England
2111,854,MBBS,
2112,854,FCPS (Surgery),Surgery
2113,854,MS (Surgical Oncology),Surgical Oncology
2114,855,MBBS(Dhaka),Dhaka
2115,856,MBBS,
2116,857,MBBS(DU),DU
2117,857,DMU(DIU),DIU
2118,858,MBBS,
2119,858,MD (Cardiology),Cardiology
2120,859,MBBS,
2121,859,MD (Cardiology),Cardiology
2122,860,MBBS,
2123,860,BCS (Health),Health
2124,860,FCPS (OBGYN),OBGYN
2125,861,MBBS,
2126,861,BCS,
2127,861,FCPS(Medicine),Medicine
2128,861,MD(Gastro),Gastro
2129,862,MBBS (Dhaka),Dhaka
2130,862,MD (Medicine),Medicine
2131,863,MBBS (DMC),DMC
2132,863,BCS (Health),Health
2133,863,FCPS (Medicine Gold Medalist),Medicine Gold Medalist
2134,863,MRCP (London),London
2135,864,MBBS,
2136,864,FCPS,
2137,864,FCPS (Caridology),Caridology
2138,864,FRCP (Glasgo),Glasgo
2139,866,MBBS,
2140,866,BCS (Health),Health
2141,866,MS (BSMMU),BSMMU
2142,867,MBBS (DU),DU
2143,867,MD (Radiology&Imaging),Radiology&Imaging
2144,868,MBBS,
2145,869,MBBS,
2146,869,FCPS (Radiology),Radiology
2147,870,MBBS (DMC),DMC
2148,871,MBBS (CMC),CMC
2149,871,FCPS (Physical Medicine),Physical Medicine
2150,872,MBBS,
2151,872,MS (Pediatric Surgery),Pediatric Surgery
2152,873,MBBS,
2153,873,MS (Paediatric Surgery),Paediatric Surgery
2154,874,FCPS,
2155,874,BCS(Health),Health
2156,875,MBBS (Dhaka),Dhaka
2157,875,MD (Child),Child
2158,875,FCPS (Child),Child
2159,875,FCPS (Child Haematology & Oncology),Child Haematology & Oncology
2160,876,MBBS,
2161,876,MS (Cardiovascular and Thoracic Surgery),Cardiovascular and Thoracic Surgery
2162,878,MBBS ( Dhaka), Dhaka
2163,878,BCS (Health),Health
2164,878,MS.(BSMMU),BSMMU
2165,879,MBBS,
2166,879,BCS (Health),Health
2167,879,MD (Chest),Chest
2168,880,MBBS,
2169,881,MBBS,
2170,881,FCPS (Medi),Medi
2171,881,MD (Gastro),Gastro
2172,881,FRCP,
2173,882,MBBS (Dhaka). DCH (Dhaka Child Hospital). BCS (Health). FRSH (London). MD (Pediatric),Dhaka
2174,883,MBBS,
2175,883,FCPS (Paediatrics),Paediatrics
2176,884,MBBS,
2177,884,MD (CHILD),CHILD
2178,885,MBBS,
2179,885,BCS (Health),Health
2180,885,FCPS (Cardiology),Cardiology
2181,886,MBBS. MS. FCPS,
2182,887,MBBS. Md (Cardiology),Cardiology
2183,888,MBBS,
2184,888,MD (Cardio),Cardio
2185,889,MBBS,
2186,889,MS (Ortho),Ortho
2187,890,MBBS,
2188,890,FCPS,
2189,891,MBBS (DU),DU
2190,891,MD (Medical Oncology),Medical Oncology
2191,892,MBBS,
2192,892,BCS (Health),Health
2193,892,MRCP (UK),UK
2194,893,MBBS,
2195,893,FCPS (MED),MED
2196,893,BCS (Health),Health
2197,894,MBBS,
2198,894,FCPS (Medi),Medi
2199,894,FRCP,
2200,895,MBBS. BCS (Health),Health
2201,895,MS (Surgical Oncology),Surgical Oncology
2202,896,MBBS,
2203,896,BCS (Health),Health
2204,896,FCPS (Gynae &Obs),Gynae &Obs
2205,896,FCPS (Gyne Oncology),Gyne Oncology
2206,897,MBBS ( DU), DU
2207,897,BCS (Health),Health
2208,897,FCPS (Gynae &Obs),Gynae &Obs
2209,897,FCPS (Gyne Oncology),Gyne Oncology
2210,898,MBBS,
2211,898,BCS (Health),Health
2212,898,MS(Cardiovascular & Thoracic Surgery),Cardiovascular & Thoracic Surgery
2213,899,MBBS,
2214,899,BCS ( Health ), Health 
2215,899,FCPS ( Cardiovascular Surgery ), Cardiovascular Surgery 
2216,900,MBBS (Dhaka Medical College),Dhaka Medical College
2217,900,FCPS (Paediatric Neurology & Development),Paediatric Neurology & Development
2218,900,MD (Paediatrics),Paediatrics
2219,900,BCS (Health),Health
2220,901,MBBS,
2221,901,BCS (Health),Health
2222,901,FCPS (Medicine),Medicine
2223,901,MD(Hepatology),Hepatology
2224,902,MBBS (DU),DU
2225,902,DDV (Dermatology & Venereology) (DMC),Dermatology & Venereology
2226,903,MBBS,
2227,903,FCPS,
2228,903,BCS (Health),Health
2229,903,MD (Nephrology),Nephrology
2230,904,MBBS (CMC),CMC
2231,904,FCPS,
2232,904,BCS (Health),Health
2233,905,MBBS,
2234,905,DMU,
2235,906,MBBS,
2236,906,BCS (Health),Health
2237,906,MS (Gynae & OBS),Gynae & OBS
2238,907,MBBS,
2239,907,BCS (Health),Health
2240,908,MBBS (DU),DU
2241,908,FCPS (Medicine),Medicine
2242,908,FCPS ( Endocrinology), Endocrinology
2243,908,Endocrinologist,
2244,909,MBBS,
2245,909,BCS (Health),Health
2246,909,FCPS ( Radiotherapy), Radiotherapy
2247,910,MBBS (DMC),DMC
2248,910,FCPS (Radiotherapy),Radiotherapy
2249,911,MBBS,
2250,911,FCPS (Psychiatry),Psychiatry
2251,912,MBBS,
2252,912,BCS(Health),Health
2253,912,MD(Nephrology),Nephrology
2254,913,MBBS,
2255,913,BCS (Health),Health
2256,913,MS (Neurosurgery),Neurosurgery
2257,914,MBBS,
2258,914,BCS( Health), Health
2259,914,MS (Neurosurgery),Neurosurgery
2260,915,MBBS (MMC),MMC
2261,915,MD (Nephrology) BMU,Nephrology
2262,916,MBBS (DMC),DMC
2263,916,BCS (Health),Health
2264,916,MD (Chest Disease),Chest Disease
2265,917,MBBS (DHAKA),DHAKA
2266,917,FRSH(London),London
2267,918,MBBS (DMC),DMC
2268,918,BCS ( Health), Health
2269,918,MS ( Urology), Urology
2270,919,MBBS,
2271,919,FCPS,
2272,919,MD (Enam Medical),Enam Medical
2273,920,MBBS (DMC),DMC
2274,920,BCS (Health),Health
2275,920,FCPS (Obs & Gynae),Obs & Gynae
2276,920,FCPS (Infertility),Infertility
2277,922,MBBS (Dhaka),Dhaka
2278,922,MD (Pediatric Neurology & Neurodevelopment),Pediatric Neurology & Neurodevelopment
2279,923,MBBS,
2280,923,MD (Internal Medicine),Internal Medicine
2281,923,FCPS (Medicine),Medicine
2282,923,FCPS (Rheumatology),Rheumatology
2283,924,MBBS,
2284,924,DMU (BIRDEM),BIRDEM
2285,925,MBBS,
2286,925,Endocrinologist,
2287,926,MBBS,
2288,926,FCPS (Physical Medicine & Rehabilitation),Physical Medicine & Rehabilitation
2289,927,MBBS (DMC),DMC
2290,927,MS (Vascular Surgery)-BSMMU,Vascular Surgery
2291,928,MBBS,
2292,928,FCPS (Sur),Sur
2293,928,MS (Plastic Surgery),Plastic Surgery
2294,929,MBBS,
2295,929,FCPS (Medicine),Medicine
2296,929,MD (Gastroenterology),Gastroenterology
2297,929,BCS (Health),Health
2298,929,MRCP (UK),UK
2299,930,MBBS,
2300,930,FCPS (Medicine),Medicine
2301,931,MBBS (DMC),DMC
2302,931,BCS (Health),Health
2303,931,FCPS (Surgery),Surgery
2304,931,MS (Colorectal Surgery),Colorectal Surgery
2305,932,MBBS (DMC),DMC
2306,932,MD (Gastroenterology),Gastroenterology
2307,933,MBBS,
2308,933,FCPS (Medicine),Medicine
2309,933,MD (Hepatology),Hepatology
2310,934,MBBS,
2311,934,BCS (Health),Health
2312,934,MD (Gastroenterology),Gastroenterology
2313,935,MBBS,
2314,935,MD (Paediatrics),Paediatrics
2315,936,MBBS (Dhaka),Dhaka
2316,936,BCS (Health),Health
2317,936,FCPS (Paediatrics),Paediatrics
2318,937,MBBS,
2319,938,MBBS,
2320,938,MSc(London),London
2321,939,MBBS (Dhaka),Dhaka
2322,939,MD(Child),Child
2323,940,MBBS (Gold Medalist),Gold Medalist
2324,940,FCPS (Medicine),Medicine
2325,940,MD (Neurology),Neurology
2326,941,MBBS (DMC),DMC
2327,941,BCS (Health),Health
2328,941,FCPS (Medicine),Medicine
2329,941,MD (Neurology),Neurology
2330,942,MBBS,
2331,942,FRCP (UK),UK
2332,942,PhD (Card),Card
2333,943,MBBS (DMC),DMC
2334,943,FCPS (Cardiology),Cardiology
2335,944,MBBS,
2336,944,BCS (Health),Health
2337,944,FCPS (Medicine),Medicine
2338,944,MD (Cardiology),Cardiology
2339,944,FRCP (Glassgow),Glassgow
2340,945,MBBS,
2341,945,PhD,
2342,946,MBBS,
2343,946,BCS (Health),Health
2344,946,MS(Ortho),Ortho
2345,947,MBBS,
2346,947,FCPS (Physical Medicine),Physical Medicine
2347,948,MBBS. BCS,
2348,948,FCPS (Physical Medicine),Physical Medicine
2349,949,MSc (Food & Nutrition),Food & Nutrition
2350,950,MBBS(DMC),DMC
2351,953,MBBS,
2352,953,FCPS (Ophthalmology),Ophthalmology
2353,954,MBBS,
2354,954,BCS (Health),Health
2355,954,MD (Nephrology),Nephrology
2356,955,MBBS (DMC),DMC
2357,955,MS (ENT),ENT
2358,955,EAORL-HNS (Diploma),Diploma
2359,956,MBBS,
2360,956,MD (Dermatology & VD),Dermatology & VD
2361,957,MBBS,
2362,957,MS-(Ortho),Ortho
2363,957,WHO Fellow ( Indonesia), Indonesia
2364,958,MBBS,
2365,958,BCS (Health). MS-Orthopedic Surgery,Health
2366,959,MBBS,
2367,959,MS-(Ortho),Ortho
2368,960,MBBS,
2369,960,MS(Ortho),Ortho
2370,961,MBBS (DMC),DMC
2371,961,BCS ( Health), Health
2372,961,FCPS (Gynae & Obs),Gynae & Obs
2373,961,FCPS ( Gynaecological Oncology ), Gynaecological Oncology 
2374,962,MBBS,
2375,962,MD (Internal Medicine),Internal Medicine
2376,962,BCS (Health),Health
2377,963,MBBS,
2378,963,BCS (Health),Health
2379,963,FCPS (Medicine),Medicine
2380,964,MBBS,
2381,964,BCS (Health),Health
2382,964,FCPS (Medicine),Medicine
2383,965,MBBS,
2384,965,FCPS (Gynae & Obs),Gynae & Obs
2385,966,MBBS,
2386,966,FCPS (Gynae),Gynae
2387,967,MBBS,
2388,967,FCPS (Gynae & Obs),Gynae & Obs
2389,968,MBBS (DMC),DMC
2390,968,MS (Ortho),Ortho
2391,969,MBBS,
2392,969,MS (Ortho),Ortho
2393,970,MBBS,
2394,970,FCPS (Psychiatry),Psychiatry
2395,971,MBBS,
2396,971,FCPS (Cardiology),Cardiology
2397,972,MBBS,
2398,972,FMD,
2399,973,MBBS,
2400,973,MS (Urology),Urology
2401,974,MBBS,
2402,974,MS,
2403,975,MBBS,
2404,975,MS (ENT),ENT
2405,976,MBBS (Dhaka),Dhaka
2406,976,FCPS (Medicine),Medicine
2407,976,BCS (Health),Health
2408,977,MBBS (Dhaka),Dhaka
2409,977,BCS (Health) FCPS (Medicine),Health
2410,978,MBBS (DMC ),DMC 
2411,978,BCS ( Health ) FCPS ( Medicine ), Health 
2412,978,MD ( Cardiology ), Cardiology 
2413,979,MBBS,
2414,979,BCS (Health),Health
2415,979,FCPS (Medicine),Medicine
2416,980,MBBS,
2417,980,BCS (Health),Health
2418,980,FCPS (Medicine),Medicine
2419,980,MRCP (UK),UK
2420,981,MBBS,
2421,981,FCPS (BSMMU),BSMMU
2422,982,MBBS,
2423,982,FCPS,
2424,982,FRCP,
2425,983,MBBS (Dhaka),Dhaka
2426,983,MD (Child),Child
2427,984,MBBS,
2428,984,FCPS (Medicine),Medicine
2429,985,MBBS,
2430,985,MD (Neurology),Neurology
2431,986,MBBS,
2432,986,"MS (Orthopaedic Surgery,NITOR)","Orthopaedic Surgery,NITOR"
2433,987,MBBS,
2434,987,MS (Ortho surgery),Ortho surgery
2435,988,MBBS,
2436,988,FCPS (Gold Medalist),Gold Medalist
2437,989,MBBS,
2438,989,FCPS,
2439,990,MBBS,
2440,990,FCPS,
2441,990,MS (Gynae & Obs),Gynae & Obs
2442,991,MBBS,
2443,992,MBBS (DMC),DMC
2444,992,BCS (Health),Health
2445,992,MRCP,
2446,993,MBBS,
2447,993,BCS (Health),Health
2448,993,FCPS (Obs & Gynae),Obs & Gynae
2449,994,MBBS,
2450,994,BCS (Health),Health
2451,994,FCPS (Obs & Gynae),Obs & Gynae
2452,995,MBBS,
2453,995,FCPS (Surgery),Surgery
2454,996,MBBS,
2455,997,MBBS,
2456,997,FCPS (ENT) Head & Neck Surgery,ENT
2457,998,MS,
2458,998,PhD (Japan),Japan
2459,999,MBBS,
2460,999,FCPS (Surgery),Surgery
2461,1000,MS (Oral & Maxillofacial Surgery),Oral & Maxillofacial Surgery
2462,1001,MBBS,
2463,1001,FCPS (Gynecology & Obs),Gynecology & Obs
2464,1002,MBBS,
2465,1002,FCPS (Gynecology & Obs),Gynecology & Obs
2466,1003,MBBS,
2467,1004,MBBS,
2468,1004,BCS,
2469,1004,FCPS (part-1),part-1
2470,1005,MBBS,
2471,1005,DO (U-R),U-R
2472,1005,MS (Opth-UG),Opth-UG
2473,1006,MBBS,
2474,1007,MBBS,
2475,1007,FCPS (Dermatology),Dermatology
2476,1008,MBBS,
2477,1008,BCS (Health),Health
2478,1008,FCPS (Skin & VD),Skin & VD
2479,1009,MBBS,
2480,1009,MRCP (UK),UK
2481,1009,FCPS (part-2),part-2
2482,1010,MBBS,
2483,1010,MSc in Diabetes(UK),UK
2484,1010,Endocrinologist,
2485,1011,MBBS,
2486,1011,FCPS (Medicine),Medicine
2487,1012,MBBS,
2488,1012,MRCP (UK),UK
2489,1012,FCPS (Medicine),Medicine
2490,1013,MBBS,
2491,1013,MS (Urology),Urology
2492,1014,MBBS,
2493,1015,MBBS,
2494,1015,BCS (Health),Health
2495,1015,MD (Hematology),Hematology
2496,1016,MBBS,
2497,1016,BCS (Health),Health
2498,1016,FCPS (Paediatrics),Paediatrics
2499,1017,MBBS,
2500,1017,BCS (Health),Health
2501,1017,MS (Urology),Urology
2502,1018,MBBS,
2503,1018,BCS (Health),Health
2504,1018,FCPS (Surgery),Surgery
2505,1018,MS (Urology),Urology
2506,1019,MBBS,
2507,1019,BCS (Health),Health
2508,1019,FCPS (Obs & Gynae),Obs & Gynae
2509,1020,MBBS,
2510,1020,MRCP(UK),UK
2511,1020,FCPS(Medicine),Medicine
2512,1021,MBBS,
2513,1021,FCPS (Obs & Gynae),Obs & Gynae
2514,1022,MBBS,
2515,1023,MS (Oral & Maxillofacial Surgeon),Oral & Maxillofacial Surgeon
2516,1024,MBBS,
2517,1024,BCS,
2518,1024,FCPS,
2519,1025,MBBS,
2520,1025,FCPS (Surgery),Surgery
2521,1025,BCS (Health),Health
2522,1026,MBBS,
2523,1026,MS (Orthopedics),Orthopedics
2524,1027,MBBS,
2525,1027,FCPS (Cardiology),Cardiology
2526,1028,MBBS,
2527,1029,MBBS,
2528,1029,MD (Internal Medicine),Internal Medicine
2529,1030,MBBS,
2530,1030,BCS (Health),Health
2531,1031,MBBS,
2532,1031,FCPS(Child),Child
2533,1032,MBBS,
2534,1033,MBBS (DU),DU
2535,1033,FCPS (Obs & Gyneacology),Obs & Gyneacology
2536,1033,FCPS (Reproductive Endocrinology & Infertility),Reproductive Endocrinology & Infertility
2537,1033,DMCH,
2538,1034,MD,
2539,1034,PhD,
2540,1035,MBBS,
2541,1035,BCS (Health),Health
2542,1035,Endocrinologist,
2543,1036,MBBS,
2544,1036,BCS (Health),Health
2545,1036,FCPS (Medicine),Medicine
2546,1037,MBBS,
2547,1038,MBBS,
2548,1038,MD (BSMMU/PG Hospital) DLO (ENT),BSMMU/PG Hospital
2549,1039,MBBS,
2550,1039,MS (Surgery),Surgery
2551,1040,MBBS (CU),CU
2552,1041,MBBS (CU),CU
2553,1042,MBBS,
2554,1042,FCPS (Medicine),Medicine
2555,1043,MBBS,
2556,1043,MS (OBGYN),OBGYN
2557,1044,MBBS (CU),CU
2558,1044,MS (Urology Course),Urology Course
2559,1045,MBBS (CU),CU
2560,1046,MBBS (CMC),CMC
2561,1046,BCS (Health) FCPS (Gynae & Obs),Health
2562,1047,MBBS (Dhaka),Dhaka
2563,1047,BCS (Health),Health
2564,1047,MS (Child Surgery,"Child Surgery,BSMMU"
2565,1048,MBBS (Dhaka),Dhaka
2566,1048,MS (Surgery),Surgery
2567,1048,BCS (Health),Health
2568,1049,MBBS,
2569,1049,BCS (Health),Health
2570,1049,FCPS (Surgery),Surgery
2571,1050,MBBS (CMC),CMC
2572,1050,BCS (Health),Health
2573,1050,FCPS (Medicine),Medicine
2574,1051,MBBS,
2575,1051,MS (Gynae & Obs),Gynae & Obs
2576,1052,MBBS (DU),DU
2577,1052,DMJ (Dhaka),Dhaka
2578,1053,MBBS,
2579,1053,BCS (Health),Health
2580,1053,MD (Gastroenterology),Gastroenterology
2581,1053,DMU (Ultra),Ultra
2582,1054,MBBS (Dhaka),Dhaka
2583,1054,BCS (Health),Health
2584,1055,MBBS,
2585,1055,BCS (Health),Health
2586,1055,"FCPS (Medicine, Part-II)","Medicine, Part-II"
2587,1056,MBBS,
2588,1056,MD (Child),Child
2589,1057,MBBS,
2590,1057,MD (Child),Child
2591,1058,MBBS,
2592,1059,MBBS,
2593,1059,MD (critical care medicine),critical care medicine
2594,1060,MBBS,
2595,1060,FCPS (Gyne & Obs),Gyne & Obs
2596,1061,MBBS,
2597,1061,FCPS Part 1,
2598,1062,MBBS,
2599,1062,D-ortho. MS-Ortho (NITOR),NITOR
2600,1063,MBBS,
2601,1063,DMU,
2602,1064,MBBS (Dhaka),Dhaka
2603,1064,BCS (Health),Health
2604,1064,"FCPS (Surgery, FP)","Surgery, FP"
2605,1065,MBBS (Dhaka),Dhaka
2606,1065,BCS (Health),Health
2607,1065,MS (Orthopaedic Surgery),Orthopaedic Surgery
2608,1066,MBBS,
2609,1067,MBBS (DU),DU
2610,1067,MS (Orthopedic Surgery),Orthopedic Surgery
2611,1068,MBBS (Dhaka),Dhaka
2612,1069,MBBS,
2613,1070,MBBS (DU),DU
2614,1070,"FCPS (Internal Medicine, Part-I)","Internal Medicine, Part-I"
2615,1071,PGT (Conservative Dentistry and Endodontics),Conservative Dentistry and Endodontics
2616,1072,MBBS (ISMC),ISMC
2617,1072,MD (Gastroenterology),Gastroenterology
2618,1073,MBBS,
2619,1073,FCPS(Obs&Gynae),Obs&Gynae
2620,1074,MBBS,
2621,1074,BCS (Health),Health
2622,1074,MS (ENT,"ENT, BSMMU"
2623,1074,"FCPS (Nose, Ear and Throat, FP)","Nose, Ear and Throat, FP"
2624,1075,MBBS (Dhaka),Dhaka
2625,1076,MBBS (Dhaka),Dhaka
2626,1077,MBBS,
2627,1077,BCS (Health),Health
2628,1077,FCPS (Gynae & Obs-FP),Gynae & Obs-FP
2629,1077,DMU (Ultra),Ultra
2630,1078,MBBS,
2631,1078,BCS (Health),Health
2632,1078,MS (Gynae & Obs - Final Part),Gynae & Obs - Final Part
2633,1079,MBBS(DMC) ; FCPS(Surgery); BCS(Health),DMC
2634,1083,MBBS (BMC),BMC
2635,1083,DMU (ICITR),ICITR
2636,1084,MBBS,
2637,1085,MBBS,
2638,1085,DMU,
2639,1086,MBBS (SSMC),SSMC
2640,1087,MBBS,
2641,1087,FCPS (Gynaecology & Obstetrics),Gynaecology & Obstetrics
2642,1088,MBBS,
2643,1088,FCPS(Gynae & Obs),Gynae & Obs
2644,1088,FCPS(Gynaecological Oncology),Gynaecological Oncology
2645,1089,MBBS,
2646,1089,MS (Paediatric Surgery),Paediatric Surgery
2647,1090,MBBS,
2648,1090,FCPS (Psychiatry),Psychiatry
2649,1091,MBBS,
2650,1091,FCPS (Surgery),Surgery
2651,1091,FCPS (Urology),Urology
2652,1092,MBBS (Dhaka),Dhaka
2653,1093,MBBS,
2654,1093,BCS (Health),Health
2655,1093,MD (Medicine),Medicine
2656,1094,MBBS (DU),DU
2657,1094,FCPS (Medicine),Medicine
2658,1095,MBBS (DU),DU
2659,1095,MRCP (PASS),PASS
2660,1095,"FCPS (Medicine, FP)","Medicine, FP"
2661,1096,MBBS,
2662,1096,MD,
2663,1097,MBBS (CMC),CMC
2664,1097,BCS (Health),Health
2665,1097,MD (Neurology),Neurology
2666,1098,MBBS (DU),DU
2667,1099,MBBS (DU),DU
2668,1099,MRCP (UK),UK
2669,1100,MBBS,
2670,1100,BCS (Health),Health
2671,1100,MD (Gastroenterology),Gastroenterology
2672,1101,MBBS (Dhaka),Dhaka
2673,1101,MS (Dhaka),Dhaka
2674,1102,MBBS,
2675,1102,FCPS (Neurology),Neurology
2676,1103,MBBS (DU),DU
2677,1104,MBBS,
2678,1104,FCPS,
2679,1105,MBBS,
2680,1105,BCS (Health),Health
2681,1105,FCPS (Medicine),Medicine
2682,1106,MBBS (CEU),CEU
2683,1107,MBBS (Dhaka),Dhaka
2684,1107,MD (Paediatric),Paediatric
2685,1108,MBBS,
2686,1108,MS (Ortho),Ortho
2687,1109,MBBS,
2688,1109,MD (Kidney,"Kidney, BSMMU"
2689,1110,MBBS,
2690,1110,FCPS (Surgery),Surgery
2691,1111,MBBS,
2692,1111,FCPS (Paediatrics),Paediatrics
2693,1113,MBBS,
2694,1113,MD (Physical Medicine and Rehabilitation),Physical Medicine and Rehabilitation
2695,1114,MBBS,
2696,1114,FCPS (Medicine),Medicine
2697,1114,MD (Nephrology),Nephrology
2698,1115,MBBS,
2699,1116,Postgraduate Diploma (UK),UK
2700,1117,MBBS,
2701,1117,FCPS (Paediatrics),Paediatrics
2702,1118,MBBS,
2703,1118,FCPS (Gynaecology & Obstetrics),Gynaecology & Obstetrics
2704,1120,MBBS,
2705,1120,FCPS (ENT),ENT
2706,1121,MBBS,
2707,1121,FCPS (Medicine),Medicine
2708,1121,MD(Cardiology),Cardiology
2709,1122,MBBS (Dhaka),Dhaka
2710,1122,MS (Ortho),Ortho
2711,1122,BCS (Health),Health
2712,1123,MBBS,
2713,1123,BCS (Health),Health
2714,1123,MD (Cardiology),Cardiology
2715,1123,"FCPS (Medicine, FP)","Medicine, FP"
2716,1124,MBBS (Dhaka),Dhaka
2717,1124,FCPS (ENT),ENT
2718,1125,MBBS,
2719,1125,BCS (Health),Health
2720,1125,FCPS (Gynae and Obs),Gynae and Obs
2721,1126,MBBS,
2722,1126,BCS (Health),Health
2723,1126,FCPS (Gyne & Obs),Gyne & Obs
2724,1128,MBBS,
2725,1128,BCS (Health),Health
2726,1128,"FCPS (Medicine, FP)","Medicine, FP"
2727,1129,MBBS,
2728,1129,BCS (Health),Health
2729,1129,FCPS (Medicine),Medicine
2730,1130,MBBS,
2731,1130,BCS (Health),Health
2732,1130,FCPS (Obs & Gynaecology),Obs & Gynaecology
2733,1131,MBBS,
2734,1131,MSc (SUB),SUB
2735,1132,MBBS (DMC),DMC
2736,1132,BCS (Health),Health
2737,1132,MD (Child),Child
2738,1133,MBBS,
2739,1133,Post Graduate Diploma in Clinical Cosmetology (India),India
2740,1134,MBBS,
2741,1134,FCPS (Surgery),Surgery
2742,1134,BCS (Health),Health
2743,1134,FCPS (Plastic & Reconstructive Surgery),Plastic & Reconstructive Surgery
2744,1135,MBBS,
2745,1135,FCPS (Psychiatry),Psychiatry
2746,1136,MBBS,
2747,1136,BCS Health,
2748,1136,MD,
2749,1137,MBBS,
2750,1137,FCPS (Child),Child
2751,1137,MD (Child),Child
2752,1137,BCS (Health),Health
2753,1138,MBBS (Dhaka),Dhaka
2754,1138,"DOC (Skin, Sex, Allergy)","Skin, Sex, Allergy"
2755,1139,MBBS,
2756,1139,FCPS (Plastic and Reconstructive Surgery),Plastic and Reconstructive Surgery
2757,1140,MBBS,
2758,1141,MBBS,
2759,1142,MBBS,
2760,1142,Post Graduate diploma in clinical Cosmetology (india),india
2761,1143,MBBS,
2762,1143,MS (Infertility),Infertility
2763,1144,MBBS,
2764,1144,"MD (Ped, Neurology)","Ped, Neurology"
2765,1145,MBBS,
2766,1145,MD (Hematology),Hematology
2767,1146,MBBS,
2768,1146,FCPS (Surgery),Surgery
2769,1147,MBBS,
2770,1147,MS (General Surgery),General Surgery
2771,1148,MBBS,
2772,1148,MS (Surgery),Surgery
2773,1149,MBBS,
2774,1149,FCPS (Surgery),Surgery
2775,1150,MBBS,
2776,1150,BCS (Health),Health
2777,1150,FCPS (ENT & HEAD-NECK SURGERY),ENT & HEAD-NECK SURGERY
2778,1151,MBBS,
2779,1152,MBBS,
2780,1152,BCS,
2781,1152,MD (Dermatology),Dermatology
2782,1153,FCPS(Surgery),Surgery
2783,1153,MS(Surgical Oncology),Surgical Oncology
2784,1153,BCS(Health),Health
2785,1154,MBBS,
2786,1155,MBBS,
2787,1155,FCPS (Surgery),Surgery
2788,1155,MS (Urology),Urology
2789,1156,MBBS (DU),DU
2790,1156,MS (Urology),Urology
2791,1157,MBBS,
2792,1157,MS (Urology),Urology
2793,1159,MBBS,
2794,1159,MD (Radiation Oncology),Radiation Oncology
2795,1160,MBBS,
2796,1160,MD (Oncology),Oncology
2797,1161,MBBS,
2798,1161,FCPS (Child),Child
2799,1162,MBBS (SSMC),SSMC
2800,1162,MD (Cardiology),Cardiology
2801,1163,MBBS (DMC),DMC
2802,1163,BCS (Health),Health
2803,1163,MS (ENT),ENT
2804,1164,MBBS,
2805,1164,FCPS (Gynae & Obs),Gynae & Obs
2806,1165,MBBS (Dhaka),Dhaka
2807,1165,BCS (Health),Health
2808,1165,FCPS (Gynaecology & Obs),Gynaecology & Obs
2809,1166,MBBS (DMC),DMC
2810,1166,FCPS (Child),Child
2811,1167,MBBS (SOMC),SOMC
2812,1167,BCS (Health),Health
2813,1167,MD (Chest-Resident),Chest-Resident
2814,1168,MBBS,
2815,1168,BCS (Health),Health
2816,1168,FCPS (Neurosurgery),Neurosurgery
2817,1169,MBBS,
2818,1169,BCS (Health),Health
2819,1170,MBBS,
2820,1170,MS (Ortho Surgery),Ortho Surgery
2821,1171,MBBS,
2822,1171,BCS (Health),Health
2823,1171,MD (Nephrology),Nephrology
2824,1172,MBBS (Dhaka),Dhaka
2825,1172,BCS (Health),Health
2826,1172,FCPS (Gynae & Obs),Gynae & Obs
2827,1173,MBBS (DU),DU
2828,1174,MBBS,
2829,1175,MBBS,
2830,1175,FCPS (Medicine),Medicine
2831,1175,BCS (Health),Health
2832,1176,MBBS,
2833,1176,MS (Ortho-surgery,"Ortho-surgery, BSMMU"
2834,1177,MBBS (DMU),DMU
2835,1177,FCPS,
2836,1178,MBBS,
2837,1178,FCPS (Radiotherapy),Radiotherapy
2838,1179,MBBS,
2839,1179,FCPS,
2840,1179,Diploma in Medical Ultrasound (DMU),DMU
2841,1180,MBBS,
2842,1180,BCS (Health),Health
2843,1180,FCPS (Nephrology),Nephrology
2844,1181,MBBS,
2845,1181,BCS (Obs & Gynae),Obs & Gynae
2846,1182,MBBS,
2847,1183,MBBS,
2848,1183,FCPS,
2849,1183,MS,
2850,1184,MBBS (ShSMC),ShSMC
2851,1185,MBBS,
2852,1185,BCS,
2853,1185,FCPS (II),II
2854,1185,"MD (Thesis, Nephrology)","Thesis, Nephrology"
2855,1186,MBBS,
2856,1187,MBBS,
2857,1187,BCS,
2858,1187,MS (Orthopedic Surgery),Orthopedic Surgery
2859,1188,MBBS,
2860,1188,MS (Ortho),Ortho
2861,1189,MBBS,
2862,1189,FCPS,
2863,1189,MD,
2864,1190,MBBS,
2865,1190,BCS (Health),Health
2866,1190,MS (Pediatric Surgery),Pediatric Surgery
2867,1191,MS (Prosthodontics,"Prosthodontics, BSMMU"
2868,1193,MBBS (DMC),DMC
2869,1193,FCPS (Surgery),Surgery
2870,1194,MBBS (DU),DU
2871,1194,BCS ( Health), Health
2872,1194,MD (Gastroenterology),Gastroenterology
2873,1195,MBBS,
2874,1196,MBBS,
2875,1197,MBBS,
2876,1197,FCPS (Part - II),Part - II
2877,1198,MBBS,
2878,1198,Msc (London),London
2879,1199,MBBS,
2880,1199,BCS (Health),Health
2881,1199,FCPS (Medicine),Medicine
2882,1200,MBBS,
2883,1200,FCPS (MEDICINE),MEDICINE
2884,1201,MBBS,
2885,1201,FCPS (Medicine),Medicine
2886,1201,MRCP (UK),UK
2887,1202,MBBS,
2888,1203,MBBS,
2889,1203,MS (ENT),ENT
2890,1204,MBBS,
2891,1204,FCPS (ENT),ENT
2892,1205,MBBS,
2893,1205,FCPS (MEDICINE),MEDICINE
2894,1206,MBBS,
2895,1206,DOMS,
2896,1207,MBBS,
2897,1208,MBBS (Srilanka),Srilanka
2898,1209,MBBS (DAC),DAC
2899,1210,MBBS (DMC),DMC
2900,1210,FCPS (Haematology),Haematology
2901,1211,MBBS,
2902,1211,BCS (Health),Health
2903,1211,FCPS (Radiotherapy),Radiotherapy
2904,1211,MD (Radiation Oncology),Radiation Oncology
2905,1212,MBBS (Dhaka),Dhaka
2906,1212,FCPS (Medicine),Medicine
2907,1212,FCPS (Cardiology),Cardiology
2908,1213,MBBS (CMC),CMC
2909,1213,BCS (Health),Health
2910,1213,MD (Cardiology),Cardiology
2911,1214,MBBS (Dhaka),Dhaka
2912,1214,BCS (Health),Health
2913,1214,FCPS (ENT),ENT
2914,1215,MBBS,
2915,1215,BCS (Health),Health
2916,1215,MS (Ortho Surgery),Ortho Surgery
2917,1216,MBBS,
2918,1216,MD (Nephrology),Nephrology
2919,1217,MBBS (CMC),CMC
2920,1217,BCS (Health),Health
2921,1217,"FCPS (Paediatrics, FP)","Paediatrics, FP"
2922,1217,MD (Neonatal & Child Medicine),Neonatal & Child Medicine
2923,1218,MBBS,
2924,1218,BCS (Health),Health
2925,1219,MBBS,
2926,1219,FCPS,
2927,1220,MBBS,
2928,1220,FCPS (Pediatric),Pediatric
2929,1220,MD (Neonatalogy),Neonatalogy
2930,1221,MBBS,
2931,1221,BCS (Health),Health
2932,1221,MS (Ortho Surgery),Ortho Surgery
2933,1222,MBBS,
2934,1222,BCS (Health),Health
2935,1222,MS (Gynae & Obs),Gynae & Obs
2936,1223,MBBS,
2937,1223,BCS (Health),Health
2938,1223,FCPS (Medicine),Medicine
2939,1223,Endocrinologist,
2940,1224,MBBS,
2941,1224,FCPS (Physical Medicine & Rehabilitation),Physical Medicine & Rehabilitation
2942,1225,MBBS,
2943,1225,BCS (Health),Health
2944,1225,MD (Chest),Chest
2945,1226,MBBS,
2946,1226,FCPS (Pediatric),Pediatric
2947,1227,MBBS,
2948,1227,BCS (Health),Health
2949,1227,FCPS (Obs & Gynae-Oncology),Obs & Gynae-Oncology
2950,1228,MBBS,
2951,1229,MBBS,
2952,1229,FRSH (London),London
2953,1230,MBBS,
2954,1230,MRCP (Medicine- Ireland),Medicine- Ireland
2955,1230,Endocrinologist,
2956,1231,MBBS,
2957,1232,MBBS,
2958,1232,BCS (Health) De-Card,Health
2959,1232,MD (Cardiology),Cardiology
2960,1233,MBBS,
2961,1233,BCS (Health),Health
2962,1234,MBBS,
2963,1234,BCS (Health),Health
2964,1235,MBBS,
2965,1235,BCS (Health) M,Health
2966,1236,MBBS,
2967,1236,BCS (Health) MS (Urology),Health
2968,1237,MBBS,
2969,1237,BCS (Health),Health
2970,1238,MBBS,
2971,1238,BCS (Health),Health
2972,1238,FCPS (Surgery),Surgery
2973,1239,MBBS (DMC),DMC
2974,1239,BCS (Health),Health
2975,1239,MD (Cardiology),Cardiology
2976,1240,MBBS (DMC),DMC
2977,1240,BCS (Health),Health
2978,1240,FCPS (Medicine),Medicine
2979,1240,MD (Chest,"Chest, BSMMU"
2980,1241,MBBS,
2981,1241,BCS (Health),Health
2982,1241,FCPS (Gynaecology & Obs),Gynaecology & Obs
2983,1241,FCPS (Gynaecology Cancer),Gynaecology Cancer
2984,1242,MBBS,
2985,1242,MS (Paediatric Surgeon),Paediatric Surgeon
2986,1243,MBBS,
2987,1243,BCS (Health),Health
2988,1243,MD (Gastro),Gastro
2989,1244,MBBS (DMC),DMC
2990,1244,BCS (Health),Health
2991,1244,FCPS,
2992,1245,MBBS,
2993,1245,BCS (Health),Health
2994,1245,"FCPS (Skin & Dermatology, FP)","Skin & Dermatology, FP"
2995,1246,MBBS (Dhaka),Dhaka
2996,1246,MD (Cardiology),Cardiology
2997,1247,MBBS,
2998,1247,FCPS (Gynae & Obs),Gynae & Obs
2999,1248,MBBS (CMC),CMC
3000,1248,BCS (Health),Health
3001,1248,FCPS (General Surgery),General Surgery
3002,1249,MBBS,
3003,1249,DGO (DMC),DMC
3004,1249,FCPS (Gynae & Obs),Gynae & Obs
3005,1250,MBBS,
3006,1250,BCS (Health),Health
3007,1250,MS (Urology),Urology
3008,1251,MBBS( SZMC), SZMC
3009,1252,MBBS,
3010,1252,BCS (Health),Health
3011,1252,MS (Urology),Urology
3012,1253,MBBS,
3013,1253,BCS (Health),Health
3014,1253,FCPS (Surgery),Surgery
3015,1254,MBBS,
3016,1254,BCS (Health),Health
3017,1254,FCPS (Surgery),Surgery
3018,1255,MBBS,
3019,1256,MBBS,
3020,1257,MBBS,
3021,1257,MRCP (UK),UK
3022,1257,MD (Neurology),Neurology
3023,1258,MBBS,
3024,1258,PhD (EYE),EYE
3025,1259,MBBS,
3026,1259,FCPS (Surgery),Surgery
3027,1260,MBBS,
3028,1260,MS (OBGYN),OBGYN
3029,1260,Diploma in Advanced Laparoscopic Surgery (USA & Germany),USA & Germany
3030,1261,MBBS,
3031,1261,MS,
3032,1261,BCS,
3033,1262,MBBS,
3034,1262,MS (Neurosurgery),Neurosurgery
3035,1263,MBBS,
3036,1263,MS,
3037,1264,MBBS,
3038,1264,BCS (Health),Health
3039,1264,FCPS (Plastic Surgery),Plastic Surgery
3040,1265,MBBS,
3041,1265,FCPS (Physical Medicine),Physical Medicine
3042,1265,DMU,
3043,1266,MBBS,
3044,1266,MS (Pediatric Surgery),Pediatric Surgery
3045,1267,MBBS,
3046,1268,MBBS,
3047,1268,BCS (Health),Health
3048,1268,MS (ORTHO),ORTHO
3049,1269,MBBS,
3050,1269,BCS (Health),Health
3051,1269,MS (ORTHO),ORTHO
3052,1270,MBBS (CMC),CMC
3053,1270,MS (ORTHO),ORTHO
3054,1271,MBBS,
3055,1271,BCS (Health),Health
3056,1271,FCPS (Medicine),Medicine
3057,1271,MD (Neurology),Neurology
3058,1272,MBBS,
3059,1272,MD,
3060,1273,MBBS,
3061,1273,FCPS,
3062,1274,MBBS,
3063,1275,MBBS,
3064,1275,FCPS,
3065,1275,MD,
3066,1276,MBBS,
3067,1276,BCS (Health),Health
3068,1277,MBBS,
3069,1278,MBBS,
3070,1278,FCPS,
3071,1278,BCS (Health),Health
3072,1279,MBBS,
3073,1279,FCPS,
3074,1280,MBBS,
3075,1280,FCPS,
3076,1280,BCS (Health),Health
3077,1281,MBBS,
3078,1281,FCPS,
3079,1282,MBBS,
3080,1282,FCPS (FP),FP
3081,1283,MBBS,
3082,1283,FCPS (Obst & Gynae),Obst & Gynae
3083,1284,MBBS (DU),DU
3084,1284,FCPS (FP),FP
3085,1285,MBBS,
3086,1286,MBBS,
3087,1286,BCS (Health) FCPS,Health
3088,1287,MBBS,
3089,1287,FRSH (London),London
3090,1288,MBBS,
3091,1288,BCS (Health),Health
3092,1288,MS-Ortho,
3093,1289,MBBS,
3094,1289,DMU,
3095,1290,MBBS,
3096,1290,BCS (Health),Health
3097,1291,MBBS,
3098,1291,MRCPI (General Medicine),General Medicine
3099,1292,MBBS,
3100,1292,BCS (Health),Health
3101,1292,FCPS (Medicine),Medicine
3102,1293,MBBS,
3103,1293,FCPS,
3104,1294,MBBS,
3105,1294,BCS (Health),Health
3106,1294,FCPS (Medicine),Medicine
3107,1295,MBBS (Dhaka),Dhaka
3108,1295,MD (Nephrology),Nephrology
3109,1296,MBBS,
3110,1296,BCS (Health),Health
3111,1296,MD (Nephrology),Nephrology
3112,1297,MBBS,
3113,1297,FCPS (Medicine),Medicine
3114,1297,MD (Hepatology),Hepatology
3115,1298,MBBS,
3116,1298,BCS (Health),Health
3117,1298,FCPS (Medicine),Medicine
3118,1298,MD (Hepatology),Hepatology
3119,1299,MBBS,
3120,1299,BCS (Health),Health
3121,1299,FCPS (OBGYN),OBGYN
3122,1300,MBBS,
3123,1300,BCS (Health),Health
3124,1300,FCPS (OBGYN),OBGYN
3125,1301,MBBS,
3126,1301,BCS (Health),Health
3127,1301,FCPS (OBGYN),OBGYN
3128,1302,MBBS,
3129,1302,DO (DU),DU
3130,1302,FCPS (EYE),EYE
3131,1303,MBBS,
3132,1303,BCS (Health),Health
3133,1304,MBBS,
3134,1304,Endocrinologist,
3135,1305,BCS (Health),Health
3136,1305,MS (Prosthodontics),Prosthodontics
3137,1306,BCS (Health),Health
3138,1307,MBBS,
3139,1307,FCPS (CHILD),CHILD
3140,1308,MBBS (DU),DU
3141,1308,DMU,
3142,1309,MBBS,
3143,1309,BCS (Health),Health
3144,1309,MD (Pediatrics),Pediatrics
3145,1310,MBBS,
3146,1310,BCS (Health),Health
3147,1310,FCPS (CHILD),CHILD
3148,1311,MBBS,
3149,1311,BCS (Health),Health
3150,1311,MD (Pediatrics),Pediatrics
3151,1312,MBBS,
3152,1312,(DMC),DMC
3153,1312,BCS (Health),Health
3154,1313,MBBS,
3155,1313,BCS (Health),Health
3156,1313,MD (Dermatology & Venereology),Dermatology & Venereology
3157,1314,PGT (OMS),OMS
3158,1314,MS (Residency Course),Residency Course
3159,1316,BCS (Heath),Heath
3160,1316,MS,
3161,1317,BCS (Health),Health
3162,1318,MBBS,
3163,1319,MBBS,
3164,1319,BCS (Health),Health
3165,1319,FCPS (Medicine-II),Medicine-II
3166,1320,MBBS (DMC),DMC
3167,1320,BCS (Health),Health
3168,1321,MBBS (DMC),DMC
3169,1321,BCS (Heath),Heath
3170,1321,MS (Orthopedic Surgery),Orthopedic Surgery
3171,1322,MBBS (DMC),DMC
3172,1322,MS (Ortho),Ortho
3173,1323,MBBS,
3174,1323,BCS (Health),Health
3175,1323,FCPS (Gynae & Obs),Gynae & Obs
3176,1324,MBBS,
3177,1324,BCS (Health),Health
3178,1324,FCPS (Gyna & Obs),Gyna & Obs
3179,1325,MBBS (DMC) FCPS,DMC
3180,1326,MBBS,
3181,1326,BCS (Health),Health
3182,1327,MBBS,
3183,1327,FCPS (Surgery),Surgery
3184,1328,MBBS,
3185,1328,BCS (Health),Health
3186,1328,FCPS (Medicine),Medicine
3187,1328,FCPS (Neurology Force). MRCP (Pesen),Neurology Force
3188,1329,MBBS,
3189,1329,MD (Internal Medicine),Internal Medicine
3190,1330,MBBS,
3191,1330,BCS (Health),Health
3192,1330,FCPS (Medicine),Medicine
3193,1330,FPMD (Gastroenterology),Gastroenterology
3194,1331,MBBS,
3195,1331,BCS (Health),Health
3196,1331,MD (Cardiology),Cardiology
3197,1332,MBBS,
3198,1332,MD (Cardiology),Cardiology
3199,1333,MBBS,
3200,1333,BCS (Health),Health
3201,1333,MD (Cardiology),Cardiology
3202,1334,MBBS,
3203,1334,BCS (Health),Health
3204,1334,FCPS (Oncology),Oncology
3205,1335,MBBS,
3206,1335,BCS (Health),Health
3207,1335,FCPS (Physical Medicine),Physical Medicine
3208,1336,MBBS,
3209,1336,MD (Cardiology),Cardiology
3210,1337,MBBS,
3211,1337,MS,
3212,1338,MBBS (CMC),CMC
3213,1338,BCS (Health),Health
3214,1339,MBBS,
3215,1339,MRCOG (London),London
3216,1340,MBBS,
3217,1340,BCS (Health),Health
3218,1340,"FCPS (Medicine, FP)","Medicine, FP"
3219,1340,MD (Nephrology),Nephrology
3220,1341,MBBS,
3221,1341,BCS (Health),Health
3222,1341,MD (Paediatric).,Paediatric
3223,1342,MBBS (DU),DU
3224,1342,BCS (Health),Health
3225,1342,MS (General Surgery,"General Surgery, BSMMU"
3226,1342,"FCPS (General Surgery, Part-I)","General Surgery, Part-I"
3227,1343,MBBS,
3228,1343,"FCPS (Medicine, Part-II)","Medicine, Part-II"
3229,1343,PGT Medicine (DMCAE),DMCAE
3230,1344,MBBS (Ibrahim Medical College),Ibrahim Medical College
3231,1344,DMU (Sonologist),Sonologist
3232,1345,"MSc (Food & Nutrition, DU)","Food & Nutrition, DU"
3233,1347,FCPS (Final Part-BSMMU),Final Part-BSMMU
3234,1348,PhD (Japan),Japan
3235,1349,MBBS,
3236,1349,FCPS (In Course),In Course
3237,1350,MBBS (Dhaka),Dhaka
3238,1350,MD (Haematology),Haematology
3239,1351,MBBS,
3240,1351,MSc (Nutrition) DU,Nutrition
3241,1352,MBBS,
3242,1352,(FMC) BCS (Health) MS (Orthopedic Surgery),FMC
3243,1353,MBBS,
3244,1353,MD (Paediatrics),Paediatrics
3245,1354,MBBS,
3246,1354,FCPS (Medicine),Medicine
3247,1355,MBBS,
3248,1355,FCPS(Medicine),Medicine
3249,1355,MSc(Tropical & Infectious Diseases),Tropical & Infectious Diseases
3250,1356,MBBS,
3251,1356,MD(Endocrinology & Metabolism),Endocrinology & Metabolism
3252,1356,Endocrinologist,
3253,1357,MBBS,
3254,1357,FCPS (Medicine),Medicine
3255,1358,MBBS,
3256,1358,MD(Internal Medicine),Internal Medicine
3257,1358,FCPS(Medicine),Medicine
3258,1358,FCPS(Rheumatology),Rheumatology
3259,1359,MBBS,
3260,1359,MD (Dermatology & Venereology),Dermatology & Venereology
3261,1360,MBBS,
3262,1361,MBBS (DMC),DMC
3263,1361,MS (Orthopedic Surgery),Orthopedic Surgery
3264,1362,MBBS,
3265,1362,BCS,
3266,1362,MS (Ortho),Ortho
3267,1363,MBBS,
3268,1363,BCS (Health),Health
3269,1363,MD (Hepatology,"Hepatology, BSMMU"
3270,1364,MBBS,
3271,1364,BCS (Health),Health
3272,1365,MBBS,
3273,1365,FCPS (Gynae & Obs.),Gynae & Obs.
3274,1365,DMU,
3275,1366,MBBS,
3276,1366,BCS (Health),Health
3277,1366,MS (Obs. & Gynae-BSMMU),Obs. & Gynae-BSMMU
3278,1367,MBBS,
3279,1367,FCPS (Gynae & Obs.),Gynae & Obs.
3280,1368,MBBS,
3281,1368,BCS (Health),Health
3282,1368,DMU,
3283,1369,MBBS (Dhaka),Dhaka
3284,1369,MRCP (UK),UK
3285,1369,FCPS (Nephrology-FP),Nephrology-FP
3286,1369,MSc in Nephrology (UK),UK
3287,1370,MBBS,
3288,1370,BCS (Health),Health
3289,1370,FCPS (Medicine),Medicine
3290,1371,MBBS,
3291,1372,MBBS,
3292,1372,MRCP (UK),UK
3293,1373,MBBS (DU),DU
3294,1374,MBBS (DMC),DMC
3295,1374,BCS (Health),Health
3296,1374,MRCP (UK),UK
3297,1374,MD (Hematology),Hematology
3298,1375,MBBS (DMC),DMC
3299,1375,BCS (Health),Health
3300,1375,FCPS (Gynae & Obs),Gynae & Obs
3301,1376,MBBS,
3302,1377,MBBS,
3303,1377,FCPS (Paediatric),Paediatric
3304,1378,MBBS (Dhaka),Dhaka
3305,1378,MD (Cardiology),Cardiology
3306,1379,PhD (Physio),Physio
3307,1379,"MS (Physio, India)","Physio, India"
3308,1380,MBBS,
3309,1380,BCS (Health),Health
3310,1380,FCPS (Obs & Gynae),Obs & Gynae
3311,1381,MBBS (Dhaka),Dhaka
3312,1381,BCS (Health),Health
3313,1381,FCPS (Obs & Gynae),Obs & Gynae
3314,1382,MBBS,
3315,1382,FCPS (Obs & Gynae) DGO,Obs & Gynae
3316,1383,MBBS,
3317,1383,FCPS(OBGYN),OBGYN
3318,1384,MBBS,
3319,1384,FCPS (Obs & Gynae),Obs & Gynae
3320,1385,MBBS,
3321,1385,FRCOG (London),London
3322,1386,MBBS,
3323,1386,FCPS,
3324,1386,MS(Gynae & Obstetrics),Gynae & Obstetrics
3325,1387,MBBS,
3326,1388,MBBS (DMC),DMC
3327,1388,BCS (Health),Health
3328,1388,FCPS (Medicine),Medicine
3329,1388,FCPS (Gastroenterology),Gastroenterology
3330,1389,MBBS (Dhaka),Dhaka
3331,1389,BCS (Health),Health
3332,1389,MS (Gy & Obs),Gy & Obs
3333,1390,MBBS (Dhaka),Dhaka
3334,1390,BCS (Health),Health
3335,1390,FCPS (Gynae & Obs),Gynae & Obs
3336,1391,MBBS,
3337,1391,BCS (Health),Health
3338,1391,MD (Cardiology),Cardiology
3339,1392,BCS (Health),Health
3340,1392,MS (BSMMU),BSMMU
3341,1393,MBBS (DU),DU
3342,1393,"MS (Course, DMCH)","Course, DMCH"
3343,1394,MBBS,
3344,1395,MBBS,
3345,1396,MBBS (Dhaka),Dhaka
3346,1396,FCPS (Paediatric),Paediatric
3347,1397,MBBS,
3348,1397,MRCP Part 2 (UK),UK
3349,1398,MBBS (DU),DU
3350,1399,MBBS (Dhaka),Dhaka
3351,1399,BCS (Health),Health
3352,1399,FCPS (ENT),ENT
3353,1400,MBBS (Dhaka),Dhaka
3354,1401,MBBS (Dhaka),Dhaka
3355,1401,MD (Bio),Bio
3356,1402,MBBS (RU),RU
3357,1402,"FCPS (Gynae & Obs, Part-I)","Gynae & Obs, Part-I"
3358,1403,MBBS (Dhaka),Dhaka
3359,1404,MBBS,
3360,1404,FMD (Family Medicine),Family Medicine
3361,1405,MBBS,
3362,1405,MS (Paediatric Surgery),Paediatric Surgery
3363,1406,MBBS,
3364,1406,FCPS (Surgery),Surgery
3365,1407,MBBS,
3366,1407,DOC (Dermatology),Dermatology
3367,1408,MBBS (RU),RU
3368,1408,BCS (Health),Health
3369,1409,MBBS,
3370,1410,MBBS,
3371,1411,MBBS,
3372,1411,FCPS,
3373,1412,MBBS,
3374,1412,MD (Neurology),Neurology
3375,1413,MBBS(SSMC),SSMC
3376,1413,BCS(Health),Health
3377,1413,MD(Neurology),Neurology
3378,1414,MBBS,
3379,1414,MD (Cardiology),Cardiology
3380,1415,MBBS,
3381,1415,BCS (Health),Health
3382,1415,MS (Gynae & Obs),Gynae & Obs
3383,1416,MBBS (DU),DU
3384,1416,BCS (Health),Health
3385,1417,MBBS (Dhaka),Dhaka
3386,1417,BCS (Health),Health
3387,1417,FCPS (ENT),ENT
3388,1418,MBBS (Dhaka),Dhaka
3389,1419,MBBS,
3390,1420,MBBS (Dhaka),Dhaka
3391,1420,DGO (DMC),DMC
3392,1421,MBBS,
3393,1422,MBBS,
3394,1422,FCPS,
3395,1422,"MS (Gynaecology, Thesis)","Gynaecology, Thesis"
3396,1422,Diploma in Obstetrics and Gynaecology,
3397,1423,MBBS,
3398,1423,MS,
3399,1424,MBBS,
3400,1424,"FCPS (Medicine, FP)","Medicine, FP"
3401,1424,"MRCP (Medicine, UK)","Medicine, UK"
3402,1425,MBBS,
3403,1425,FCPS (Physical Medicine & Rehabilitation),Physical Medicine & Rehabilitation
3404,1425,BCS (Health),Health
3405,1426,MBBS,
3406,1427,MBBS (Dhaka),Dhaka
3407,1428,MBBS,
3408,1428,FCPS (Medicine),Medicine
3409,1428,MD (Neurology),Neurology
3410,1429,MBBS,
3411,1429,FCPS (Medicine),Medicine
3412,1429,BCS (Health),Health
3413,1430,MBBS,
3414,1430,MS ( Pediatric Surgery), Pediatric Surgery
3415,1431,MBBS (DMC),DMC
3416,1431,MS (Neurosurgery),Neurosurgery
3417,1432,MBBS,
3418,1432,BCS (Health),Health
3419,1432,MS (Neurosurgery),Neurosurgery
3420,1434,MBBS,
3421,1434,BCS(Health),Health
3422,1434,MD(Dermatology,"Dermatology, BSMMU"
3423,1435,MBBS,
3424,1435,FCPS (Surgery),Surgery
3425,1437,MBBS,
3426,1437,BCS (Health),Health
3427,1437,FCPS (Part-II),Part-II
3428,1438,MBBS,
3429,1439,MBBS,
3430,1439,BCS (Health),Health
3431,1439,MS (Orthopaedic),Orthopaedic
3432,1440,MBBS (DMC),DMC
3433,1440,BCS (Health),Health
3434,1440,FCPS (Obs & Gynaecology),Obs & Gynaecology
3435,1441,MBBS,
3436,1441,FCPS (Medicine),Medicine
3437,1441,MD (Cardiology),Cardiology
3438,1441,FCPS (Infectious Diseases),Infectious Diseases
3439,1442,MBBS (Dhaka),Dhaka
3440,1443,MBBS,
3441,1444,MBBS,
3442,1444,BCS (Health),Health
3443,1444,"FCPS (Physical Medicine, FP) PGT (Physical Medicine and Rehabilitation)","Physical Medicine, FP"
3444,1445,MBBS,
3445,1446,"MBBS (Dandong Medical College, China)","Dandong Medical College, China"
3446,1449,MBBS,
3447,1450,MBBS,
3448,1450,FCPS (Medicine),Medicine
3449,1451,MBBS,
3450,1451,MS (Ortho),Ortho
3451,1452,MBBS,
3452,1453,"MBBS (AFMC, DU)","AFMC, DU"
3453,1453,FCPS (Surgery),Surgery
3454,1454,MBBS,
3455,1454,BCS (Health),Health
3456,1454,MS (Orthopaedics),Orthopaedics
3457,1455,MBBS,
3458,1456,MBBS,
3459,1456,BCS (Health),Health
3460,1456,and FCPS (ENT),ENT
3461,1457,MBBS,
3462,1457,MS (General Surgery),General Surgery
3463,1457,MS (Plastic Surgery),Plastic Surgery
3464,1458,MBBS,
3465,1458,FCPS (Pediatrics),Pediatrics
3466,1458,MD (Ped),Ped
3467,1458,MD (Neonatology),Neonatology
3468,1459,MBBS,
3469,1459,MD (Physical Medicine Rehabilitation),Physical Medicine Rehabilitation
3470,1460,MBBS,
3471,1460,FCPS (Physical Medicine & Rehabilitation),Physical Medicine & Rehabilitation
3472,1462,FCPS (Oral & Maxilofacial Surgry),Oral & Maxilofacial Surgry
3473,1463,MBBS,
3474,1463,MD(Chest Diseases),Chest Diseases
3475,1464,MBBS,
3476,1464,FCPS(Chest Diseases),Chest Diseases
3477,1465,MBBS (CMC),CMC
3478,1465,FCPS (Dermatology & Venereology),Dermatology & Venereology
3479,1466,MBBS(Dhaka),Dhaka
3480,1466,MS (Gynae & Obs),Gynae & Obs
3481,1467,MBBS,
3482,1467,FCPS (Medicine),Medicine
3483,1468,MBBS,
3484,1468,FCPS (BD),BD
3485,1468,FCPS (PAK),PAK
3486,1468,MRCP,
3487,1468,"FRCP (Edin, Glasgow, ireland)","Edin, Glasgow, ireland"
3488,1469,MBBS,
3489,1469,DM (UK),UK
3490,1469,MRCP(UK),UK
3491,1469,FRCP (UK),UK
3492,1470,MBBS,
3493,1470,FCPS (Surgery),Surgery
3494,1471,MBBS,
3495,1471,FCPS (Psychiatry),Psychiatry
3496,1472,MBBS,
3497,1472,MS(Urology),Urology
3498,1473,MBBS,
3499,1473,MS(CVTS),CVTS
3500,1474,MBBS,
3501,1474,MS (Surgery),Surgery
3502,1474,MS (Thoracic Surgery),Thoracic Surgery
3503,1475,MBBS,
3504,1475,BCS (Health),Health
3505,1475,FCPS (ENT),ENT
3506,1476,MBBS,
3507,1476,FCPS (Surgery),Surgery
3508,1477,MBBS,
3509,1477,DMU,
3510,1478,MBBS (Dhaka),Dhaka
3511,1479,MBBS,
3512,1479,BCS (Health),Health
3513,1479,MS,
3514,1479,FCPS (Surgery),Surgery
3515,1480,MBBS (SMC),SMC
3516,1481,MBBS (Dhaka),Dhaka
3517,1481,FCPS (Medicine),Medicine
3518,1482,MBBS,
3519,1482,MS (Gynae & Obs),Gynae & Obs
3520,1482,FCPS (Gynaecological Oncology),Gynaecological Oncology
3521,1483,MBBS (Dhaka),Dhaka
3522,1483,BCS (Health),Health
3523,1483,MS (Ortho-Surgery),Ortho-Surgery
3524,1484,MBBS (SSMC),SSMC
3525,1484,BCS (Health),Health
3526,1485,MBBS (DMC),DMC
3527,1485,BCS (Health),Health
3528,1485,FCPS (Skin & Sex),Skin & Sex
3529,1486,MBBS,
3530,1486,BCS (Health),Health
3531,1486,FCPS (Surgery),Surgery
3532,1487,MBBS,
3533,1487,BCS (Health),Health
3534,1487,MD (Cardiology) (NICVD),Cardiology
3535,1488,MBBS,
3536,1488,MS (Cardiovuscular & thoracic Surgery),Cardiovuscular & thoracic Surgery
3537,1489,MBBS (Dhaka),Dhaka
3538,1489,FCPS (Gynae & Obs),Gynae & Obs
3539,1490,MBBS,
3540,1491,MBBS,
3541,1491,BCS (Health),Health
3542,1491,FCPS (Medicine),Medicine
3543,1491,"FCPS (Cardiology, FP)","Cardiology, FP"
3544,1492,MBBS,
3545,1492,FCPS (Gyne & Obs),Gyne & Obs
3546,1493,MBBS (RPMC),RPMC
3547,1494,MBBS (Dhaka),Dhaka
3548,1494,FCPS (Gynae & Obs),Gynae & Obs
3549,1495,MBBS,
3550,1495,BCS (Health),Health
3551,1495,FCPS (Medicine),Medicine
3552,1496,MBBS (Dhaka),Dhaka
3553,1496,MS (Ortho),Ortho
3554,1496,FCPS (FP),FP
3555,1497,MBBS,
3556,1497,BCS (Health),Health
3557,1497,FCPS (Gynaecology & Obstetrics),Gynaecology & Obstetrics
3558,1498,MBBS (Dhaka),Dhaka
3559,1498,BCS (Health),Health
3560,1498,"FCPS (Medicine, FP)","Medicine, FP"
3561,1498,"MD (Cardiology, FP)","Cardiology, FP"
3562,1499,MBBS (Dhaka),Dhaka
3563,1499,D.DOS.H (C),C
3564,1500,MBBS,
3565,1500,FCPS (Physical Medicine),Physical Medicine
3566,1501,MBBS,
3567,1501,FCPS,
3568,1502,MBBS (Dhaka),Dhaka
3569,1502,BCS (Health),Health
3570,1503,MBBS,
3571,1503,BCS (Health),Health
3572,1503,FCPS (General Surgery),General Surgery
3573,1508,MBBS (SSMC),SSMC
3574,1508,"FCPS (Surgery, FP)","Surgery, FP"
3575,1509,MBBS (RU),RU
3576,1509,MS (Neurosurgery-Course),Neurosurgery-Course
3577,1510,MBBS,
3578,1510,MD (Paediatrics),Paediatrics
3579,1511,MBBS,
3580,1511,FCPS,
3581,1511,FRCP (UK),UK
3582,1512,MBBS,
3583,1512,PhD (Psychiatry),Psychiatry
3584,1513,MBBS,
3585,1513,BCS (Health),Health
3586,1513,MS (Ortho Surgery),Ortho Surgery
3587,1514,MBBS,
3588,1514,BCS (Health),Health
3589,1514,MD (Chest),Chest
3590,1515,MBBS,
3591,1515,FCPS (Child),Child
3592,1516,MBBS,
3593,1516,MS(Thoracic Surgery),Thoracic Surgery
3594,1517,MBBS,
3595,1517,FCPS(OBGYN),OBGYN
3596,1518,MBBS,
3597,1518,MS(Urology),Urology
3598,1519,MBBS(DMC),DMC
3599,1519,BCS(Health),Health
3600,1519,FCPS(Medicine),Medicine
3601,1519,MD(Cardiology),Cardiology
3602,1520,MBBS,
3603,1520,MD,
3604,1520,FRCP,
3605,1521,MBBS,
3606,1521,BCS (Health),Health
3607,1521,FCPS (Gynae & Obs),Gynae & Obs
3608,1522,MBBS (Dhaka),Dhaka
3609,1522,BCS (Health),Health
3610,1522,MD (Hepatology),Hepatology
3611,1523,MBBS,
3612,1523,BCS (Health),Health
3613,1523,MD (Medicine),Medicine
3614,1524,MBBS,
3615,1524,BCS (Health),Health
3616,1524,"FCPS (Medicine, FP)","Medicine, FP"
3617,1525,MBBS,
3618,1525,BCS (Health),Health
3619,1525,"MD (Cardiology, On course)","Cardiology, On course"
3620,1526,MBBS (Dhaka),Dhaka
3621,1526,BCS (Health),Health
3622,1526,Advanced Diploma in Medical Ultrasound. Formerly (Birdem),Birdem
3623,1527,MBBS,
3624,1528,MBBS,
3625,1529,MBBS,
3626,1530,MBBS,
3627,1531,MBBS,
3628,1531,MS (Ortho),Ortho
3629,1532,MBBS (CU),CU
3630,1532,FCPS (Surgery),Surgery
3631,1533,MBBS,
3632,1533,FCPS (Medicine),Medicine
3633,1533,BCS (Health),Health
3634,1534,MBBS (DU),DU
3635,1535,MBBS,
3636,1536,MBBS,
3637,1537,MBBS (SSMC),SSMC
3638,1537,BCS (Health),Health
3639,1537,FCPS (FP),FP
3640,1537,MD (Phase-B),Phase-B
3641,1538,MBBS,
3642,1538,BCS (Health),Health
3643,1539,MBBS,
3644,1539,BCS (Health),Health
3645,1539,FCPS (ENT),ENT
3646,1540,MBBS,
3647,1540,BCS (Health),Health
3648,1540,DEM (Endocrinology),Endocrinology
3649,1540,"FCPS (Medicine, FP)","Medicine, FP"
3650,1540,Endocrinologist,
3651,1541,MBBS,
3652,1541,BCS (Health),Health
3653,1541,FCPS (General Surgery),General Surgery
3654,1542,MBBS,
3655,1542,MD (Physical Medicine),Physical Medicine
3656,1543,MBBS,
3657,1543,BCS (Health),Health
3658,1543,FCPS(Medicine),Medicine
3659,1543,FCPS (Rheumatology),Rheumatology
3660,1544,MBBS,
3661,1544,MRCP (UK),UK
3662,1544,MRCP (EDIN),EDIN
3663,1545,MBBS,
3664,1545,BCS (Health),Health
3665,1545,MS (Urology),Urology
3666,1546,MBBS(DU),DU
3667,1546,FCPS (Surgery),Surgery
3668,1547,MBBS,
3669,1547,FCPS (Medicine),Medicine
3670,1548,MBBS,
3671,1548,FCPS,
3672,1549,MBBS,
3673,1549,MD(Cardiology),Cardiology
3674,1550,MBBS(Dhaka),Dhaka
3675,1550,MD(Pediatrics),Pediatrics
3676,1550,FCPS(Neonatology),Neonatology
3677,1551,MBBS MS (General Surgery,"General Surgery, BSMMU"
3678,1552,MBBS,
3679,1552,BCS (Health),Health
3680,1552,FCPS (Medicine),Medicine
3681,1552,FCPS (Gastroenterology),Gastroenterology
3682,1553,MBBS,
3683,1554,MBBS,
3684,1554,(DU) BCS (Health),DU
3685,1554,FCPS (ENT),ENT
3686,1555,MBBS,
3687,1555,FCPS (ENT & Head-Neck Surgery),ENT & Head-Neck Surgery
3688,1555,IFHNOS (MSKCC-USA),MSKCC-USA
3689,1556,MBBS,
3690,1556,FCPS,
3691,1557,MBBS,
3692,1558,MBBS,
3693,1558,MD (Neonatology),Neonatology
3694,1559,MBBS,
3695,1560,MBBS,
3696,1560,(DMC) BCS,DMC
3697,1560,MD,
3698,1561,MBBS (1st Position) Gold Medalist,1st Position
3699,1561,FCPS (Medicine),Medicine
3700,1561,FCPS (Cardiology),Cardiology
3701,1562,"MSc in Public Health (IMU, Malaysia)","IMU, Malaysia"
3702,1563,MBBS,
3703,1563,BCS (Health),Health
3704,1563,FCPS (Gynae & Obs),Gynae & Obs
3705,1563,MS (Gynae & Obs),Gynae & Obs
3706,1564,MBBS,
3707,1565,MBBS,
3708,1566,MBBS (DMC),DMC
3709,1566,BCS (Health),Health
3710,1566,FCPS (Medicine),Medicine
3711,1566,FCPS (Chest),Chest
3712,1567,MBBS,
3713,1567,BCS (Health),Health
3714,1568,MBBS,
3715,1569,MBBS,
3716,1569,MD (Internal Medicine),Internal Medicine
3717,1569,FMD (USTC),USTC
3718,1570,MBBS,
3719,1570,BCS (Health) FCPS (Obs & Gynae),Health
3720,1570,FCPS (Gynae Oncology),Gynae Oncology
3721,1571,MBBS(DMC),DMC
3722,1571,MD(Pediatric Gastroenterology),Pediatric Gastroenterology
3723,1572,PGT(Conservative Dentistry & OMS),Conservative Dentistry & OMS
3724,1573,PGT(Conservative Dentistry & Endodontics),Conservative Dentistry & Endodontics
3725,1574,MBBS(DMC),DMC
3726,1574,BCS(Health),Health
3727,1574,MD(Endocrinology),Endocrinology
3728,1574,Endocrinologist,
3729,1575,MBBS,
3730,1575,MD(Endocrinology),Endocrinology
3731,1575,Endocrinologist,
3732,1576,MBBS(DU),DU
3733,1576,MD(Endocrinology),Endocrinology
3734,1576,Endocrinologist,
3735,1577,MBBS,
3736,1577,BCS(Health),Health
3737,1577,MS(ENT),ENT
3738,1578,MBBS (Dhaka),Dhaka
3739,1578,BCS (Health),Health
3740,1579,MBBS (Dhaka),Dhaka
3741,1580,MBBS (DMC),DMC
3742,1580,C-Endos (Bardem),Bardem
3743,1580,FRSH (London),London
3744,1581,MBBS (Dhaka),Dhaka
3745,1581,MS (Urology),Urology
3746,1582,MBBS (DU),DU
3747,1583,MBBS,
3748,1584,MBBS,
3749,1585,MBBS,
3750,1585,BCS (Health),Health
3751,1585,FCPS (Gyne & Obs),Gyne & Obs
3752,1585,DMU,
3753,1586,MBBS,
3754,1586,MSc (SUB),SUB
3755,1587,MBBS,
3756,1587,MS (Pediatric Surgery),Pediatric Surgery
3757,1588,MBBS (SSMC),SSMC
3758,1588,BCS (Health),Health
3759,1588,FCPS (ENT),ENT
3760,1589,MBBS,
3761,1589,BCS (Health),Health
3762,1589,AFCPS (Gynaecology),Gynaecology
3763,1590,MBBS,
3764,1590,BCS (Health),Health
3765,1590,MD (Hepatology),Hepatology
3766,1591,MBBS,
3767,1591,BCS (Health),Health
3768,1591,FCPS (Medicine),Medicine
3769,1592,MBBS,
3770,1592,FCPS (Surgery),Surgery
3771,1593,MBBS,
3772,1593,BCS (Health),Health
3773,1593,MD (Neurology),Neurology
3774,1594,MBBS,
3775,1594,DO(DU),DU
3776,1594,FCPS(EYE),EYE
3777,1595,MBBS,
3778,1595,FCPS (OBGYN),OBGYN
3779,1596,MBBS,
3780,1596,BCS (Health),Health
3781,1596,FCPS (OBGYN),OBGYN
3782,1597,MBBS,
3783,1598,MBBS (DMC),DMC
3784,1598,FCPS (Medicine),Medicine
3785,1599,MBBS,
3786,1599,FCPS (Medicine),Medicine
3787,1600,MBBS,
3788,1600,FCPS(Medicine),Medicine
3789,1600,MD(Critical Care Medicine),Critical Care Medicine
3790,1601,MBBS,
3791,1601,FCPS(Medicine),Medicine
3792,1602,MBBS,
3793,1602,BCS(Health),Health
3794,1602,MD(Neurology),Neurology
3795,1603,MBBS(SSMC),SSMC
3796,1603,FCPS(ENT),ENT
3797,1604,MBBS,
3798,1604,FCPS(Medicine),Medicine
3799,1604,MD(Neuro Medicine),Neuro Medicine
3800,1605,MBBS,
3801,1605,MS(Pediatric Surgery),Pediatric Surgery
3802,1606,MBBS,
3803,1606,MD(Dermatology),Dermatology
3804,1606,FCPS,
3805,1606,FRCP(Glasgow),Glasgow
3806,1607,MBBS,
3807,1608,MBBS,
3808,1608,BCS(Health),Health
3809,1608,FCPS(Surgery),Surgery
3810,1608,MS(Colorectal Surgery),Colorectal Surgery
3811,1609,MBBS,
3812,1609,BCS(Health),Health
3813,1609,FCPS(Plastic Surgery),Plastic Surgery
3814,1609,MS(Thesis),Thesis
3815,1610,MBBS (SSMC),SSMC
3816,1610,BCS (Health),Health
3817,1610,MS (Surgical Oncology),Surgical Oncology
3818,1611,MBBS,
3819,1612,MBBS (Dhaka),Dhaka
3820,1612,FCPS (ENT),ENT
3821,1613,MBBS (Dhaka),Dhaka
3822,1613,BCS (Health),Health
3823,1613,MS (Plastic Surgery),Plastic Surgery
3824,1614,MBBS,
3825,1614,BCS (Health),Health
3826,1614,FCPS (Surgery),Surgery
3827,1614,MS (Urology),Urology
3828,1615,MBBS,
3829,1615,BCS (Health),Health
3830,1615,FCPS (Surgery),Surgery
3831,1615,MS (Urology),Urology
3832,1616,MBBS,
3833,1616,MS (Urology),Urology
3834,1616,PhD (Urology),Urology
3835,1617,MBBS,
3836,1617,MS (Urology),Urology
3837,1617,FCPS (Surgery),Surgery
3838,1618,MBBS,
3839,1618,FCPS (Surgery),Surgery
3840,1618,MS (Surgery),Surgery
3841,1619,MBBS,
3842,1619,BCS (Health),Health
3843,1619,FCPS (Dermatology & Venereology),Dermatology & Venereology
3844,1620,MBBS,
3845,1620,BCS (Health),Health
3846,1620,MD (Sex & Skin),Sex & Skin
3847,1621,MBBS,
3848,1621,BCS (Health),Health
3849,1621,FCPS (Physical Medicine),Physical Medicine
3850,1622,MBBS,
3851,1622,FCPS (Physical Medicine),Physical Medicine
3852,1623,MBBS,
3853,1623,FCPS(Medicine),Medicine
3854,1623,FRCP(UK),UK
3855,1624,MBBS,
3856,1624,BCS(Health),Health
3857,1624,FCPS(Medicine),Medicine
3858,1624,FCPS(Gastroenterology),Gastroenterology
3859,1625,MBBS,
3860,1625,MD(Nephrology),Nephrology
3861,1626,MBBS,
3862,1626,BCS(Health),Health
3863,1626,FCPS(OBGYN),OBGYN
3864,1627,MBBS,
3865,1627,BCS(Health),Health
3866,1627,FCPS(Obs & Gynae),Obs & Gynae
3867,1628,MBBS,
3868,1628,BCS(Health),Health
3869,1628,MS(Ortho Surgery),Ortho Surgery
3870,1629,MBBS,
3871,1629,MS(Ortho),Ortho
3872,1630,MBBS,
3873,1630,MD(Internal Medicine),Internal Medicine
3874,1631,MBBS,
3875,1631,FCPS(Hematology),Hematology
3876,1632,MBBS,
3877,1633,MBBS,
3878,1634,MBBS,
3879,1634,MD(Radiology & Imaging),Radiology & Imaging
3880,1635,MBBS,
3881,1636,MBBS,
3882,1636,MD (Endocrinology),Endocrinology
3883,1636,Endocrinologist,
3884,1637,MBBS (Dhaka),Dhaka
3885,1637,FCPS (Medicine),Medicine
3886,1638,MBBS,
3887,1638,FCPS (Medicine),Medicine
3888,1638,FRCP (UK),UK
3889,1639,MBBS,
3890,1639,MD (Radiotherapy),Radiotherapy
3891,1640,MBBS (Dhaka),Dhaka
3892,1640,MD (Cardiology),Cardiology
3893,1641,MBBS,
3894,1641,MD (Cardiology),Cardiology
3895,1641,FRCP (UK),UK
3896,1642,MBBS,
3897,1642,FCPS (BD),BD
3898,1642,FCPS (PK) FRCP (UK),PK
3899,1643,MBBS,
3900,1643,MD (Cardiology),Cardiology
3901,1644,MBBS,
3902,1644,MD (Cardiology),Cardiology
3903,1645,MBBS,
3904,1645,BCS (Health),Health
3905,1645,MD (Cardiology),Cardiology
3906,1646,MBBS (Dhaka),Dhaka
3907,1647,MBBS,
3908,1647,MD (Chest Diseases),Chest Diseases
3909,1648,MBBS,
3910,1648,FCPS (Medicine),Medicine
3911,1648,MD (Chest Diseases),Chest Diseases
3912,1649,MBBS,
3913,1649,FCPS (Surgery),Surgery
3914,1649,MS (Pediatric Surgery),Pediatric Surgery
3915,1650,MBBS,
3916,1650,BCS (Health),Health
3917,1650,MS (ORTHO),ORTHO
3918,1651,MBBS,
3919,1651,BCS (Health),Health
3920,1651,MS (ORTHO),ORTHO
3921,1652,MBBS,
3922,1652,BCS (Health),Health
3923,1652,MS (Ortho Surgery),Ortho Surgery
3924,1653,MBBS,
3925,1653,MS (Ortho Surgery),Ortho Surgery
3926,1654,MBBS,
3927,1654,BCS (Health),Health
3928,1654,FCPS (Ortho Surgery),Ortho Surgery
3929,1655,MBBS,
3930,1655,MS (ORTHO),ORTHO
3931,1656,MBBS (DMC),DMC
3932,1656,MS (Neurosurgery),Neurosurgery
3933,1656,BCS (Health),Health
3934,1657,MBBS,
3935,1657,BCS (Health),Health
3936,1657,FCPS (Neurosurgery),Neurosurgery
3937,1657,MS (Neurosurgery),Neurosurgery
3938,1658,MBBS,
3939,1658,PhD (Neurosurgery),Neurosurgery
3940,1659,MBBS,
3941,1659,BCS (Health),Health
3942,1659,MD (Neuromedicine),Neuromedicine
3943,1660,MBBS,
3944,1660,BCS (Health),Health
3945,1660,MD (Neuromedicine),Neuromedicine
3946,1661,MBBS,
3947,1661,MD (Neuromedicine),Neuromedicine
3948,1662,MBBS,
3949,1662,BCS (Health),Health
3950,1662,MD (Neurology),Neurology
3951,1663,MBBS,
3952,1663,MD (Neurology),Neurology
3953,1664,MBBS,
3954,1664,MD (Neuromedicine),Neuromedicine
3955,1665,MBBS,
3956,1665,MD (Neurology),Neurology
3957,1666,MBBS,
3958,1666,MD (Neurology),Neurology
3959,1667,MBBS,
3960,1667,BCS (Health),Health
3961,1667,FCPS (Medicine),Medicine
3962,1668,MBBS,
3963,1668,FCPS (Medicine),Medicine
3964,1669,MBBS,
3965,1669,FCPS (Child),Child
3966,1670,MBBS,
3967,1670,FCPS (Pediatrics),Pediatrics
3968,1670,FRCP,
3969,1671,MBBS,
3970,1671,FCPS,
3971,1672,MBBS,
3972,1672,FCPS (pediatrics),pediatrics
3973,1673,MBBS,
3974,1673,FCPS (CHILD),CHILD
3975,1674,MBBS,
3976,1674,FCPS (pediatrics),pediatrics
3977,1675,MBBS,
3978,1675,FCPS (pediatrics),pediatrics
3979,1676,MBBS (DMC),DMC
3980,1677,MBBS,
3981,1677,MS (ENT),ENT
3982,1677,FCPS (ENT),ENT
3983,1678,MBBS,
3984,1678,MS in ENT,
3985,1679,MBBS,
3986,1679,FCPS (ENT),ENT
3987,1680,MBBS,
3988,1681,MBBS,
3989,1681,FCPS (BD),BD
3990,1681,MS (EYE),EYE
3991,1681,FCPS (PK),PK
3992,1682,MBBS (DMC),DMC
3993,1682,FCPS (OBGYN),OBGYN
3994,1683,MBBS,
3995,1683,FCPS (OBGYN),OBGYN
3996,1684,MBBS,
3997,1684,FCPS (OBGYN),OBGYN
3998,1685,MBBS (DMC),DMC
3999,1685,FCPS (OBGYN),OBGYN
4000,1686,MBBS,
4001,1686,FCPS (OBGYN),OBGYN
4002,1686,MS (OBGYN),OBGYN
4003,1687,MBBS,
4004,1687,BCS (Health),Health
4005,1687,FCPS (Medicine),Medicine
4006,1688,MBBS,
4007,1688,FCPS (Medicine),Medicine
4008,1689,MBBS,
4009,1689,BCS (Health),Health
4010,1689,MD (Internal Medicine),Internal Medicine
4011,1690,MBBS,
4012,1690,FCPS (Medicine),Medicine
4013,1690,MRCP (UK),UK
4014,1691,MBBS,
4015,1691,BCS (Health),Health
4016,1691,FCPS (Medicine),Medicine
4017,1692,MBBS,
4018,1692,BCS (Health),Health
4019,1692,MD (Internal Medicine),Internal Medicine
4020,1693,MBBS,
4021,1693,MD (Internal Medicine) BSMMU,Internal Medicine
4022,1694,MBBS (DMC),DMC
4023,1694,FCPS (Medicine),Medicine
4024,1695,MBBS (DMC),DMC
4025,1695,FCPS (Medicine),Medicine
4026,1696,MBBS,
4027,1696,BCS (Health),Health
4028,1696,MD (Internal Medicine),Internal Medicine
4029,1697,MBBS,
4030,1697,FCPS (Medicine),Medicine
4031,1698,MBBS,
4032,1698,FCPS (Medicine),Medicine
4033,1699,MBBS,
4034,1699,BCS (Health),Health
4035,1699,FCPS (Medicine),Medicine
4036,1699,MRCP (UK),UK
4037,1699,MRCP,
4038,1700,MBBS,
4039,1700,BCS (Health),Health
4040,1700,FCPS (Medicine),Medicine
4041,1700,MD (Internal Medicine),Internal Medicine
4042,1701,MBBS,
4043,1701,FCPS (Medicine),Medicine
4044,1702,MBBS,
4045,1702,BCS (Health),Health
4046,1702,MD (Nephrology),Nephrology
4047,1703,MBBS,
4048,1703,MD (Nephrology),Nephrology
4049,1704,MBBS (DMC),DMC
4050,1704,BCS (Health),Health
4051,1704,MD (Hepatology),Hepatology
4052,1704,MRCPS (Glasg),Glasg
4053,1705,MBBS,
4054,1705,BCS (Health),Health
4055,1705,MD (Hepatology),Hepatology
4056,1706,MBBS,
4057,1706,MD (Hepatology),Hepatology
4058,1706,PhD,
4059,1707,MBBS,
4060,1707,FCPS (OBGYN),OBGYN
4061,1708,MBBS (DMC),DMC
4062,1708,MD (Hepatology),Hepatology
4063,1709,MBBS (DMC),DMC
4064,1709,FCPS (OBGYN),OBGYN
4065,1710,MBBS,
4066,1710,MSc (Singapore),Singapore
4067,1711,MBBS,
4068,1711,FCPS (OBGYN),OBGYN
4069,1712,MBBS,
4070,1712,MD (Nephrology),Nephrology
4071,1713,MBBS,
4072,1713,MS,
4073,1714,MBBS,
4074,1714,FCPS (Medicine),Medicine
4075,1714,MD (Rheumatology),Rheumatology
4076,1715,MBBS (DU),DU
4077,1715,MRCP (UK),UK
4078,1716,MBBS,
4079,1716,FCPS (Medicine),Medicine
4080,1717,MBBS,
4081,1717,FCPS (Medicine),Medicine
4082,1717,MD (DU),DU
4083,1717,PhD (Research),Research
4084,1718,MBBS,
4085,1718,MD,
4086,1719,MBBS (RMC),RMC
4087,1719,BCS (Health),Health
4088,1719,FCPS (Hematology),Hematology
4089,1720,MBBS (RMC),RMC
4090,1720,FCPS (Hematology),Hematology
4091,1721,MBBS,
4092,1721,BCS (Health),Health
4093,1721,FCPS (OBGYN),OBGYN
4094,1722,MBBS,
4095,1722,FCPS (OBGYN),OBGYN
4096,1723,MBBS,
4097,1723,BCS (Health),Health
4098,1723,FCPS (Gynae & Obs),Gynae & Obs
4099,1724,MBBS (RMC),RMC
4100,1724,BCS (Health),Health
4101,1724,FCPS (OBGYN),OBGYN
4102,1725,MBBS,
4103,1726,MBBS,
4104,1726,BCS (Health),Health
4105,1726,FCPS (OBGYN),OBGYN
4106,1727,MBBS,
4107,1727,FCPS (OBGYN),OBGYN
4108,1728,MBBS,
4109,1728,FCPS (OBGYN),OBGYN
4110,1729,MBBS,
4111,1729,FCPS (OBGYN),OBGYN
4112,1730,MBBS (DMC),DMC
4113,1730,FCPS (OBGYN),OBGYN
4114,1731,MBBS,
4115,1731,FCPS (OBGYN),OBGYN
4116,1732,MBBS,
4117,1732,BCS (Health),Health
4118,1732,MD (Gastroenterology),Gastroenterology
4119,1733,MBBS,
4120,1733,MD (Gastroenterology),Gastroenterology
4121,1734,MBBS,
4122,1734,MD (Gastroenterology),Gastroenterology
4123,1735,MBBS,
4124,1735,BCS (Health),Health
4125,1735,FCPS,
4126,1735,MD (Gastroenterology),Gastroenterology
4127,1735,MRCP (UK),UK
4128,1735,PhD,
4129,1736,MBBS,
4130,1736,BCS (Health),Health
4131,1736,FCPS (ENT),ENT
4132,1736,MS (ENT),ENT
4133,1737,MBBS,
4134,1737,BCS (Health),Health
4135,1737,FCPS (ENT),ENT
4136,1738,MBBS,
4137,1738,FCPS (ENT),ENT
4138,1739,MBBS,
4139,1739,FCPS (ENT),ENT
4140,1740,MBBS,
4141,1740,BCS (Health),Health
4142,1740,FCPS (ENT),ENT
4143,1741,MBBS,
4144,1741,MS (Neuro Surgery),Neuro Surgery
4145,1742,MBBS,
4146,1742,MS (Orthopedics),Orthopedics
4147,1743,MBBS (SSMC),SSMC
4148,1743,MS (ORTHO),ORTHO
4149,1744,MBBS,
4150,1744,FCPS (Psychiatry),Psychiatry
4151,1745,MBBS,
4152,1745,MPhil MSc (Rheumatology) PhD,Rheumatology
4153,1746,MBBS,
4154,1746,FCPS (Medicine),Medicine
4155,1747,MBBS.,
4156,1747,FCPS,
4157,1748,MBBS,
4158,1748,FCPS,
4159,1749,MBBS,
4160,1750,MBBS,
4161,1751,MBBS,
4162,1751,FCPS (Surgery),Surgery
4163,1752,MBBS,
4164,1752,FCPS (Surgery),Surgery
4165,1753,MBBS,
4166,1753,FCPS (Surgery),Surgery
4167,1754,MBBS (Dhaka),Dhaka
4168,1754,BCS (Health),Health
4169,1754,FCPS (ENT),ENT
4170,1755,MBBS,
4171,1755,MD (Endocrinology),Endocrinology
4172,1755,Endocrinologist,
4173,1756,MBBS,
4174,1756,BCS (Health),Health
4175,1756,MD (Endocrinology),Endocrinology
4176,1756,Endocrinologist,
4177,1757,MBBS,
4178,1757,FCPS (Surgery),Surgery
4179,1757,MS (Colorectal Surgery),Colorectal Surgery
4180,1758,MBBS,
4181,1758,MD (CHILD),CHILD
4182,1759,MBBS,
4183,1759,BCS (Health),Health
4184,1759,MD (CHILD),CHILD
4185,1760,MBBS,
4186,1760,FCPS (CHILD),CHILD
4187,1761,MBBS,
4188,1761,FCPS (Pediatrics),Pediatrics
4189,1762,MBBS,
4190,1762,MD (CHEST),CHEST
4191,1763,MBBS,
4192,1763,BCS (Health),Health
4193,1763,MD (Chest Diseases),Chest Diseases
4194,1764,MBBS,
4195,1764,BCS (Health),Health
4196,1764,FCPS (Medicine),Medicine
4197,1764,MD (Chest Diseases),Chest Diseases
4198,1765,MBBS (DMC),DMC
4199,1765,FCPS (Medicine),Medicine
4200,1765,MD (CHEST),CHEST
4201,1766,MBBS,
4202,1766,MD (CHEST),CHEST
4203,1767,MBBS (DMC),DMC
4204,1767,MD (Cardiology),Cardiology
4205,1768,MBBS,
4206,1768,BCS (Health),Health
4207,1768,MD (Cardiology),Cardiology
4208,1769,MBBS,
4209,1769,BCS (Health),Health
4210,1769,MD (Cardiology),Cardiology
4211,1770,MBBS,
4212,1770,BCS (Health),Health
4213,1770,MD (Cardiology),Cardiology
4214,1771,MBBS,
4215,1771,FCPS (Medicine),Medicine
4216,1771,MD (Cardiology),Cardiology
4217,1772,MBBS (DMC),DMC
4218,1772,BCS (Health),Health
4219,1772,MD (Oncology),Oncology
4220,1773,MBBS,
4221,1773,FCPS (Radiotherapy),Radiotherapy
4222,1774,MBBS (DMC),DMC
4223,1774,FCPS (Surgery),Surgery
4224,1775,MBBS,
4225,1775,FCPS (Surgery),Surgery
4226,1775,MS (Urology),Urology
4227,1776,MBBS,
4228,1776,FCPS(Pediatrics),Pediatrics
4229,1776,MD(Pediatric Gastroenterology),Pediatric Gastroenterology
4230,1777,MBBS,
4231,1777,BCS(Health),Health
4232,1777,FCPS(Surgery),Surgery
4233,1777,MS(ORTHO),ORTHO
4234,1778,MBBS,
4235,1778,MD(Chest Diseases),Chest Diseases
4236,1779,MBBS,
4237,1779,FCPS(Anesthesiology),Anesthesiology
4238,1780,MBBS,
4239,1780,FCPS(Anesthesiology),Anesthesiology
4240,1781,MBBS(DMC),DMC
4241,1781,FCPS(Surgery),Surgery
4242,1781,MS(Surgical Oncology),Surgical Oncology
4243,1782,MBBS,
4244,1782,FCPS(Medicine),Medicine
4245,1782,MD(Cardiology),Cardiology
4246,1783,MBBS,
4247,1783,FCPS,
4248,1783,MD,
4249,1784,MBBS,
4250,1785,MBBS (Dhaka),Dhaka
4251,1785,"MD (Child Health, DU)","Child Health, DU"
4252,1786,MBBS,
4253,1786,MRCP (UK),UK
4254,1786,MRCP (Ireland),Ireland
4255,1787,MBBS,
4256,1787,FCPS(Medicine),Medicine
4257,1787,MD(Cardiology),Cardiology
4258,1788,MBBS,
4259,1788,FCPS,
4260,1788,MD,
4261,1789,MBBS,
4262,1789,FCPS(Medicine),Medicine
4263,1789,MD(Chest Diseases),Chest Diseases
4264,1790,MBBS,
4265,1790,FCPS (Gynae & Obs.),Gynae & Obs.
4266,1791,MBBS,
4267,1791,MD (India),India
4268,1791,FRSH (London),London
4269,1792,MBBS,
4270,1792,FCPS,
4271,1793,MBBS,
4272,1794,MBBS (Dhaka),Dhaka
4273,1794,FCPS (Obs & Gynae),Obs & Gynae
4274,1795,MS (Food and Nutrition),Food and Nutrition
4275,1796,MBBS,
4276,1796,BCS (Health),Health
4277,1797,MBBS (DMC),DMC
4278,1797,BCS (Health),Health
4279,1797,FCPS (Dermatology & Venereology),Dermatology & Venereology
4280,1798,MBBS,
4281,1798,BCS,
4282,1799,MBBS,
4283,1799,BCS (Health),Health
4284,1799,FCPS,
4285,1799,MS Phase- B (Plastic Surgery),Plastic Surgery
4286,1800,MBBS,
4287,1800,FCPS (Skin & VD),Skin & VD
4288,1801,MBBS,
4289,1801,FCPS (Dermatology),Dermatology
4290,1802,MBBS,
4291,1802,MCPS FCPS,
4292,1802,"FRCP (Glasgow, UK)","Glasgow, UK"
4293,1803,MBBS,
4294,1803,BCS(Health),Health
4295,1803,MD(Chest Diseases),Chest Diseases
4296,1804,MBBS(DCH),DCH
4297,1804,FCPS(Pediatrics),Pediatrics
4298,1804,MD(Neonatology),Neonatology
4299,1805,MBBS ( CU ), CU 
4300,1806,MBBS,
4301,1806,FCPS (ENT),ENT
4302,1807,MBBS (DMC),DMC
4303,1807,DMU (BSU),BSU
4304,1808,MBBS (Dhaka),Dhaka
4305,1809,MBBS (DMC),DMC
4306,1809,MS (Ortho),Ortho
4307,1809,BCS (Health),Health
4308,1810,MBBS,
4309,1810,MS (Ophthalmology),Ophthalmology
4310,1811,MBBS,
4311,1811,FCPS,
4312,1812,MBBS,
4313,1812,FCPS,
4314,1813,MBBS,
4315,1813,MRCP,
4316,1814,MBBS,
4317,1814,MD (Cardiology),Cardiology
4318,1815,MBBS,
4319,1815,MS (Ortho),Ortho
4320,1816,MBBS,
4321,1817,MBBS,
4322,1817,FCPS (Surgery),Surgery
4323,1818,MBBS,
4324,1818,MS,
4325,1819,MBBS,
4326,1819,MD,
4327,1820,MBBS,
4328,1820,FCPS (Gynae & Obs),Gynae & Obs
4329,1821,MBBS,
4330,1821,MS (Gynae),Gynae
4331,1821,FCPS,
4332,1822,MBBS,
4333,1822,MS,
4334,1822,PhD (Urology),Urology
4335,1823,MBBS(DMC),DMC
4336,1823,FCPS(Pediatrics),Pediatrics
4337,1825,MBBS(DMC),DMC
4338,1825,MD(Endocrinology),Endocrinology
4339,1825,Endocrinologist,
4340,1826,MBBS(DU),DU
4341,1826,Endocrinologist,
4342,1827,MBBS,
4343,1827,Endocrinologist,
4344,1828,MBBS(DU),DU
4345,1828,Endocrinologist,
4346,1829,MBBS(DU),DU
4347,1829,Endocrinologist,
4348,1830,MBBS (Dhaka),Dhaka
4349,1830,MD,
4350,1831,MBBS,
4351,1831,MD (Anesthesia),Anesthesia
4352,1832,MBBS,
4353,1832,FCPS (Medicine),Medicine
4354,1832,MD (Neurology),Neurology
4355,1833,MBBS,
4356,1834,MBBS,
4357,1835,MBBS,
4358,1836,MBBS (DMC),DMC
4359,1836,BCS (Health),Health
4360,1837,MBBS,
4361,1837,BCS (Health),Health
4362,1837,FCPS (Child),Child
4363,1838,MBBS (Dhaka),Dhaka
4364,1838,BCS (Health),Health
4365,1838,FCPS (Child),Child
4366,1839,MBBS,
4367,1839,BCS (Health),Health
4368,1839,FCPS (Child),Child
4369,1840,MBBS,
4370,1840,FCPS (Gynae & Obs),Gynae & Obs
4371,1841,MSc (Food & Nutrition Science),Food & Nutrition Science
4372,1842,MBBS,
4373,1842,DMU,
4374,1843,MBBS,
4375,1843,MS (Surgery),Surgery
4376,1844,MBBS,
4377,1844,BCS (Health),Health
4378,1844,FCPS (Blood Disorders),Blood Disorders
4379,1845,MBBS (Dhaka),Dhaka
4380,1845,BCS (Health),Health
4381,1846,MBBS,
4382,1846,BCS(Health),Health
4383,1846,FCPS(ENT),ENT
4384,1847,MBBS,
4385,1847,FCPS(ENT),ENT
4386,1847,MS(ENT),ENT
4387,1850,MBBS (DU),DU
4388,1851,MBBS,
4389,1851,FCPS(EYE),EYE
4390,1851,MS(EYE),EYE
4391,1852,MBBS,
4392,1852,DO(DU),DU
4393,1853,MBBS,
4394,1853,FCPS(Cardiology),Cardiology
4395,1854,MBBS,
4396,1854,BCS(Health),Health
4397,1854,MD(Pulmonology),Pulmonology
4398,1855,MBBS,
4399,1855,FCPS(Medicine),Medicine
4400,1855,MD(Gastroenterology),Gastroenterology
4401,1856,MBBS,
4402,1856,BCS(Health),Health
4403,1856,MD(Gastro),Gastro
4404,1856,MRCPS(Glasgow),Glasgow
4405,1857,MBBS,
4406,1857,FCPS(Medicine),Medicine
4407,1858,MBBS,
4408,1858,BCS(Health),Health
4409,1858,FCPS(Medicine),Medicine
4410,1859,MBBS,
4411,1859,BCS(Health),Health
4412,1859,FCPS(Medicine),Medicine
4413,1859,MRCP(Paces)(USA),Paces
4414,1860,MBBS(DMC),DMC
4415,1860,FCPS(Medicine),Medicine
4416,1860,MD(Rheumatology),Rheumatology
4417,1861,MBBS(DU),DU
4418,1861,MS(EYE),EYE
4419,1862,MBBS,
4420,1862,FCPS(Surgery),Surgery
4421,1863,MBBS(CMC),CMC
4422,1863,BCS(Health),Health
4423,1863,FCPS(Surgery),Surgery
4424,1863,MS(Surgical Oncology),Surgical Oncology
4425,1864,MBBS,
4426,1864,BCS(Health),Health
4427,1864,MD(Psychiatry),Psychiatry
4428,1865,MBBS,
4429,1865,FCPS,
4430,1866,MBBS,
4431,1866,DMRD,
4432,1867,MBBS,
4433,1867,Phd,
4434,1868,MBBS(SZMC),SZMC
4435,1868,MD,
4436,1869,MBBS,
4437,1869,FCPS (ENT & HNS),ENT & HNS
4438,1870,MBBS,
4439,1870,FCPS (OBGYN),OBGYN
4440,1871,MBBS (SSMC),SSMC
4441,1871,FCPS (Medicine),Medicine
4442,1871,FCPS (Endocrinology and Metabolism),Endocrinology and Metabolism
4443,1871,Endocrinologist,
4444,1872,MBBS,
4445,1872,BCS (Health),Health
4446,1872,FCPS (Medicine),Medicine
4447,1873,MBBS,
4448,1873,FCPS (Cardiology),Cardiology
4449,1873,MRCP UK (Medicine),Medicine
4450,1874,MBBS,
4451,1874,BCS (Health),Health
4452,1874,FCPS (Medicine),Medicine
4453,1875,MBBS,
4454,1875,FCPS (Gyne & Obs),Gyne & Obs
4455,1876,MBBS,
4456,1876,BCS (Health),Health
4457,1876,FCPS (GYNE & OBS),GYNE & OBS
4458,1876,MS (Gyne & obs),Gyne & obs
4459,1877,MBBS,
4460,1878,MBBS,
4461,1878,FCPS (Medicine),Medicine
4462,1878,FCPS,
4463,1878,Endocrinologist,
4464,1879,MBBS,
4465,1880,MBBS,
4466,1880,BCS (Health),Health
4467,1880,MS (Urology),Urology
4468,1881,MBBS,
4469,1881,MD(Hematology),Hematology
4470,1882,MBBS,
4471,1883,MBBS,
4472,1884,MBBS,
4473,1885,MBBS,
4474,1886,MBBS,
4475,1886,FCPS(Obs & Gynae),Obs & Gynae
4476,1887,MBBS,
4477,1887,BCS(Health),Health
4478,1887,FCPS(OBGYN),OBGYN
4479,1887,MS(OBGYN),OBGYN
4480,1888,MBBS,
4481,1888,BCS(Health),Health
4482,1888,FCPS(OBGYN),OBGYN
4483,1889,MBBS,
4484,1889,FCPS,
4485,1890,MBBS,
4486,1891,MBBS,
4487,1891,BCS (Health),Health
4488,1891,MD (Child),Child
4489,1892,MBBS,
4490,1892,BCS (Health),Health
4491,1892,MD (Cardiology),Cardiology
4492,1892,MRCP (UK),UK
4493,1893,MBBS,
4494,1893,BCS (Health),Health
4495,1893,MD (Gastroenterology),Gastroenterology
4496,1893,FCPS (Medicine),Medicine
4497,1894,MBBS,
4498,1894,BCS (Health),Health
4499,1894,MRCP,
4500,1894,MD,
4501,1895,MBBS,
4502,1896,MBBS,
4503,1896,MD (Medicine). PhD,Medicine
4504,1896,MRCP (London),London
4505,1897,MBBS (DU),DU
4506,1898,MBBS,
4507,1899,MBBS,
4508,1899,Endocrinologist,
4509,1900,MBBS,
4510,1900,MD,
4511,1900,Endocrinologist,
4512,1901,MBBS,
4513,1902,MBBS,
4514,1903,MBBS,
4515,1903,BCS (Health),Health
4516,1903,MS (ENT),ENT
4517,1904,MBBS,
4518,1905,MBBS (Dhaka),Dhaka
4519,1905,BCS (Health),Health
4520,1905,FCPS (Surgery),Surgery
4521,1906,MBBS,
4522,1906,MD,
4523,1907,MBBS,
4524,1908,MBBS,
4525,1908,FCPS(Gynae & Obs),Gynae & Obs
4526,1909,MBBS,
4527,1909,BCS(Health) DGO,Health
4528,1909,FCPS(Gynae),Gynae
4529,1910,MBBS,
4530,1910,BCS(Health),Health
4531,1910,MD(Neurology),Neurology
4532,1911,MBBS,
4533,1911,MD(Nephrology),Nephrology
4534,1912,MBBS,
4535,1912,MD(Nephrology),Nephrology
4536,1913,MBBS,
4537,1913,Endocrinologist,
4538,1914,MBBS(DMC),DMC
4539,1914,FCPS(Surgery),Surgery
4540,1914,MS(Plastic Surgery),Plastic Surgery
4541,1915,MBBS,
4542,1915,MS(Pediatric Surgery),Pediatric Surgery
4543,1916,MBBS (Dhaka),Dhaka
4544,1916,FCPS (Gyne & Obs),Gyne & Obs
4545,1917,MBBS,
4546,1918,MBBS,
4547,1919,MBBS,
4548,1919,FCPS,
4549,1920,MBBS(DMC),DMC
4550,1920,FRCOG(London),London
4551,1920,PhD (DU),DU
4552,1921,MBBS,
4553,1922,MBBS,
4554,1922,FCPS (Child),Child
4555,1923,MBBS,
4556,1923,BCS (Health),Health
4557,1923,FCPS (Surgery),Surgery
4558,1923,MS (Urology),Urology
4559,1924,MBBS (Dhaka),Dhaka
4560,1924,BCS (Health),Health
4561,1924,MS (Urology),Urology
4562,1925,MBBS,
4563,1926,MBBS (Dhaka),Dhaka
4564,1926,MS (Ortho),Ortho
4565,1927,MBBS,
4566,1927,BCS,
4567,1927,FCPS (Ortho),Ortho
4568,1928,MBBS (Dhaka),Dhaka
4569,1928,BCS (Health),Health
4570,1929,MBBS,
4571,1929,MD (Japan),Japan
4572,1929,PhD (Japan),Japan
4573,1931,MBBS,
4574,1932,MBBS,
4575,1932,MD(Skin & Sex),Skin & Sex
4576,1933,MBBS,
4577,1933,FCPS(SKIN & VD),SKIN & VD
4578,1934,MBBS,
4579,1934,MD(Dhermatology & Venerology),Dhermatology & Venerology
4580,1935,MBBS,
4581,1935,BCS(Health),Health
4582,1935,MS(Ortho-Surgery),Ortho-Surgery
4583,1936,MBBS,
4584,1936,FCPS(EYE),EYE
4585,1937,MBBS(DMC),DMC
4586,1937,BCS(Health),Health
4587,1937,MS(Ophth),Ophth
4588,1938,MS,
4589,1938,FCPS,
4590,1938,FRSH (London),London
4591,1939,Phd(Japan),Japan
4592,1939,FRSPH(London),London
4593,1940,FCPS(Final Part),Final Part
4594,1942,MBBS,
4595,1942,FCPS(Physical Medicine),Physical Medicine
4596,1943,MBBS,
4597,1943,BCS(Health),Health
4598,1943,FCPS(Surgery),Surgery
4599,1943,MS(Colorectal surgery),Colorectal surgery
4600,1944,MBBS,
4601,1944,BCS (Health),Health
4602,1944,MS (Neurosurgery),Neurosurgery
4603,1945,MBBS,
4604,1945,BCS (Health),Health
4605,1945,MD (Neurology),Neurology
4606,1946,MBBS,
4607,1946,MRCP (UK),UK
4608,1946,MD (Neurology),Neurology
4609,1947,MBBS (AFMC),AFMC
4610,1947,MD (Nephrology),Nephrology
4611,1948,MBBS (DMC),DMC
4612,1948,MD (Nephrology) BSMMU,Nephrology
4613,1949,MBBS,
4614,1949,MD (Pulmonology),Pulmonology
4615,1950,MBBS (DU),DU
4616,1950,FCPS (Medicine),Medicine
4617,1951,MBBS (DU),DU
4618,1951,MRCP (UK),UK
4619,1952,MBBS (Dhaka),Dhaka
4620,1952,FCPS (Medicine),Medicine
4621,1952,FCPS (Gastroenterology),Gastroenterology
4622,1953,MBBS,
4623,1953,FCPS (Medicine),Medicine
4624,1954,MBBS,
4625,1954,MD (Nephrology),Nephrology
4626,1955,MBBS,
4627,1955,FCPS (Medicine),Medicine
4628,1955,MD (Nephrology),Nephrology
4629,1956,MBBS (Dhaka),Dhaka
4630,1956,FCPS (Gynae & Obs),Gynae & Obs
4631,1957,MBBS,
4632,1957,FCPS (Obs and Gynecology),Obs and Gynecology
4633,1958,MBBS (Dhaka),Dhaka
4634,1958,BCS (Health),Health
4635,1958,MS (Gynae & Obs),Gynae & Obs
4636,1959,MBBS,
4637,1960,MBBS,
4638,1960,FCPS (Gynae & Ops),Gynae & Ops
4639,1961,MBBS (Dhaka),Dhaka
4640,1962,MBBS,
4641,1962,FCPS (Gyane & Obst),Gyane & Obst
4642,1962,DMU,
4643,1963,MBBS,
4644,1963,FCPS (Obs & Gynae),Obs & Gynae
4645,1964,MBBS,
4646,1964,BCS (Health),Health
4647,1964,FCPS (Gyne & Obs),Gyne & Obs
4648,1965,MBBS,
4649,1965,(DMC),DMC
4650,1965,FCPS (Gyane & Obs),Gyane & Obs
4651,1966,MBBS,
4652,1966,FCPS,
4653,1967,MBBS,
4654,1967,FCPS (Surgery),Surgery
4655,1968,MBBS,
4656,1968,FCPS (Surgery),Surgery
4657,1969,MBBS (DMC),DMC
4658,1969,BCS (Health),Health
4659,1969,FCPS (Surgery),Surgery
4660,1970,MBBS,
4661,1970,BCS (Health),Health
4662,1970,FCPS (Surgery),Surgery
4663,1971,MBBS,
4664,1971,MD (USSR),USSR
4665,1971,FCPS (FEAC),FEAC
4666,1972,MBBS,
4667,1972,FCPS,
4668,1973,MBBS,
4669,1973,FCPS,
4670,1974,MBBS,
4671,1974,MS (Colorectal Surgery),Colorectal Surgery
4672,1974,BCS (Health),Health
4673,1975,MBBS (Dhaka),Dhaka
4674,1975,MS (Ophthalmology),Ophthalmology
4675,1975,BCS (Health),Health
4676,1976,MBBS,
4677,1976,DO (BSMMU),BSMMU
4678,1976,FCPS (P-II),P-II
4679,1977,MBBS,
4680,1977,DO,
4681,1978,MBBS (Dhaka),Dhaka
4682,1978,DO (DU),DU
4683,1978,MS (Eye),Eye
4684,1979,MBBS,
4685,1980,MBBS,
4686,1980,MS (ENT),ENT
4687,1981,MBBS,
4688,1981,MD (Endocrinology) BIRDEM,Endocrinology
4689,1982,MBBS,
4690,1983,MBBS,
4691,1983,FCPS (Final Part),Final Part
4692,1984,FCPS (Oral & Maxillofacial Surgery),Oral & Maxillofacial Surgery
4693,1984,Diploma in Oral & Maxillofacial Surgery,
4694,1985,BCS,
4695,1985,FCPS (OMS),OMS
4696,1987,MBBS,
4697,1987,FCPS (Pediatrics),Pediatrics
4698,1988,MBBS (CMCH),CMCH
4699,1988,FCPS (Pediatrics),Pediatrics
4700,1989,MBBS,
4701,1989,FCPS (Paediatrics),Paediatrics
4702,1990,MBBS,
4703,1990,BCS (Health),Health
4704,1991,MBBS,
4705,1991,BCS (Health),Health
4706,1992,MBBS,
4707,1992,BCS (Health),Health
4708,1992,FCPS (Paediatrics),Paediatrics
4709,1993,MBBS,
4710,1993,BCS (Health),Health
4711,1993,MS (Child Surgery),Child Surgery
4712,1994,MBBS,
4713,1994,BCS (Health),Health
4714,1994,MS (Paediatric Surgery),Paediatric Surgery
4715,1995,MBBS,
4716,1995,BCS (Health),Health
4717,1995,FCPS (Part-2),Part-2
4718,1996,MBBS,
4719,1996,FCPS (Paediatrics),Paediatrics
4720,1997,MBBS,
4721,1997,MD (Paediatrics),Paediatrics
4722,1998,MBBS,
4723,1998,FCPS (Pediatrics),Pediatrics
4724,1999,MBBS (Dhaka),Dhaka
4725,1999,FCPS (Medicine),Medicine
4726,1999,FRCP (Glasgow),Glasgow
4727,2000,MBBS,
4728,2000,BCS (Health),Health
4729,2000,MD (Cardiology),Cardiology
4730,2001,MBBS,
4731,2001,MD (Cardiology),Cardiology
4732,2002,MBBS,
4733,2002,BCS,
4734,2002,MS (Plastic Surgery),Plastic Surgery
4735,2003,MBBS,
4736,2003,FCPS (Medicine),Medicine
4737,2004,MBBS,
4738,2005,MBBS,
4739,2005,MD (Paediatrics),Paediatrics
4740,2006,MBBS,
4741,2006,MS (Paed. Surgury),Paed. Surgury
4742,2007,MBBS,
4743,2007,FCPS (Surgery),Surgery
4744,2007,MS (Urology),Urology
4745,2008,MBBS,
4746,2008,PHD (Urology) Japan,Urology
4747,2009,MBBS,
4748,2010,MBBS,
4749,2011,MBBS,
4750,2011,MS (Gyne & Obs),Gyne & Obs
4751,2012,PGT (OMS),OMS
4752,2013,FCPS (Oral and Maxillofacial Surgery),Oral and Maxillofacial Surgery
4753,2014,MBBS,
4754,2014,MD (Child),Child
4755,2014,MD (PHO),PHO
4756,2015,MBBS (DMC),DMC
4757,2015,MD (Colombo),Colombo
4758,2016,MBBS,
4759,2016,Diploma in Medical Ultrasound,
4760,2017,MBBS,
4761,2018,MBBS,
4762,2018,DMRT,
4763,2019,MBBS,
4764,2019,MS (Pedi. Surgery),Pedi. Surgery
4765,2021,MBBS,
4766,2021,FCPS (Anesthesia),Anesthesia
4767,2022,MBBS (Dhaka),Dhaka
4768,2022,FCPS (Surgery),Surgery
4769,2023,MBBS (Dhaka),Dhaka
4770,2023,FCPS (Surgery),Surgery
4771,2024,MBBS,
4772,2024,MD (Psychiatry),Psychiatry
4773,2025,MBBS,
4774,2025,FCPS (Medicine),Medicine
4775,2025,MD (Cardiology),Cardiology
4776,2026,MBBS,
4777,2026,MS (CV&TS),CV&TS
4778,2026,MRCPS (Glasg),Glasg
4779,2027,MBBS,
4780,2027,MS (CV & TS),CV & TS
4781,2028,MBBS (CU),CU
4782,2028,BCS (Health),Health
4783,2029,MBBS (Dhaka),Dhaka
4784,2029,FCPS (Gynecology and Obstetrics),Gynecology and Obstetrics
4785,2030,MBBS,
4786,2030,FCPS,
4787,2031,MBBS BCS,
4788,2031,FCPS,
4789,2032,MBBS (CMC),CMC
4790,2033,MBBS,
4791,2033,PhD (Japan),Japan
4792,2034,MBBS,
4793,2034,MS (Urology),Urology
4794,2034,"FCPS (Surgery) MRCS (Edinburgh, UK)",Surgery
4795,2035,MBBS,
4796,2035,FCPS (Surgery) MS (Urology),Surgery
4797,2036,MBBS,
4798,2036,FCPS (ENT),ENT
4799,2037,MBBS,
4800,2037,FCPS (ENT),ENT
4801,2038,MBBS,
4802,2038,MS (Gynae & Obs),Gynae & Obs
4803,2039,MBBS (MMC),MMC
4804,2039,FCPS (Obstetrics & Gynaecology),Obstetrics & Gynaecology
4805,2040,MBBS,
4806,2040,FCPS (Medicine ),Medicine 
4807,2040,MRCP (UK),UK
4808,2041,MBBS (DMC),DMC
4809,2041,FCPS (Medicine),Medicine
4810,2041,FCPS (Nephrology),Nephrology
4811,2042,MBBS,
4812,2042,"MSc in Gastroenterology (London, UK)","London, UK"
4813,2043,MBBS,
4814,2043,MD (Cardiology),Cardiology
4815,2044,MBBS,
4816,2044,FCPS (Medicine),Medicine
4817,2044,FCPS (Cardiology),Cardiology
4818,2045,MBBS,
4819,2045,DO,
4820,2046,MBBS,
4821,2046,DO (DU),DU
4822,2047,MBBS,
4823,2047,DO,
4824,2048,MBBS,
4825,2048,FCPS ( Surgery), Surgery
4826,2048,MS (Urology),Urology
4827,2049,MBBS,
4828,2049,MS (Surgery),Surgery
4829,2049,MS (Vascular Surgery),Vascular Surgery
4830,2050,MBBS,
4831,2050,BCS (Health),Health
4832,2050,MD (Critical care),Critical care
4833,2051,MBBS,
4834,2051,BCS (Health),Health
4835,2051,FCPS (Medicine),Medicine
4836,2051,FCPS (Card),Card
4837,2052,MBBS (CU),CU
4838,2052,BCS (Health),Health
4839,2052,MS (Pediatric Surgery),Pediatric Surgery
4840,2053,MBBS (DMC),DMC
4841,2054,MBBS (DU),DU
4842,2054,"MSc (Diabetes, London)","Diabetes, London"
4843,2054,"PhD (Neuromedicine, Italy)","Neuromedicine, Italy"
4844,2055,MBBS,
4845,2055,MD (Cardiology),Cardiology
4846,2056,MBBS (DMC),DMC
4847,2056,FCPS (Pediatric),Pediatric
4848,2057,MBBS,
4849,2057,FCPS (Eye),Eye
4850,2058,MBBS,
4851,2058,MS,
4852,2059,MBBS,
4853,2059,FCPS (Medicine),Medicine
4854,2059,MD (Nephrology),Nephrology
4855,2060,MBBS,
4856,2060,FCPS(Medicine),Medicine
4857,2061,MBBS,
4858,2061,FCPS(Medicine),Medicine
4859,2062,MBSS; FCPS; MCPS; MD,
4860,2063,MBBS,
4861,2063,Diploma in Cardiology & MRCP (UK),UK
4862,2064,MBBS; MCPS (Psychiatry),Psychiatry
4863,2065,MBBS,
4864,2065,MD (Nephrology),Nephrology
4865,2066,MBBS; MD(Neurology); MAAN(USA),Neurology
4866,2067,MBBS; FCPS (Medcine),Medcine
4867,2068,MBBS,
4868,2068,MS (Brain & Spine Surgeon),Brain & Spine Surgeon
4869,2069,MBBS,
4870,2069,MS (Neurosurgery),Neurosurgery
4871,2070,MBBS; FCPS(Hematology),Hematology
4872,2070,MD (Internal Medicine),Internal Medicine
4873,2071,MBBS,
4874,2071,MS (Neurosurgery),Neurosurgery
4875,2072,MSc (Food & Nutrition),Food & Nutrition
4876,2072,PHD (Fellow),Fellow
4877,2073,MBBS (CU),CU
4878,2073,BCS (Health),Health
4879,2073,MS (Surgical Oncology),Surgical Oncology
4880,2074,MBBS,
4881,2074,MRCP,
4882,2075,MBBS,
4883,2075,FCPS (Radiotherapy),Radiotherapy
4884,2076,MBBS,
4885,2076,FCPS (Hematology),Hematology
4886,2077,MBBS,
4887,2077,FCPS (Radiotherapy),Radiotherapy
4888,2078,MBBS,
4889,2078,FCPS (OBS-Gynea),OBS-Gynea
4890,2078,DMED (UK),UK
4891,2079,MS,
4892,2080,MBBS,
4893,2081,MBBS,
4894,2081,MD,
4895,2081,MS (Orthopedics),Orthopedics
4896,2082,MBBS,
4897,2082,FCPS,
4898,2083,MBBS,
4899,2083,FCPS,
4900,2084,MBBS,
4901,2084,MS (Ortho),Ortho
4902,2084,BCS (Health),Health
4903,2085,MBBS,
4904,2085,MS (Orthopedics),Orthopedics
4905,2086,MBBS,
4906,2087,MBBS,
4907,2087,MD (Biochemistry),Biochemistry
4908,2087,FCPS,
4909,2088,MBBS,
4910,2088,MRCPCH (UK),UK
4911,2089,MBBS,
4912,2089,Diploma in Child Health,
4913,2090,MBBS,
4914,2090,Diploma in Child Health,
4915,2091,MBBS,
4916,2091,Diploma in Child Health,
4917,2092,MBBS,
4918,2092,MD (Pediatrics),Pediatrics
4919,2092,MRCPCH (UK),UK
4920,2093,MBBS,
4921,2093,FCPS (Pediatrics),Pediatrics
4922,2094,MBBS,
4923,2094,MD (Pediatrics),Pediatrics
4924,2095,MBBS,
4925,2095,MS (Pediatric Surgery),Pediatric Surgery
4926,2096,MBBS,
4927,2096,FCPS,
4928,2097,MBBS,
4929,2097,FCPS,
4930,2098,MBBS,
4931,2099,MBBS,
4932,2099,MD (Radiology & Imaging),Radiology & Imaging
4933,2100,MBBS,
4934,2100,FCPS,
4935,2100,MD,
4936,2101,MBBS,
4937,2101,FCPS (Medicine),Medicine
4938,2101,MD (Chest Diseases),Chest Diseases
4939,2102,MBBS,
4940,2102,BCS (Health),Health
4941,2102,MS (Chest),Chest
4942,2103,MBBS,
4943,2103,MS(Urology),Urology
4944,2104,MBBS,
4945,2104,MS,
4946,2105,MBBS,
4947,2105,FCPS,
4948,2105,MS,
4949,2106,MBBS,
4950,2106,MS (Urology),Urology
4951,2107,MBBS,
4952,2107,FCPS,
4953,2108,MBBS,
4954,2108,FCPS ( Surgery), Surgery
4955,2108,MS (Urology),Urology
4956,2109,MBBS (CMC),CMC
4957,2109,FCPS (Surgery),Surgery
4958,2110,MBBS,
4959,2110,MS (General Surgery),General Surgery
4960,2111,MBBS,
4961,2111,FCPS (Surgery),Surgery
4962,2112,MBBS,
4963,2112,FCPS (Surgery),Surgery
4964,2113,MBBS,
4965,2113,FCPS,
4966,2114,MBBS,
4967,2114,BCS,
4968,2114,FCPS (Surgery),Surgery
4969,2114,DMAS (Colorectal Surgery- India),Colorectal Surgery- India
4970,2115,MBBS,
4971,2115,FCPS & Dip-MAS,
4972,2116,MBBS,
4973,2116,FCPS (Surgery),Surgery
4974,2117,MBBS,
4975,2117,MD (Gasteroenterology),Gasteroenterology
4976,2118,MBBS- CMCH,
4977,2118,MS(ENT)-DMH,ENT
4978,2119,MBBS,
4979,2119,MS (ENT),ENT
4980,2119,PHD (ENT),ENT
4981,2120,MBBS,
4982,2121,MBBS,
4983,2121,MSE (America),America
4984,2121,Endocrinologist,
4985,2122,MBBS,
4986,2122,MD (Dermatology),Dermatology
4987,2122,FRCP (Glassgo),Glassgo
4988,2123,MBBS (DMC),DMC
4989,2123,BCS (Health),Health
4990,2123,MD (Pulmonology),Pulmonology
4991,2124,MBBS,
4992,2124,MD (Oncology),Oncology
4993,2124,BCS (Health),Health
4994,2125,MBBS,
4995,2125,MRCP (P-II),P-II
4996,2126,MBBS,
4997,2126,BCS (Health),Health
4998,2126,FCPS,
4999,2127,MBBS (Raj),Raj
5000,2127,DGO (DMC),DMC
5001,2127,MS (Obs and Gynae),Obs and Gynae
5002,2127,FCPS (Last Part),Last Part
5003,2128,MBBS (DU),DU
5004,2128,BCS (Health),Health
5005,2128,MS (Gy & Obs),Gy & Obs
5006,2128,FCPS (Gynae & Obs- Part II),Gynae & Obs- Part II
5007,2129,MBBS,
5008,2129,MS (ENT),ENT
5009,2130,MBBS,
5010,2130,BCS (Health),Health
5011,2130,DEM- (Endocrinology & Metabolism) Advanced Training on Endocrinology (Singapore),Endocrinology & Metabolism
5012,2130,Endocrinologist,
5013,2131,MBBS (DMC),DMC
5014,2131,FCPS (Surgery),Surgery
5015,2132,MBBS,
5016,2133,MBBS (CMC),CMC
5017,2133,D-Ortho (DMC),DMC
5018,2134,MBBS,
5019,2135,MBBS (SSMC),SSMC
5020,2135,MS (Orthopaedic Surgery),Orthopaedic Surgery
5021,2136,MBBS,
5022,2136,MSC- Clinical Dermatology (UK),UK
5023,2137,PhD,
5024,2138,MBBS,
5025,2138,MD (Anesthesiology),Anesthesiology
5026,2139,MBBS,
5027,2140,MBBS (DMC),DMC
5028,2140,BCS (Health),Health
5029,2141,MBBS,
5030,2141,MS,
5031,2142,MBBS,
5032,2142,MS (Otolaryngology),Otolaryngology
5033,2143,MBBS,
5034,2143,FCPS (Medicine),Medicine
5035,2143,MD,
5036,2144,MBBS (DMC),DMC
5037,2144,FCPS (Pediatric),Pediatric
5038,2145,MBBS (DMC),DMC
5039,2145,FCPS (Medicine) CCD (Birdem),Medicine
5040,2146,MBBS,
5041,2146,BCS,
5042,2146,FCPS (INFERTILITY),INFERTILITY
5043,2146,FCPS (OBST & GYNAE),OBST & GYNAE
5044,2147,MBBS,
5045,2147,FCPS (Medicine),Medicine
5046,2148,MBBS,
5047,2148,MD (NEUROLOGY),NEUROLOGY
5048,2149,MBBS (DMC),DMC
5049,2149,MD (Neurology),Neurology
5050,2149,BCS (Heath),Heath
5051,2150,MBBS,
5052,2151,MBBS,
5053,2151,BCS (Health),Health
5054,2151,MD (Cardiology),Cardiology
5055,2152,MBBS,
5056,2152,MD (Cardiology),Cardiology
5057,2153,MBBS,
5058,2154,MBBS,
5059,2154,FCPS,
5060,2155,MBBS,
5061,2156,MBBS,
5062,2156,MS (Neurosurgery),Neurosurgery
5063,2157,MBBS,
5064,2157,MS (Neurosurgery),Neurosurgery
5065,2158,MBBS,
5066,2158,BCS (Health),Health
5067,2159,MBBS,
5068,2159,BCS,
5069,2160,MBBS,
5070,2160,MD (Endocrinology),Endocrinology
5071,2160,Endocrinologist,
5072,2161,MSc (Food and Nutrition) (DU),Food and Nutrition
5073,2162,MBBS,
5074,2162,FCPS (ENT),ENT
5075,2163,MBBS,
5076,2163,FRCP,
5077,2163,FCPS(BD),BD
5078,2163,FCPS(PAK),PAK
5079,2164,MBBS,
5080,2164,BCS (BCS),BCS
5081,2164,MD (Hepatology),Hepatology
5082,2165,MBBS,
5083,2165,FCPS (OBGYN),OBGYN
5084,2166,MBBS,
5085,2166,FCPS (OBGYN),OBGYN
5086,2167,MBBS,
5087,2167,FCPS (OBGYN),OBGYN
5088,2167,MS (OBGYN),OBGYN
5089,2168,MBBS,
5090,2168,FCPS (Obs. & Gynae),Obs. & Gynae
5091,2169,MBBS,
5092,2169,FCPS (OBGYN),OBGYN
5093,2170,MBBS,
5094,2170,FCPS,
5095,2170,MS (Obs. & Gynae),Obs. & Gynae
5096,2171,MBBS,
5097,2171,FCPS (OBGYN),OBGYN
5098,2172,MBBS,
5099,2172,FCPS (Psychiatry),Psychiatry
5100,2173,MBBS,
5101,2173,BCS (Health) MCPS,Health
5102,2173,FCPS (Psychiatry),Psychiatry
5103,2173,MD (Child & Adolescent Psychiatry),Child & Adolescent Psychiatry
5104,2174,MBBS,
5105,2174,MS (Gyne & Obs),Gyne & Obs
5106,2175,MBBS,
5107,2175,"BCS (Health), MCPS)",Health
5108,2176,MBBS,
5109,2177,MBBS,
5110,2177,FCPS (Psychiatry),Psychiatry
5111,2178,MBBS,
5112,2179,MBBS,
5113,2180,MBBS,
5114,2180,FCPS (Psychiatry),Psychiatry
5115,2181,MBBS,
5116,2181,FCPS (GYNAE & OBS.),GYNAE & OBS.
5117,2181,MS,
5118,2181,BCS (HEALTH),HEALTH
5119,2182,MBBS (DMC),DMC
5120,2182,MD (Chest Diseases),Chest Diseases
5121,2183,MBBS,
5122,2183,FCPS (Psychiatry),Psychiatry
5123,2184,MBBS,
5124,2184,FCPS,
5125,2186,"MSc (Food and Nutrition Science, DU)","Food and Nutrition Science, DU"
5126,2190,MBBS,
5127,2191,MBBS,
5128,2191,Diploma in Internal Medicine (USA),USA
5129,2192,MBBS (Dhaka),Dhaka
5130,2192,FCPS (OBGYN),OBGYN
5131,2193,MBBS,
5132,2193,BCS (Health),Health
5133,2193,MD (Nephrology),Nephrology
5134,2194,MBBS,
5135,2194,FRCP (Medicine),Medicine
5136,2195,MBBS,
5137,2195,FCPS (Medicine) MRCP (UK),Medicine
5138,2195,MD (Cardiology),Cardiology
5139,2196,MBBS,
5140,2196,FCPS,
5141,2197,MBBS,
5142,2197,MRCP,
5143,2198,MBBS,
5144,2198,MD (Child),Child
5145,2198,MD (Neonatology),Neonatology
5146,2199,MBBS,
5147,2199,MD (Neonatology),Neonatology
5148,2200,MBBS,
5149,2200,MS (Plastic Surgery),Plastic Surgery
5150,2201,MBBS,
5151,2201,MSc in Dermatology (uk),uk
5152,2202,MBBS,
5153,2202,MS (Ortho.),Ortho.
5154,2203,MBBS,
5155,2203,MD (Nephrology),Nephrology
5156,2204,MBBS,
5157,2204,BCS(Health),Health
5158,2204,FCPS (Cardiology),Cardiology
5159,2205,MBBS,
5160,2205,FCPS (Urology),Urology
5161,2206,MBBS,
5162,2206,PhD (Urology),Urology
5163,2207,MBBS,
5164,2207,BCS (Health),Health
5165,2207,MS (Plastic Surgery),Plastic Surgery
5166,2208,MBBS,
5167,2208,FCPS,
5168,2208,PhD (Nephrology),Nephrology
5169,2209,MBBS (Dhaka),Dhaka
5170,2210,MBBS,
5171,2210,BCS (Health),Health
5172,2211,MBBS,
5173,2211,MD (Gastroenterology),Gastroenterology
5174,2212,MBBS,
5175,2212,FCPS (Neonatology),Neonatology
5176,2213,MBBS,
5177,2214,MBBS (SSMC),SSMC
5178,2214,BCS (Health),Health
5179,2214,"MD (Child, Thesis Part)","Child, Thesis Part"
5180,2214,"FCPS (Child, FP)","Child, FP"
5181,2215,MBBS,
5182,2215,BCS (Health),Health
5183,2216,MBBS,
5184,2216,BCS (Health),Health
5185,2216,FCPS (Gynaecology,
5186,2217,MBBS,
5187,2218,MBBS,
5188,2219,MBBS,
5189,2219,FCPS (Surgery),Surgery
5190,2220,MBBS,
5191,2220,DMUD,
5192,2221,MBBS,
5193,2221,MS (Urology),Urology
5194,2222,MBBS,
5195,2222,FCPS,
5196,2222,MD (Child),Child
5197,2223,MBBS,
5198,2223,MD (Child Gastroenterology),Child Gastroenterology
5199,2224,MBBS,
5200,2225,MBBS,
5201,2225,MS (ORTHO),ORTHO
5202,2226,MBBS,
5203,2226,FCPS (Pediatrics),Pediatrics
5204,2226,MD (Pediatrics),Pediatrics
5205,2226,MD (Cardiology),Cardiology
5206,2227,MBBS,
5207,2227,MS (Orthopedic),Orthopedic
5208,2228,MBBS,
5209,2228,MS (Pediatric Surgery),Pediatric Surgery
5210,2229,MBBS,
5211,2229,MS (Pediatric Surgery),Pediatric Surgery
5212,2230,MBBS,
5213,2230,FRCP,
5214,2231,MBBS,
5215,2231,FCPS,
5216,2232,MBBS,
5217,2232,MS (Plastic Surgery),Plastic Surgery
5218,2232,BCS (Health),Health
5219,2233,MBBS,
5220,2233,MD (Psychiatry),Psychiatry
5221,2234,MBBS,
5222,2235,MBBS,
5223,2235,FCPS (Surgery),Surgery
5224,2236,MBBS,
5225,2236,FCPS (surgery),surgery
5226,2236,MS (surgery),surgery
5227,2237,MBBS,
5228,2237,FCPS (Surgery),Surgery
5229,2238,MBBS BCS,
5230,2238,FCPS (Surgery),Surgery
5231,2239,MBBS (DMC),DMC
5232,2239,MD (USA),USA
5233,2239,MS (Urology),Urology
5234,2240,MBBS,
5235,2240,MS (Urology),Urology
5236,2241,MBBS (Dhaka),Dhaka
5237,2241,MS (Orthopedics),Orthopedics
5238,2242,MBBS,
5239,2242,DMU (Advanced),Advanced
5240,2243,MBBS,
5241,2244,MBBS,
5242,2244,BCS (Health),Health
5243,2245,MBBS,
5244,2245,FCPS (Surgery),Surgery
5245,2246,MBBS,
5246,2246,BCS (Health),Health
5247,2246,FCPS (Gynae & Obs),Gynae & Obs
5248,2247,MBBS,
5249,2248,MBBS,
5250,2248,BCS (Health),Health
5251,2248,FCPS (Anesthesiology),Anesthesiology
5252,2248,FCPS (Part-2) (Medicine),Part-2
5253,2248,MD (Critical care),Critical care
5254,2249,MBBS,
5255,2250,FCPS (ORAL & MAXILLOFACIAL SURGERY),ORAL & MAXILLOFACIAL SURGERY
5256,2251,MBBS (Dhaka),Dhaka
5257,2252,MBBS,
5258,2253,MBBS,
5259,2253,FRSH (London),London
5260,2254,MBBS,
5261,2255,MBBS (Dhaka),Dhaka
5262,2255,BCS (Health),Health
5263,2255,FCPS (ENT),ENT
5264,2256,MBBS (RMC),RMC
5265,2257,MBBS (Dhaka),Dhaka
5266,2257,BCS (Health),Health
5267,2257,MS (Ortho),Ortho
5268,2258,MBBS (Dhaka),Dhaka
5269,2258,BCS (Health),Health
5270,2259,MBBS,
5271,2260,MBBS,
5272,2260,BCS (Health),Health
5273,2260,FCPS (Surgery),Surgery
5274,2261,MBBS,
5275,2261,BCS (Health) MS (Practical and Reconstructive Surgery),Health
5276,2262,MBBS,
5277,2262,MS (Cardiothoracic Surgery),Cardiothoracic Surgery
5278,2263,MBBS (DMC),DMC
5279,2263,BCS (Health),Health
5280,2263,FCPS (Surgery),Surgery
5281,2264,MBBS,
5282,2264,BCS (Health),Health
5283,2264,FCPS (Surgery),Surgery
5284,2265,MBBS,
5285,2265,FCPS (Surgery),Surgery
5286,2266,MBBS,
5287,2266,BCS (Health),Health
5288,2266,MS (Urology),Urology
5289,2267,MBBS,
5290,2267,BCS (Health),Health
5291,2267,MS (Urology),Urology
5292,2268,MBBS,
5293,2268,MS (Child),Child
5294,2269,MBBS,
5295,2269,MD,
5296,2270,MBBS,
5297,2270,MD (Child),Child
5298,2271,MBBS,
5299,2271,BCS (Health),Health
5300,2271,FCPS (Pediatrics),Pediatrics
5301,2271,MD (Neonatal),Neonatal
5302,2272,MBBS (Dhaka),Dhaka
5303,2273,MBBS,
5304,2273,DMU,
5305,2274,MBBS,
5306,2274,DMU,
5307,2275,MBBS,
5308,2275,BCS (Health),Health
5309,2275,FCPS (Gynecology & Obs),Gynecology & Obs
5310,2276,MBBS (DU),DU
5311,2276,BCS (Health),Health
5312,2276,FCPS,
5313,2277,MBBS (Dhaka),Dhaka
5314,2277,BCS (Health),Health
5315,2277,FCPS (Gynecology & Obs),Gynecology & Obs
5316,2278,MBBS,
5317,2278,BCS (Health),Health
5318,2278,Endocrinologist,
5319,2279,MBBS,
5320,2280,MBBS,
5321,2280,BCS (Health),Health
5322,2280,MD (Gastroenterology),Gastroenterology
5323,2281,MBBS (DMC),DMC
5324,2281,BCS (Health),Health
5325,2281,MD (Gastro-Enterology),Gastro-Enterology
5326,2281,FCPS (Medicine),Medicine
5327,2281,"MRCP (London, Paces)","London, Paces"
5328,2282,MBBS(DMC),DMC
5329,2282,MD(phycal medicine),phycal medicine
5330,2283,MBBS,
5331,2283,BCS (Health),Health
5332,2283,MD (Neurology),Neurology
5333,2283,FCPS (Medicine Last Part),Medicine Last Part
5334,2284,MBBS,
5335,2284,MD (Neurology),Neurology
5336,2285,MBBS,
5337,2286,MBBS,
5338,2286,BCS (Health),Health
5339,2286,MD (Chest Medicine),Chest Medicine
5340,2286,FCPS (Medicine Part-2),Medicine Part-2
5341,2287,MBBS (SSMC),SSMC
5342,2287,BCS (Health),Health
5343,2287,FCPS (medicine),medicine
5344,2288,MBBS (SSMC),SSMC
5345,2288,FCPS (Medicine),Medicine
5346,2289,MBBS,
5347,2289,BCS (Health),Health
5348,2289,FCPS (Medicine),Medicine
5349,2290,MBBS,
5350,2290,BCS (Health),Health
5351,2290,FCPS (Medicine),Medicine
5352,2291,MBBS,
5353,2292,MBBS,
5354,2293,MBBS,
5355,2294,MBBS,
5356,2294,DO,
5357,2295,MBBS,
5358,2295,FCPS,
5359,2296,MBBS,
5360,2296,FCPS,
5361,2297,MBBS,
5362,2297,MS,
5363,2298,MBBS,
5364,2298,FCPS,
5365,2299,MBBS,
5366,2299,DO,
5367,2300,MBBS,
5368,2301,MBBS,
5369,2301,DO,
5370,2302,MBBS,
5371,2302,DO,
5372,2302,FCPS,
5373,2303,MBBS,
5374,2303,DO,
5375,2304,MBBS,
5376,2304,DO,
5377,2305,MBBS,
5378,2305,MS,
5379,2306,MBBS,
5380,2306,DO,
5381,2306,FCPS,
5382,2307,MBBS,
5383,2307,DO,
5384,2308,MBBS,
5385,2308,FCPS,
5386,2309,MBBS,
5387,2309,DO,
5388,2310,MBBS,
5389,2310,FCPS,
5390,2311,MBBS,
5391,2311,DO,
5392,2312,MBBS,
5393,2312,DO,
5394,2312,FCPS,
5395,2313,MBBS,
5396,2313,DO,
5397,2314,MBBS,
5398,2314,DO,
5399,2315,MBBS,
5400,2315,DO,
5401,2316,MBBS,
5402,2316,DO,
5403,2317,MBBS,
5404,2317,FCPS (Gynae & Obs),Gynae & Obs
5405,2318,MBBS,
5406,2318,BCS,
5407,2318,FCPS (Gynae & Obs),Gynae & Obs
5408,2319,MBBS,
5409,2319,FCPS (Gynae & Obs),Gynae & Obs
5410,2320,MBBS (DMCH),DMCH
5411,2320,FCPS (Gynae & Obs),Gynae & Obs
5412,2321,MBBS,
5413,2321,FCPS (Gynae & Obs),Gynae & Obs
5414,2322,MBBS,
5415,2322,FCPS (Gynae & Obs),Gynae & Obs
5416,2323,MBBS,
5417,2323,BCS (Health),Health
5418,2323,FCPS (Gynae & Obs),Gynae & Obs
5419,2324,MBBS,
5420,2324,BCS (Health),Health
5421,2324,FCPS (Gynae & Obs),Gynae & Obs
5422,2325,MBBS (SSMC),SSMC
5423,2325,FCPS (Gynae & OBS) - 2 (BD),Gynae & OBS
5424,2325,MRCOG - 2 (London),London
5425,2326,MBBS,
5426,2326,FCPS,
5427,2326,MS (Gynae),Gynae
5428,2327,MBBS,
5429,2328,MBBS,
5430,2329,MBBS,
5431,2329,FCPS (Surgery),Surgery
5432,2329,MS (Urology),Urology
5433,2330,MBBS,
5434,2330,BCS (Health),Health
5435,2330,FCPS (Surgery),Surgery
5436,2331,MBBS,
5437,2331,BCS (Health),Health
5438,2331,MS,
5439,2331,FCPS (Surgery),Surgery
5440,2332,MBBS,
5441,2333,MBBS (Dhaka),Dhaka
5442,2334,MBBS,
5443,2334,BCS (Health) DCH,Health
5444,2335,MBBS,
5445,2335,FCPS (Pediatrics),Pediatrics
5446,2335,MD (Neonatology),Neonatology
5447,2336,MBBS,
5448,2337,MBBS,
5449,2338,MBBS,
5450,2338,DMUD,
5451,2339,MBBS,
5452,2340,MBBS,
5453,2341,MBBS (DMC),DMC
5454,2341,FCPS (Surgery),Surgery
5455,2341,MS (Hepatobiliary Surgery),Hepatobiliary Surgery
5456,2342,MBBS,
5457,2342,FCPS (General Surgery),General Surgery
5458,2342,MS (Plastic Surgery),Plastic Surgery
5459,2343,MBBS (DMC),DMC
5460,2343,MS (Orthopedics Surgery),Orthopedics Surgery
5461,2344,MBBS,
5462,2344,MS (Ortho Surgery),Ortho Surgery
5463,2345,MBBS,
5464,2345,BCS (Health),Health
5465,2345,MS (Orthopedics),Orthopedics
5466,2346,MBBS (DMC),DMC
5467,2346,BCS,
5468,2347,MBBS (DU),DU
5469,2348,MBBS,
5470,2348,FCPS,
5471,2349,MBBS (Dhaka),Dhaka
5472,2350,MBBS (Dhaka),Dhaka
5473,2350,MD (Cardiology),Cardiology
5474,2351,MBBS,
5475,2351,FCPS  (Cardiology),Cardiology
5476,2352,MBBS (Dhaka),Dhaka
5477,2352,MD (Cardiology),Cardiology
5478,2353,MBBS,
5479,2353,MS (Cardio Vascular & Thorasic),Cardio Vascular & Thorasic
5480,2354,MBBS,
5481,2354,MD (Endocrinology),Endocrinology
5482,2354,Endocrinologist,
5483,2356,MBBS,
5484,2356,MD (Nephrology),Nephrology
5485,2357,MBBS,
5486,2358,MBBS,
5487,2358,DO(Eye),Eye
5488,2358,MS (Eye),Eye
5489,2364,MSc (Psychology),Psychology
5490,2365,MBBS,
5491,2365,BCS (Health),Health
5492,2365,FCPS (Medicine),Medicine
5493,2366,MBBS,
5494,2366,BCS (Health),Health
5495,2366,MD(Gastroenterology),Gastroenterology
5496,2367,MBBS,
5497,2367,DO (Eye),Eye
5498,2367,MS (Eye),Eye
5499,2368,MBBS,
5500,2368,FCPS (Medicine),Medicine
5501,2368,DEM (Endocrinology-Birdem),Endocrinology-Birdem
5502,2368,Endocrinologist,
5503,2369,MBBS (SSMC),SSMC
5504,2369,FCPS (Surgery),Surgery
5505,2369,"MS (Minimal Access Surgery, India)","Minimal Access Surgery, India"
5506,2370,MBBS,
5507,2370,"MD (EM, Birdem)","EM, Birdem"
5508,2370,Endocrinologist,
5509,2371,MBBS (DU),DU
5510,2372,MBBS,
5511,2372,MD (Radiology & Imaging),Radiology & Imaging
5512,2373,CPR (DMCH),DMCH
5513,2373,ISP (TMDU),TMDU
5514,2375,MBBS (DU),DU
5515,2376,MBBS,
5516,2376,BCS (Health),Health
5517,2376,MS (Ortho),Ortho
5518,2377,MBBS,
5519,2377,BCS (Health),Health
5520,2377,FCPS (Child),Child
5521,2377,MD (Neonatology),Neonatology
5522,2378,MBBS,
5523,2378,MD (Nephrology),Nephrology
5524,2379,MBBS,
5525,2380,MBBS,
5526,2380,FCPS,
5527,2381,MBBS (DU),DU
5528,2382,MBBS. BCS( Health). MS (Urology). FACS (USA), Health
5529,2383,MBBS,
5530,2383,BCS (Health),Health
5531,2383,MD (Chest Diseases),Chest Diseases
5532,2383,FCPS (USA),USA
5533,2384,MBBS,
5534,2384,FCPS. DO,
5535,2385,MBBS,
5536,2385,MS (Ophth),Ophth
5537,2386,MBBS,
5538,2387,MBBS,
5539,2387,FCPS (Eye),Eye
5540,2388,MBBS,
5541,2388,FCPS,
5542,2389,MBBS,
5543,2389,FCPS (Eye),Eye
5544,2390,MBBS,
5545,2390,BCS,
5546,2390,MS (Eye),Eye
5547,2391,MBBS,
5548,2391,DO,
5549,2391,FCPS,
5550,2392,MBBS,
5551,2392,FCPS. DCO. FICO,
5552,2393,MBBS,
5553,2393,DO,
5554,2393,FCPS,
5555,2393,MS (Oph.),Oph.
5556,2394,MBBS,
5557,2394,FCPS (EYE),EYE
5558,2394,ICO (LONDON),LONDON
5559,2395,MBBS,
5560,2395,DO,
5561,2395,FCPS (Oph),Oph
5562,2396,MBBS,
5563,2396,MS (Ophth),Ophth
5564,2397,MBBS,
5565,2397,FRCS (Edinburgh). MS (Ophth). FCPS (Ophth). DCEH (London),Edinburgh
5566,2398,MBBS,
5567,2398,MS (EYE),EYE
5568,2399,MBBS,
5569,2399,DO,
5570,2399,FCPS,
5571,2400,MBBS,
5572,2400,DO (Oph),Oph
5573,2400,MS (Oph),Oph
5574,2401,MBBS,
5575,2401,FCPS (BD),BD
5576,2402,MBBS,
5577,2402,DO,
5578,2402,MS,
5579,2403,MBBS (Dhaka),Dhaka
5580,2403,DO (DU),DU
5581,2403,MS (Oph),Oph
5582,2404,MBBS,
5583,2404,FCPS (Obs & Gyne),Obs & Gyne
5584,2405,MBBS,
5585,2405,BCS (Health),Health
5586,2405,MD (Psychiatry),Psychiatry
5587,2406,MBBS,
5588,2406,BCS (Health),Health
5589,2406,MS (Ortho Surgery),Ortho Surgery
5590,2407,MBBS (RMC),RMC
5591,2407,MS (Ortho),Ortho
5592,2408,MBBS,
5593,2408,BCS (Health),Health
5594,2408,FCPS (Surgery),Surgery
5595,2409,MBBS (SSMC),SSMC
5596,2409,BCS (Health),Health
5597,2410,MBBS,
5598,2410,MD (Neurology),Neurology
5599,2411,MBBS,
5600,2411,BCS (Health),Health
5601,2411,MD (Nephrology),Nephrology
5602,2412,MBBS,
5603,2412,MS,
5604,2413,MBBS,
5605,2414,MBBS,
5606,2415,MBBS (DU),DU
5607,2415,MS (Urology),Urology
5608,2417,MBBS,
5609,2417,PhD,
5610,2418,MBBS,
5611,2418,FCPS,
5612,2418,MS,
5613,2419,MBBS,
5614,2420,MBBS,
5615,2420,MD,
5616,2421,MBBS,
5617,2421,MD,
5618,2422,MBBS,
5619,2422,MD,
5620,2423,MBBS,
5621,2423,MD,
5622,2424,MBBS,
5623,2424,FCPS,
5624,2425,MBBS,
5625,2425,MD,
5626,2426,MBBS,
5627,2427,FCPS ( ORAL AND MAXILLOFACIAL SURGERY), ORAL AND MAXILLOFACIAL SURGERY
5628,2428,MBBS,
5629,2428,MD (Pediatrics Gastroenterology),Pediatrics Gastroenterology
5630,2429,MBBS,
5631,2429,FCPS,
5632,2430,MBBS,
5633,2430,FCPS,
5634,2431,MBBS,
5635,2431,MD,
5636,2432,MBBS,
5637,2432,FCPS,
5638,2433,MBBS,
5639,2433,MD,
5640,2434,MBBS,
5641,2434,MD,
5642,2435,MBBS,
5643,2435,MS,
5644,2436,MBBS,
5645,2436,MS (Ortho) CCD (BIRDEM),Ortho
5646,2437,MBBS,
5647,2437,FCPS,
5648,2438,MBBS,
5649,2438,DO,
5650,2439,MBBS,
5651,2439,FCPS-1,
5652,2439,Diploma,
5653,2440,MBBS,
5654,2440,FCPS,
5655,2441,MBBS,
5656,2441,FCPS,
5657,2442,MBBS,
5658,2442,FCPS,
5659,2443,MBBS,
5660,2443,MS (Obs&Gynae),Obs&Gynae
5661,2444,MBBS,
5662,2444,FCPS,
5663,2445,MBBS,
5664,2445,FCPS,
5665,2445,MS(Obst & Gynee),Obst & Gynee
5666,2446,MBBS,
5667,2446,BCS (Health),Health
5668,2446,MD(Gastroenterology),Gastroenterology
5669,2447,MBBS,
5670,2447,BCS (Health),Health
5671,2447,FCPS (Medicine),Medicine
5672,2448,MBBS,
5673,2448,BCS (Health),Health
5674,2448,MD (Pulmonology - Phase B),Pulmonology - Phase B
5675,2449,MBBS,
5676,2449,BCS,
5677,2450,MBBS,
5678,2450,BCS (Health),Health
5679,2450,MD (Paediatrics),Paediatrics
5680,2451,MBBS (DMC),DMC
5681,2451,BCS (Health),Health
5682,2451,FCPS (Medicine),Medicine
5683,2451,MD (Neurology),Neurology
5684,2452,MBBS,
5685,2452,FCPS,
5686,2453,MBBS,
5687,2453,FCPS,
5688,2454,MBBS,
5689,2454,FCPS,
5690,2455,MBBS,
5691,2455,FCPS (Medicine),Medicine
5692,2455,MRCP (UK),UK
5693,2456,MBBS,
5694,2456,MD,
5695,2457,MBBS,
5696,2457,MD (Hepato),Hepato
5697,2458,MBBS,
5698,2458,FCPS,
5699,2458,MRCP,
5700,2459,MBBS,
5701,2460,MBBS,
5702,2460,MD,
5703,2461,MBBS,
5704,2461,FCPS (Surgery),Surgery
5705,2462,MBBS,
5706,2463,MBBS,
5707,2464,MBBS,
5708,2465,MBBS,
5709,2465,FCPS,
5710,2466,MBBS,
5711,2467,MBBS,
5712,2467,FCPS,
5713,2472,MBBS,
5714,2473,MBBS,
5715,2474,MBBS,
5716,2475,MBBS,
5717,2476,MBBS,
5718,2477,MBBS,
5719,2478,MBBS,
5720,2478,FCPS,
5721,2479,MBBS,
5722,2479,MS (CVTS),CVTS
5723,2480,MBBS,
5724,2480,FCPS (PAED),PAED
5725,2480,MD (PAED CARD),PAED CARD
5726,2481,MBBS. MS (Ortho),Ortho
5727,2482,MBBS,
5728,2482,MS (Child Surgery),Child Surgery
5729,2483,MBBS,
5730,2483,BCS (HEALTH),HEALTH
5731,2483,MS (NEUROSURGERY),NEUROSURGERY
5732,2484,MBBS,
5733,2484,BCS (Health),Health
5734,2484,MS (NeuroSurgery),NeuroSurgery
5735,2485,MBBS (DU),DU
5736,2485,MS (NEUROSURGERY),NEUROSURGERY
5737,2486,MBBS (DMC),DMC
5738,2486,BCS,
5739,2486,FCPS (Medicine),Medicine
5740,2487,MBBS,
5741,2487,FCPS( MEDICINE), MEDICINE
5742,2488,MBBS (ShSMCH),ShSMCH
5743,2488,MD (Cardiology),Cardiology
5744,2489,MBBS,
5745,2489,BCS (Health),Health
5746,2489,MD (Hepatology),Hepatology
5747,2490,MBBS,
5748,2490,BCS (Health),Health
5749,2490,MS (Orthopedic Surgery),Orthopedic Surgery
5750,2491,MBBS,
5751,2492,MBBS,
5752,2492,BCS (Health),Health
5753,2492,MS (ORTHO),ORTHO
5754,2493,MBBS,
5755,2494,MBBS,
5756,2494,BCS (Health),Health
5757,2494,MS (Ortho Surgery),Ortho Surgery
5758,2495,MBBS,
5759,2495,MS (Ortho),Ortho
5760,2496,MBBS. MS (Ortho-Surgery),Ortho-Surgery
5761,2497,MBBS,
5762,2497,BCS (HEALTH),HEALTH
5763,2497,FCPS (NEUROSURGERY),NEUROSURGERY
5764,2498,MBBS,
5765,2498,BCS (HEALTH),HEALTH
5766,2498,MS (NEUROSURGERY),NEUROSURGERY
5767,2499,MBBS,
5768,2499,MS ( Neuro Surgery ), Neuro Surgery 
5769,2500,MBBS,
5770,2500,BCS (Health),Health
5771,2500,MS (ORTHO),ORTHO
5772,2501,MBBS,
5773,2501,BCS (Health),Health
5774,2501,MS (Ortho Surgey),Ortho Surgey
5775,2502,MBBS,
5776,2502,MS (Thoracic Surgery),Thoracic Surgery
5777,2503,MBBS,
5778,2503,(DMC),DMC
5779,2503,MS (UROLOGY),UROLOGY
5780,2504,MBBS,
5781,2505,MBBS,
5782,2505,MD (PAED),PAED
5783,2506,MBBS,
5784,2506,MS (CV&TS),CV&TS
5785,2507,MBBS,
5786,2507,MD,
5787,2508,MBBS,
5788,2509,MBBS,
5789,2509,BCS (Health),Health
5790,2510,MBBS,
5791,2510,FCPS (Psychiatry),Psychiatry
5792,2511,MBBS,
5793,2512,MBBS,
5794,2513,MBBS (DMC),DMC
5795,2513,MRCP (UK),UK
5796,2514,MBBS,
5797,2514,FCPS,
5798,2515,MBBS,
5799,2515,MD (Medicine),Medicine
5800,2515,MCPS (Endocrinology),Endocrinology
5801,2515,Endocrinologist,
5802,2516,MBBS,
5803,2516,FCPS (Eye),Eye
5804,2517,MBBS,
5805,2517,FCPS (OBGYN),OBGYN
5806,2518,MBBS,
5807,2518,FCPS (ENT),ENT
5808,2519,MBBS,
5809,2519,FCPS (ENT),ENT
5810,2520,MBBS,
5811,2520,FCPS (Medicine),Medicine
5812,2521,MBBS,
5813,2521,BCS (Health) FCPS (Reproductive Endocrinology & Infertility),Health
5814,2521,FCPS (Gynecology & Obs),Gynecology & Obs
5815,2522,MBBS,
5816,2522,MS (Urology),Urology
5817,2523,MBBS,
5818,2523,FCPS (Psychiatry),Psychiatry
5819,2523,FRCP (Glasgow-UK),Glasgow-UK
5820,2524,PhD,
5821,2524,MS (Disability & Rehabilitation),Disability & Rehabilitation
5822,2525,MBBS,
5823,2525,BCS (Health),Health
5824,2526,MBBS,
5825,2526,DMU,
5826,2527,MBBS,
5827,2527,FCPS (Medicine),Medicine
5828,2527,MD (Nephrology),Nephrology
5829,2528,MBBS (CU),CU
5830,2528,BCS (Health),Health
5831,2528,MD (Hepatology),Hepatology
5832,2529,MBBS,
5833,2529,MSc (Clinical dermatology),Clinical dermatology
5834,2530,MBBS,
5835,2530,MS (Vascular Surgery),Vascular Surgery
5836,2531,MBBS,
5837,2531,MD (Cardiology),Cardiology
5838,2532,MBBS,
5839,2532,BCS (Health),Health
5840,2532,MS (Cardiovascular & Thoracic Surgery),Cardiovascular & Thoracic Surgery
5841,2533,MBBS,
5842,2534,MBBS (Dhaka),Dhaka
5843,2535,MBBS,
5844,2535,MD,
5845,2536,MBBS,
5846,2536,MS (Orthopaedics) Fellowship in Arthroscopy and Arthroplasty (India),Orthopaedics
5847,2537,MBBS,
5848,2537,MS (Ortho),Ortho
5849,2538,MBBS,
5850,2538,FCPS (EYE),EYE
5851,2539,MBBS,
5852,2539,FCPS (Medicine) FCPS (Nephrology),Medicine
5853,2540,MBBS,
5854,2540,FCPS (OBGYN),OBGYN
5855,2541,MBBS ( Dhaka ), Dhaka 
5856,2541,MSC ( In.D.) London, In.D.
5857,2541,FRCP ( Ireland ), Ireland 
5858,2543,MBBS (DMC),DMC
5859,2543,BCS (Health),Health
5860,2543,MS (Neurosurgery,"Neurosurgery, BSMMU"
5861,2544,Msc,
5862,2545,Msc,
5863,2546,MBBS,
5864,2547,MBBS,
5865,2547,FCPS (Neonatology),Neonatology
5866,2548,MBBS,
5867,2548,BCS (Health),Health
5868,2548,FCPS,
5869,2549,MBBS,
5870,2549,MRCP (Part- 1),Part- 1
5871,2550,MBBS,
5872,2550,BCS (Health),Health
5873,2550,MRCP (UK),UK
5874,2550,MD (endocrinology),endocrinology
5875,2550,Endocrinologist,
5876,2551,MBBS,
5877,2551,MD (Dermatology),Dermatology
5878,2552,MBBS,
5879,2552,FCPS (Obstetrics and Gynaecology),Obstetrics and Gynaecology
5880,2553,MBBS,
5881,2553,DOC (Skin),Skin
5882,2554,MBBS,
5883,2554,MD (Medicine),Medicine
5884,2554,MD (Neurology),Neurology
5885,2555,MBBS,
5886,2556,MBBS (SOMC),SOMC
5887,2556,BCS (Health),Health
5888,2556,MD (Nephrology),Nephrology
5889,2557,MBBS,
5890,2557,BCS(Health),Health
5891,2557,MD,
5892,2557,FCPS(Medicine),Medicine
5893,2558,MBBS,
5894,2558,FCPS (Gynae & Obs.),Gynae & Obs.
5895,2558,BCS(Health),Health
5896,2559,MBBS,
5897,2559,FCPS (Obs & Gynae),Obs & Gynae
5898,2561,MBBS,
5899,2561,FCPS,
5900,2562,MBBS,
5901,2563,MBBS,
5902,2563,(DMC),DMC
5903,2564,MBBS,
5904,2564,FCPS (Surgery),Surgery
5905,2565,MBBS (DMC),DMC
5906,2565,FCPS (Pediatrics),Pediatrics
5907,2565,MD (Thesis),Thesis
5908,2566,MBBS,
5909,2566,DO (BSMMU),BSMMU
5910,2567,MBBS,
5911,2567,FCPS (Obstetrics and Gynaecology),Obstetrics and Gynaecology
5912,2568,MBBS,
5913,2568,BCS (Health),Health
5914,2568,FCPS (Obs & Gynae),Obs & Gynae
5915,2569,MBBS,
5916,2569,FCPS (Surgery),Surgery
5917,2571,MBBS (DMC),DMC
5918,2571,MS (Orthopaedics),Orthopaedics
5919,2572,MBBS,
5920,2572,FCPS (ENT),ENT
5921,2573,MBBS,
5922,2574,MBBS,
5923,2574,MD (Psychiatry),Psychiatry
5924,2575,MBBS,
5925,2575,MD,
5926,2576,MBBS,
5927,2576,PhD,
5928,2577,MBBS,
5929,2577,FCPS (Medicine),Medicine
5930,2578,MBBS (Dhaka),Dhaka
5931,2578,MS (Child Surgery),Child Surgery
5932,2579,MBBS,
5933,2579,BCS (Health),Health
5934,2579,FCPS (Surgery),Surgery
5935,2580,MBBS,
5936,2580,MD (Internal Medicine),Internal Medicine
5937,2581,MBBS,
5938,2581,FCPS (Medicine),Medicine
5939,2582,MBBS,
5940,2583,MBBS,
5941,2583,BCS (Health),Health
5942,2583,FCPS (Medicine - Gold Medalist),Medicine - Gold Medalist
5943,2583,MRCP (UK),UK
5944,2584,MBBS,
5945,2584,FCPS (Surgery),Surgery
5946,2585,MBBS,
5947,2585,BCS (Health),Health
5948,2585,FCPS (Urology),Urology
5949,2586,MBBS,
5950,2586,MD(Cardiology),Cardiology
5951,2587,MBBS (DMC),DMC
5952,2587,FCPS (Medicine),Medicine
5953,2587,MD (Chest Diseases),Chest Diseases
5954,2588,MBBS,
5955,2588,FCPS,
5956,2589,MBBS,
5957,2589,FCPS,
5958,2590,MBBS,
5959,2590,FCPS (EYE),EYE
5960,2591,MBBS,
5961,2591,FCPS (Surgery),Surgery
5962,2592,MBBS,
5963,2592,FCPS,
5964,2593,MBBS,
5965,2593,MS (CV & TS),CV & TS
5966,2594,MBBS,
5967,2594,FCPS,
5968,2595,MBBS,
5969,2595,MD (Pediatrics),Pediatrics
5970,2596,MBBS,
5971,2596,FCPS (Physical Medicine),Physical Medicine
5972,2596,MD,
5973,2597,MBBS,
5974,2597,FCPS (Gyn & Obs),Gyn & Obs
5975,2598,MBBS,
5976,2598,FCPS (OBGYN),OBGYN
5977,2599,MBBS,
5978,2599,MS (NEUROSURGERY),NEUROSURGERY
5979,2600,MBBS,
5980,2600,MD (Nephrology),Nephrology
5981,2601,MBBS,
5982,2601,MS-Ortho,
5983,2602,MBBS,
5984,2602,FCPS (Haematology),Haematology
5985,2602,FRCP (UK),UK
5986,2603,MBBS,
5987,2603,FCPS (Surgery),Surgery
5988,2604,MBBS,
5989,2604,FCPS,
5990,2605,MBBS,
5991,2605,FCPS (OBGYN),OBGYN
5992,2606,MBBS (DMC),DMC
5993,2606,MD (Medicine),Medicine
5994,2606,FCPS (Medicine),Medicine
5995,2606,FRCP (Glasg),Glasg
5996,2607,MBBS (DMC),DMC
5997,2607,FCPS (Surgery),Surgery
5998,2608,MBBS,
5999,2609,MBBS,
6000,2609,BCS,
6001,2609,FCPS (Surgery),Surgery
6002,2610,MBBS,
6003,2610,FCPS,
6004,2610,MD Clinical & Interventional Pediatric Cardiologist,
6005,2611,MBBS,
6006,2611,MD (Nephrology),Nephrology
6007,2612,MBBS,
6008,2612,BCS (Health),Health
6009,2612,MD (Neurology),Neurology
6010,2613,MBBS (SSMC),SSMC
6011,2613,BCS (Health),Health
6012,2614,MBBS,
6013,2614,BCS (Health),Health
6014,2614,FCPS (Medicine),Medicine
6015,2615,MBBS,
6016,2615,BCS (Health),Health
6017,2615,FCPS (GYNE),GYNE
6018,2615,FCPS (Inferlity),Inferlity
6019,2616,MBBS (Board Stand),Board Stand
6020,2616,BCS (Health) MD (Cardiology),Health
6021,2617,MBBS,
6022,2617,BCS (Health),Health
6023,2617,FCPS (Physical Medicine),Physical Medicine
6024,2618,MBBS,
6025,2618,BCS (Health),Health
6026,2618,MD (Cardiology),Cardiology
6027,2619,MBBS,
6028,2619,BCS (Health),Health
6029,2619,FCPS (Medicine),Medicine
6030,2620,MBBS,
6031,2620,BCS (Health),Health
6032,2620,MS (Ortho),Ortho
6033,2621,MBBS,
6034,2621,BCS (Health),Health
6035,2621,FCPS (Surgery),Surgery
6036,2622,MBBS,
6037,2622,BCS (health),health
6038,2622,MS (Surgery),Surgery
6039,2623,MBBS,
6040,2623,BCS (Health),Health
6041,2623,FCPS (Surgery),Surgery
6042,2624,MBBS,
6043,2624,BCS (Health),Health
6044,2624,FCPS (Surgery),Surgery
6045,2624,MS (Surgical Oncology),Surgical Oncology
6046,2625,MBBS,
6047,2625,BCS (Health),Health
6048,2625,FCPS (Surgery),Surgery
6049,2626,MBBS (DMC),DMC
6050,2626,BCS (Health),Health
6051,2626,FCPS (Surgery),Surgery
6052,2627,MBBS,
6053,2627,FCPS (BD),BD
6054,2629,MBBS (DMC),DMC
6055,2629,MS (Ortho),Ortho
6056,2629,BCS (Health),Health
6057,2630,MBBS,
6058,2630,MS (Orthopedics),Orthopedics
6059,2631,MBBS,
6060,2632,MBBS (DMC),DMC
6061,2632,MS (Ortho),Ortho
6062,2633,MBBS,
6063,2633,BCS (Health),Health
6064,2633,MS (Neurosurgery),Neurosurgery
6065,2634,MBBS (DMC),DMC
6066,2634,BCS (Health) MS (Neurosurgery),Health
6067,2635,MBBS,
6068,2635,FCPS (Surgery),Surgery
6069,2636,MBBS,
6070,2636,FCPS (Surgery),Surgery
6071,2636,MS (Urology),Urology
6072,2637,MBBS,
6073,2637,FCPS (Urology),Urology
6074,2637,MS (Urology),Urology
6075,2638,MBBS (Dhaka),Dhaka
6076,2638,MS (Urology),Urology
6077,2639,FCPS,
6078,2639,MS (Orthodontics),Orthodontics
6079,2640,MDS,
6080,2641,MBBS,
6081,2641,PhD (USA),USA
6082,2642,MBBS,
6083,2642,BCS (Health),Health
6084,2642,FCPS (ENT),ENT
6085,2643,MBBS,
6086,2644,MBBS,
6087,2644,FCPS (Hematology),Hematology
6088,2645,MBBS,
6089,2645,FCPS (Physical Medicine),Physical Medicine
6090,2646,MBBS,
6091,2646,BCS (Health),Health
6092,2646,MD (Physical Medicine),Physical Medicine
6093,2647,MBBS,
6094,2647,BCS,
6095,2647,MD (Oncology),Oncology
6096,2648,MBBS (SSMC),SSMC
6097,2648,MD (Oncology),Oncology
6098,2649,MBBS,
6099,2649,Endocrinologist,
6100,2650,MBBS (DU),DU
6101,2650,BCS (Health),Health
6102,2651,MBBS,
6103,2651,PhD,
6104,2652,MBBS,
6105,2652,BCS (Health),Health
6106,2652,MD (Psychiatry),Psychiatry
6107,2653,MBBS,
6108,2654,MBBS,
6109,2655,MBBS,
6110,2655,FCPS,
6111,2656,MBBS,
6112,2656,MD (Cardiology),Cardiology
6113,2657,MBBS,
6114,2657,FCPS (Medicine),Medicine
6115,2657,MD (Cardiology),Cardiology
6116,2658,MBBS,
6117,2658,FCPS (Medicine),Medicine
6118,2658,MD (Cardiology),Cardiology
6119,2659,MBBS,
6120,2659,FCPS (Medicine),Medicine
6121,2660,MBBS,
6122,2660,FCPS,
6123,2660,MRCP,
6124,2661,MBBS,
6125,2661,BCS (Health),Health
6126,2661,MS (Plastic Surgery),Plastic Surgery
6127,2662,MBBS (DMC),DMC
6128,2662,FCPS (Child),Child
6129,2662,FCPS (Pediatric Gastro),Pediatric Gastro
6130,2663,MBBS,
6131,2663,BCS (Health),Health
6132,2663,FCPS,
6133,2664,MBBS (SSMC),SSMC
6134,2664,MD (Pediatric Gastroenterology),Pediatric Gastroenterology
6135,2664,MRCPCH (Clinical)(UK),Clinical
6136,2665,MBBS,
6137,2666,MBBS,
6138,2666,MD (Paediatric Haematology and Oncology),Paediatric Haematology and Oncology
6139,2667,MBBS (DMC),DMC
6140,2667,FCPS (Gyne & Obs),Gyne & Obs
6141,2667,DMU (AIMS),AIMS
6142,2668,MBBS,
6143,2668,FCPS (Obstetrics and Gynaecology),Obstetrics and Gynaecology
6144,2669,MBBS,
6145,2669,FCPS (Obs & Gyne),Obs & Gyne
6146,2670,MBBS,
6147,2670,FCPS (Obs & Gyne),Obs & Gyne
6148,2671,MBBS,
6149,2672,MBBS,
6150,2672,FCPS,
6151,2673,MBBS,
6152,2673,FCPS(Obs & Gynae),Obs & Gynae
6153,2674,MSc (Nutrition & Food),Nutrition & Food
6154,2676,BCS (Health),Health
6155,2678,PGT (Orthodontics),Orthodontics
6156,2678,TDO (Japan),Japan
6157,2678,CPR (DMCH),DMCH
6158,2679,MBBS,
6159,2679,FCPS,
6160,2680,MBBS,
6161,2680,FCPS,
6162,2681,MS (Physiotherapy),Physiotherapy
6163,2682,MBBS (SSMC),SSMC
6164,2682,BCS (Health),Health
6165,2682,MS (Brain & Spine),Brain & Spine
6166,2682,FMD (Family Medicine),Family Medicine
6167,2683,MBBS,
6168,2683,FCPS,
6169,2684,MBBS (SOMC),SOMC
6170,2684,BCS (Health),Health
6171,2684,MD (Nephrology),Nephrology
6172,2685,MBBS,
6173,2685,BCS (Health),Health
6174,2685,MS (Urology),Urology
6175,2686,MBBS(DU),DU
6176,2687,MBBS,
6177,2688,MBBS,
6178,2688,MRCP (London),London
6179,2689,MBBS,
6180,2690,MBBS,
6181,2690,BCS (Health),Health
6182,2690,FCPS (Child),Child
6183,2691,MBBS,
6184,2691,FCPS (Cardiology),Cardiology
6185,2692,MBBS,
6186,2692,FCPS (Medicine),Medicine
6187,2692,MD (Cardiology),Cardiology
6188,2693,MBBS,
6189,2693,DMU,
6190,2694,MBBS,
6191,2694,DMU,
6192,2697,MBBS,
6193,2697,BCS,
6194,2698,MBBS,
6195,2699,MBBS,
6196,2699,BCS,
6197,2699,FCPS (Surgery),Surgery
6198,2700,MBBS,
6199,2700,BCS (Health),Health
6200,2701,MBBS,
6201,2701,MS (Ortho),Ortho
6202,2701,BCS (Health),Health
6203,2702,MBBS,
6204,2702,"MS (Ortho Surgery, NITOR)","Ortho Surgery, NITOR"
6205,2703,MBBS,
6206,2703,BCS (Health),Health
6207,2703,MS (Urology),Urology
6208,2704,MBBS,
6209,2704,BCS (Health),Health
6210,2704,FCPS (Child),Child
6211,2704,MD,
6212,2705,MD - Psychiatry,
6213,2706,MBBS,
6214,2706,FCPS (Neonatology),Neonatology
6215,2706,FCPS (Pediatric),Pediatric
6216,2707,MBBS,
6217,2707,BCS (Health),Health
6218,2707,FCPS (Gyne & Obs),Gyne & Obs
6219,2707,DMU,
6220,2708,MBBS,
6221,2708,BCS (Health),Health
6222,2708,FCPS (Gyne & Obs),Gyne & Obs
6223,2709,MBBS,
6224,2709,FCPS (Gyne & Obs),Gyne & Obs
6225,2710,MBBS,
6226,2711,MBBS,
6227,2711,MRCP (UK),UK
6228,2711,MRCP (London),London
6229,2712,MBBS,
6230,2713,MSc (Nutrition & Food),Nutrition & Food
6231,2714,MBBS,
6232,2715,MBBS,
6233,2715,BCS (Health),Health
6234,2716,MBBS,
6235,2716,FCPS (Neonatology),Neonatology
6236,2717,MBBS,
6237,2717,MD ( Neonatology), Neonatology
6238,2717,BCS (Health),Health
6239,2718,MBBS,
6240,2719,MBBS,
6241,2720,MBBS,
6242,2720,BCS (Health),Health
6243,2720,MD (Pediatric),Pediatric
6244,2721,MBBS,
6245,2721,BCS (Health),Health
6246,2721,FCPS,
6247,2721,MD (Paediatrics),Paediatrics
6248,2722,MBBS (Dhaka),Dhaka
6249,2723,MBBS,
6250,2723,BCS (Health),Health
6251,2723,MS (Urology),Urology
6252,2724,MBBS,
6253,2725,MBBS ( DU ), DU 
6254,2726,MBBS,
6255,2726,BCS (Health),Health
6256,2726,FCPS (Part-1),Part-1
6257,2727,MBBS,
6258,2727,FCPS (Surgery),Surgery
6259,2727,MS (Hepatobiliary and Pancreatic Surgery),Hepatobiliary and Pancreatic Surgery
6260,2728,MBBS,
6261,2730,MBBS,
6262,2730,MD (Anesthesiology),Anesthesiology
6263,2731,MBBS,
6264,2735,MS (BSMMU),BSMMU
6265,2736,MBBS,
6266,2736,PhD,
6267,2737,MBBS,
6268,2737,BCS,
6269,2737,FCPS (Part-2),Part-2
6270,2738,MBBS,
6271,2739,MBBS,
6272,2740,MBBS,
6273,2741,MBBS (DMC),DMC
6274,2741,BCS (Health),Health
6275,2741,MS (Pediatric Surgery),Pediatric Surgery
6276,2742,MBBS,
6277,2742,BCS(Health),Health
6278,2742,FCPS(Medicine),Medicine
6279,2742,MD(Gastro),Gastro
6280,2743,MBBS,
6281,2743,BCS (HEATLT),HEATLT
6282,2744,MBBS,
6283,2744,FCPS,
6284,2745,MBBS( CMU), CMU
6285,2745,BCS (Health),Health
6286,2745,FCPS (Pediatric),Pediatric
6287,2746,MBBS,
6288,2746,BCS,
6289,2747,MBBS,
6290,2747,FCPS,
6291,2748,MBBS,
6292,2748,BCS (Health),Health
6293,2748,MS (Urology),Urology
6294,2749,MBBS,
6295,2749,MD,
6296,2749,DMRT (Radiation Oncology ),Radiation Oncology 
6297,2750,MBBS (Dhaka),Dhaka
6298,2750,BCS (Health),Health
6299,2750,MD (Gastroenterology),Gastroenterology
6300,2751,MBBS,
6301,2751,BCS (Health),Health
6302,2751,FCPS (Medicine),Medicine
6303,2751,MD (Gastroenterology),Gastroenterology
6304,2752,MBBS,
6305,2752,BCS (Health),Health
6306,2753,MBBS,
6307,2753,MD (Cardiology).,Cardiology
6308,2754,MBBS,
6309,2754,FCPS (ENT),ENT
6310,2755,MBBS,
6311,2755,BCS (Health),Health
6312,2755,FCPS (ENT),ENT
6313,2756,MSc (Nutrition & Food),Nutrition & Food
6314,2757,MBBS,
6315,2757,BCS,
6316,2757,DMU,
6317,2758,MBBS,
6318,2758,FCPS (Gyne&Obs),Gyne&Obs
6319,2759,MBBS,
6320,2759,BCS (Health),Health
6321,2759,DA (DMC),DMC
6322,2759,RCM (London-Uk),London-Uk
6323,2760,MBBS,
6324,2760,BCS,
6325,2760,FCPS (Medicine),Medicine
6326,2763,PHd (Japan),Japan
6327,2764,MBBS,
6328,2764,BCS (Health),Health
6329,2765,MBBS,
6330,2766,MBBS,
6331,2766,BCS (Health),Health
6332,2766,MS (ORTHO),ORTHO
6333,2767,MBBS,
6334,2767,FCPS (ORTHO SURGERY),ORTHO SURGERY
6335,2767,BCS (HEALTH),HEALTH
6336,2768,MBBS,
6337,2768,PhD (Japan),Japan
6338,2769,MBBS,
6339,2769,BCS (Health),Health
6340,2769,MS (Urology),Urology
6341,2770,MBBS,
6342,2770,FCPS,
6343,2770,MD (USA),USA
6344,2771,MBBS,
6345,2771,FCPS (Pediatrics),Pediatrics
6346,2771,MD ( Pediatric neurology), Pediatric neurology
6347,2772,MBBS,
6348,2772,BCS (Health),Health
6349,2772,FCPS (Obs & Gynecology),Obs & Gynecology
6350,2773,MBBS,
6351,2774,MBBS,
6352,2774,MS,
6353,2775,MBBS,
6354,2775,FCPS (Radiotherapy),Radiotherapy
6355,2777,TDM (INDIA),INDIA
6356,2778,MBBS,
6357,2778,MRCP (Part-1),Part-1
6358,2779,MBBS,
6359,2779,BCS (Health),Health
6360,2779,MS,
6361,2781,MBBS,
6362,2781,FCPS (Surgery),Surgery
6363,2781,BCS (Health),Health
6364,2782,MBBS,
6365,2782,BCS (Health),Health
6366,2782,FCPS (Surgery),Surgery
6367,2783,MBBS (DU),DU
6368,2783,BCS (Health),Health
6369,2783,MS (ORTHO),ORTHO
6370,2784,MBBS,
6371,2784,MS (Orthopedic Surgery),Orthopedic Surgery
6372,2785,MBBS,
6373,2785,BCS (Health),Health
6374,2785,MD (Course),Course
6375,2786,MBBS,
6376,2787,MBBS (DMC),DMC
6377,2788,MBBS (Dhaka),Dhaka
6378,2788,BCS (Health),Health
6379,2788,MD (Gastroenterology),Gastroenterology
6380,2789,MBBS,
6381,2789,IDM (France),France
6382,2790,MBBS,
6383,2790,MD(Chest Diseases),Chest Diseases
6384,2791,MBBS,
6385,2791,MD (Internal Medicine),Internal Medicine
6386,2792,MBBS,
6387,2792,BCS (Health),Health
6388,2792,MD (Neurology),Neurology
6389,2793,MBBS,
6390,2793,FCPS (Medicine),Medicine
6391,2794,MBBS,
6392,2794,BCS (Health),Health
6393,2794,FCPS (Medicine),Medicine
6394,2794,"MD (Thesis Part, Neurology)","Thesis Part, Neurology"
6395,2795,MBBS (Dhaka),Dhaka
6396,2796,MBBS (Dhaka),Dhaka
6397,2796,MRCP (UK),UK
6398,2796,FCPS (Medicine),Medicine
6399,2797,MBBS,
6400,2797,BCS (Health),Health
6401,2797,MS (Gynae & Obs),Gynae & Obs
6402,2798,MBBS,
6403,2798,FCPS (Obs & Gyne),Obs & Gyne
6404,2799,MBBS,
6405,2799,MS (OBGYN),OBGYN
6406,2800,MBBS,
6407,2800,BCS (Health),Health
6408,2800,FCPS (GYNE & OBS),GYNE & OBS
6409,2801,MBBS,
6410,2801,BCS (Health),Health
6411,2801,FCPS (Gynae & Obs),Gynae & Obs
6412,2802,MBBS,
6413,2802,BCS (Health),Health
6414,2802,FCPS (OBGYN),OBGYN
6415,2803,MBBS (DU),DU
6416,2804,MBBS,
6417,2805,MBBS,
6418,2805,FCPS,
6419,2805,DO (BSMMU),BSMMU
6420,2806,MBBS,
6421,2806,FCPS,
6422,2807,MBBS,
6423,2807,FCPS,
6424,2807,DO,
6425,2808,MBBS,
6426,2808,FCPS,
6427,2809,MBBS,
6428,2809,DO (Ophthalmology),Ophthalmology
6429,2810,MBBS,
6430,2810,DO,
6431,2810,BCS (Health),Health
6432,2811,MBBS,
6433,2811,MS (Eye),Eye
6434,2812,MBBS,
6435,2812,BCS (Health),Health
6436,2812,MS (Opth),Opth
6437,2813,MBBS,
6438,2813,DO (Ophthalmology),Ophthalmology
6439,2814,MBBS,
6440,2814,DO,
6441,2815,MBBS,
6442,2815,DO (B.S.M.M.U),B.S.M.M.U
6443,2816,MBBS,
6444,2816,MS,
6445,2816,DO,
6446,2816,BCS (Health),Health
6447,2817,MBBS,
6448,2817,DO (B.S.M.M.U),B.S.M.M.U
6449,2818,MBBS,
6450,2818,DO,
6451,2819,MBBS,
6452,2819,DO (DU),DU
6453,2820,MBBS,
6454,2820,FCPS,
6455,2820,MD (Urology),Urology
6456,2821,MBBS,
6457,2821,FCPS (FINAL PART),FINAL PART
6458,2822,MBBS,
6459,2822,BCS (Health),Health
6460,2822,MD (Nephrology),Nephrology
6461,2823,MBBS,
6462,2824,MBBS,
6463,2825,MBBS,
6464,2825,MS (Surgery),Surgery
6465,2826,MBBS,
6466,2826,BCS (Health),Health
6467,2826,MS (Plastic surgery),Plastic surgery
6468,2827,MBBS (DMC),DMC
6469,2827,BCS (Health),Health
6470,2827,MS (Neurosurgery),Neurosurgery
6471,2828,MBBS (SOMS),SOMS
6472,2828,FCPS (BCGP),BCGP
6473,2828,PGDM U (BOU),BOU
6474,2828,DOC (Skin & DV),Skin & DV
6475,2829,MBBS,
6476,2830,MBBS,
6477,2830,BCS (Health),Health
6478,2831,MBBS,
6479,2831,BCS (Health),Health
6480,2831,FCPS (Surgery),Surgery
6481,2832,MBBS,
6482,2832,BCS (Health),Health
6483,2832,MS (Surgery),Surgery
6484,2833,MBBS,
6485,2833,MS (Surgery),Surgery
6486,2834,MBBS,
6487,2835,MBBS,
6488,2835,FCPS (Final Part),Final Part
6489,2836,MBBS,
6490,2836,FCPS (Surgery),Surgery
6491,2836,MS (Plastic surgery),Plastic surgery
6492,2837,MBBS,
6493,2837,MS (Hepatobiliary),Hepatobiliary
6494,2838,MBBS,
6495,2838,BCS (Health),Health
6496,2838,MS (Surgery),Surgery
6497,2839,MBBS,
6498,2839,BCS (Health),Health
6499,2839,MS (Pediatric surgeon),Pediatric surgeon
6500,2840,MBBS,
6501,2840,BCS (Health),Health
6502,2840,MD (Paediatric Gastro),Paediatric Gastro
6503,2840,FCPS (Paediatric FP),Paediatric FP
6504,2841,MBBS,
6505,2842,MBBS,
6506,2842,DMUD,
6507,2842,FCPS (OBGYN/FP-BSMMU),OBGYN/FP-BSMMU
6508,2843,MBBS,
6509,2843,MS (Gynae & Obs),Gynae & Obs
6510,2844,MBBS,
6511,2844,BCS,
6512,2844,FCPS (GYNE),GYNE
6513,2845,MBBS,
6514,2845,BCS (Health),Health
6515,2845,FCPS (Gynae & Obs),Gynae & Obs
6516,2846,MBBS,
6517,2846,BCS (Health),Health
6518,2846,FCPS,
6519,2846,MS (Obs & Gynecology),Obs & Gynecology
6520,2847,MBBS (Dhaka),Dhaka
6521,2848,MBBS,
6522,2848,BCS (Health),Health
6523,2848,MRCP (UK),UK
6524,2848,MD (Card),Card
6525,2849,MBBS (DU),DU
6526,2849,BCS (Health),Health
6527,2850,MBBS (DMC),DMC
6528,2850,BCS (Health),Health
6529,2851,MBBS,
6530,2852,MBBS,
6531,2852,BCS (Health),Health
6532,2852,FCPS (ENT),ENT
6533,2853,MBBS,
6534,2853,BCS,
6535,2853,MS (Thoracic Surgery),Thoracic Surgery
6536,2854,MBBS,
6537,2854,MD (CHEST),CHEST
6538,2855,MBBS,
6539,2855,BCS(Health),Health
6540,2855,MD,
6541,2856,MBBS,
6542,2857,MBBS,
6543,2857,MS (Ortho),Ortho
6544,2858,MBBS,
6545,2858,BCS (Health),Health
6546,2858,MS (Orthopedics),Orthopedics
6547,2859,MBBS,
6548,2859,DA (DMC),DMC
6549,2860,MBBS,
6550,2861,MBBS,
6551,2861,FCPS (Medicine),Medicine
6552,2862,MBBS,
6553,2862,MS,
6554,2863,MD,
6555,2863,PHd,
6556,2863,MDMR,
6557,2864,MBBS,
6558,2864,MD,
6559,2865,MBBS,
6560,2865,BCS,
6561,2865,FCPS (Surgery),Surgery
6562,2866,MBBS,
6563,2866,BCS,
6564,2866,FCPS (Surgery),Surgery
6565,2867,MBBS,
6566,2867,BCS,
6567,2867,FCPS (Surgery),Surgery
6568,2868,MBBS,
6569,2868,BCS,
6570,2868,FCPS (Surgery),Surgery
6571,2869,MBBS,
6572,2869,FCPS (Surgery),Surgery
6573,2869,MS (Plastic Surgery),Plastic Surgery
6574,2870,MBBS,
6575,2870,FCPS (Surgery),Surgery
6576,2870,MS (Plastic surgery),Plastic surgery
6577,2871,MBBS,
6578,2871,BCS,
6579,2871,MS,
6580,2872,MBBS,
6581,2872,BCS,
6582,2873,MBBS,
6583,2874,MBBS,
6584,2874,BCS,
6585,2874,FCPS,
6586,2874,MD,
6587,2876,MBBS,
6588,2876,BCS (Health),Health
6589,2876,MS (Thoracic Surgery),Thoracic Surgery
6590,2877,MBBS,
6591,2878,MBBS,
6592,2878,BCS,
6593,2878,MS (Urology),Urology
6594,2879,MBBS,
6595,2879,BCS,
6596,2879,MS (Pedi surgery),Pedi surgery
6597,2880,MBBS,
6598,2880,DTM & H (London),London
6599,2881,MBBS,
6600,2881,BCS,
6601,2881,FCPS,
6602,2882,MBBS,
6603,2883,MBBS,
6604,2883,BCS,
6605,2884,MBBS,
6606,2884,DMU,
6607,2885,MBBS,
6608,2885,BCS (Health),Health
6609,2885,FCPS (Gynaecology & Obstetrics),Gynaecology & Obstetrics
6610,2886,MBBS,
6611,2886,FCPS (OBGYN),OBGYN
6612,2887,MBBS,
6613,2887,MS (Orthopedics),Orthopedics
6614,2888,MBBS,
6615,2889,MBBS,
6616,2889,BCS,
6617,2889,MS (Neurosurgery),Neurosurgery
6618,2890,MBBS. DLO,
6619,2891,MBBS,
6620,2892,MBBS,
6621,2892,FCPS (Medicine),Medicine
6622,2892,MD (Hepatology),Hepatology
6623,2893,MBBS,
6624,2893,MS (BSMMU),BSMMU
6625,2894,MBBS,
6626,2894,FICO (London),London
6627,2894,FCPS (Eye),Eye
6628,2895,MBBS,
6629,2895,DO,
6630,2896,MBBS,
6631,2896,DO,
6632,2897,MBBS,
6633,2897,FCPS,
6634,2898,MBBS,
6635,2898,DO,
6636,2899,MBBS,
6637,2899,DO,
6638,2899,FCPS,
6639,2900,MBBS,
6640,2900,DO,
6641,2900,FCPS,
6642,2901,MBBS ( SUST), SUST
6643,2902,MBBS (DMC),DMC
6644,2902,BCS (Health),Health
6645,2902,MS (Ophth),Ophth
6646,2903,MBBS,
6647,2903,FCPS,
6648,2904,MBBS,
6649,2904,FCPS (EYE),EYE
6650,2905,MBBS,
6651,2905,FCPS (Eye),Eye
6652,2906,MBBS (SSMC),SSMC
6653,2906,MS (Eye-BSMMU),Eye-BSMMU
6654,2907,MBBS (DMC),DMC
6655,2907,DO,
6656,2907,FCPS,
6657,2908,MBBS,
6658,2908,FCPS (Eye),Eye
6659,2909,MBBS,
6660,2909,DO,
6661,2910,MBBS (DMC),DMC
6662,2910,DO (DU),DU
6663,2911,MBBS,
6664,2911,FCPS,
6665,2912,MBBS,
6666,2912,FCPS,
6667,2913,MBBS,
6668,2913,FCPS (Eye),Eye
6669,2914,MBBS,
6670,2914,MS,
6671,2915,MBBS,
6672,2915,DO,
6673,2916,MBBS (Dhaka),Dhaka
6674,2916,DO (DU),DU
6675,2916,FCPS (OPH),OPH
6676,2917,MBBS,
6677,2917,FCPS (Eye),Eye
6678,2918,MBBS,
6679,2918,DO (DU),DU
6680,2918,FCPS (EYE),EYE
6681,2919,MBBS (DMC),DMC
6682,2919,MD (Pulmonology),Pulmonology
6683,2919,BCS (Health),Health
6684,2920,MBBS,
6685,2920,FCPS (Paediatrics),Paediatrics
6686,2921,MBBS,
6687,2921,BCS (Health),Health
6688,2921,MS (Surgical Oncology),Surgical Oncology
6689,2922,MBBS,
6690,2922,MD (Path),Path
6691,2923,PhD (USA),USA
6692,2924,"PGT (OMS, DMK)","OMS, DMK"
6693,2926,MS (Oral & Maxillofacial Surgery),Oral & Maxillofacial Surgery
6694,2926,BCS (Health),Health
6695,2927,MBBS (DMH),DMH
6696,2927,FCPS (Skin Sex),Skin Sex
6697,2928,MBBS,
6698,2929,MBBS,
6699,2929,FCPS (Infant),Infant
6700,2930,MBBS,
6701,2930,MD (Pediatrics),Pediatrics
6702,2931,MBBS (Dhaka),Dhaka
6703,2931,MD (Gastroenterology),Gastroenterology
6704,2932,MBBS,
6705,2932,BCS (Health),Health
6706,2933,MBBS,
6707,2933,BCS (Health),Health
6708,2933,MS (Gynae & Obs),Gynae & Obs
6709,2934,MBBS,
6710,2934,BCS (Health),Health
6711,2934,FCPS,
6712,2935,MBBS (Dhaka),Dhaka
6713,2935,FCPS (Gyn & Obs Final),Gyn & Obs Final
6714,2935,MS (Gyn & Obs),Gyn & Obs
6715,2936,MBBS,
6716,2936,FCPS (Gyn & Obs),Gyn & Obs
6717,2937,MBBS,
6718,2937,FCPS (Gynae & Obs),Gynae & Obs
6719,2938,MBBS,
6720,2938,BCS (Health),Health
6721,2938,MD (Neurology),Neurology
6722,2939,MBBS,
6723,2939,BCS (Health),Health
6724,2939,MS (Neuro-surgery),Neuro-surgery
6725,2940,MBBS,
6726,2940,FCPS (Surgery),Surgery
6727,2941,MBBS,
6728,2941,BCS (Health),Health
6729,2941,FCPS (Medicine),Medicine
6730,2942,MBBS,
6731,2942,FCPS,
6732,2942,MD,
6733,2943,MBBS,
6734,2944,MBBS (Dhaka),Dhaka
6735,2944,MS (Neuro Surgeon),Neuro Surgeon
6736,2945,MBBS,
6737,2945,BCS (Health),Health
6738,2945,MD (Gastroenterology),Gastroenterology
6739,2946,MBBS,
6740,2946,BCS (Health),Health
6741,2946,FCPS,
6742,2946,MS (Obs & Gynecology),Obs & Gynecology
6743,2947,MBBS,
6744,2947,FCPS (Surgery),Surgery
6745,2948,MBBS,
6746,2948,BCS (Health),Health
6747,2948,MS (Ortho Surgery),Ortho Surgery
6748,2949,MBBS,
6749,2949,BCS (Health),Health
6750,2949,MD (Nephrology),Nephrology
6751,2950,MBBS,
6752,2950,MS (Pediatric Surgery),Pediatric Surgery
6753,2951,MBBS,
6754,2951,MS (Urology),Urology
6755,2952,MBBS,
6756,2952,FCPS (Child),Child
6757,2952,MRCPCH (Part-I),Part-I
6758,2953,MBBS,
6759,2953,BCS (Health),Health
6760,2953,FCPS,
6761,2953,MD (Paediatrics),Paediatrics
6762,2954,MBBS,
6763,2954,MS (ORTHO),ORTHO
6764,2955,MBBS,
6765,2955,BCS (Health),Health
6766,2955,FCPS (USA),USA
6767,2956,MBBS,
6768,2957,MBBS (Dhaka),Dhaka
6769,2957,FCPS (Cardiology),Cardiology
6770,2958,MBBS,
6771,2958,BCS (Health),Health
6772,2959,MBBS,
6773,2959,BCS (Health),Health
6774,2959,DLO (DMC),DMC
6775,2960,MBBS,
6776,2960,BCS (Health),Health
6777,2961,CPR (DMCH),DMCH
6778,2961,PGT (Podiodentrics & OMS),Podiodentrics & OMS
6779,2962,MBBS,
6780,2963,MBBS,
6781,2963,BCS (Health),Health
6782,2963,MD (Respiratory Medicine),Respiratory Medicine
6783,2964,MBBS,
6784,2965,MBBS,
6785,2965,BCS (Health),Health
6786,2966,MBBS,
6787,2967,MBBS (SSMC),SSMC
6788,2967,BCS (Health),Health
6789,2967,MS (Obs & Gynecology),Obs & Gynecology
6790,2968,MBBS,
6791,2968,BCS (Health),Health
6792,2968,FCPS,
6793,2968,MS (Obstetrics and Gynaecology),Obstetrics and Gynaecology
6794,2969,MBBS (DHAKA),DHAKA
6795,2969,FCPS (SURGERY),SURGERY
6796,2970,MBBS,
6797,2970,FCPS (Surgery),Surgery
6798,2971,MBBS,
6799,2971,BCS (Health),Health
6800,2971,MS (Neurosurgery),Neurosurgery
6801,2972,MBBS,
6802,2972,BCS (Health),Health
6803,2972,"MRCP (London,UK). MACP (USA)","London,UK"
6804,2973,MBBS,
6805,2973,MRCP(UK),UK
6806,2974,MBBS,
6807,2974,BCS (Health),Health
6808,2975,MBBS,
6809,2975,MD (Internal Medicine),Internal Medicine
6810,2975,FCPS (Medicine),Medicine
6811,2975,FCPS (Rheumatology),Rheumatology
6812,2976,MBBS,
6813,2976,DO (Dhaka),Dhaka
6814,2977,MBBS (Sir Salimullah Medical College & Hospital),Sir Salimullah Medical College & Hospital
6815,2977,BCS (Health),Health
6816,2979,MBBS,
6817,2979,BCS (Health),Health
6818,2979,FCPS (Child),Child
6819,2980,MBBS,
6820,2980,MS (Ortho),Ortho
6821,2981,MBBS,
6822,2982,MBBS,
6823,2982,MS (Ortho),Ortho
6824,2983,MBBS,
6825,2983,DTMH (London),London
6826,2984,MBBS,
6827,2985,MBBS MD (Cardiology),Cardiology
6828,2986,MBBS,
6829,2986,FCPS (Child),Child
6830,2987,MBBS,
6831,2987,BCS (Health),Health
6832,2987,FCPS (Medicine),Medicine
6833,2987,"FCPS (Neurology, Thesis)","Neurology, Thesis"
6834,2988,MBBS (Dhaka),Dhaka
6835,2988,BCS (Health),Health
6836,2988,MD (Nephrology),Nephrology
6837,2989,MBBS,
6838,2989,MD (Cardiology),Cardiology
6839,2990,MBBS,
6840,2990,BCS (Health),Health
6841,2990,MS (ENT BSMMU),ENT BSMMU
6842,2991,MBBS,
6843,2991,BCS (Health),Health
6844,2992,MBBS,
6845,2992,FCPS (Part-2),Part-2
6846,2993,MBBS,
6847,2993,BCS (Health),Health
6848,2993,DMU (Sonology),Sonology
6849,2993,MS (Gyne & Obs),Gyne & Obs
6850,2994,MBBS (Dhaka),Dhaka
6851,2994,MD (Internal Medicine),Internal Medicine
6852,2995,MBBS (Dhaka),Dhaka
6853,2995,BCS (Health),Health
6854,2995,FCPS (medicine Final Part),medicine Final Part
6855,2996,MBBS,
6856,2996,BCS (Health),Health
6857,2996,MS,
6858,2998,MBBS,
6859,2999,MBBS,
6860,3000,MBBS,
6861,3001,MBBS,
6862,3002,MBBS,
6863,3003,MBBS,
6864,3004,MBBS (DU),DU
6865,3005,MBBS,
6866,3006,MBBS,
6867,3007,MBBS,
6868,3008,MBBS,
6869,3009,MBBS,
6870,3010,MBBS,
6871,3011,MBBS,
6872,3011,MD (Nephrology),Nephrology
6873,3012,MBBS (Dhaka),Dhaka
6874,3013,MBBS,
6875,3013,BCS (Health),Health
6876,3013,FCPS (Pediatrics),Pediatrics
6877,3013,MD (Pediatric Hematology & Oncology),Pediatric Hematology & Oncology
6878,3014,MBBS,
6879,3014,MRCP,
6880,3014,MD,
6881,3015,MBBS,
6882,3015,MD (Psychiatry),Psychiatry
6883,3016,MBBS,
6884,3016,BCS,
6885,3016,MD,
6886,3016,FCPS (Medicine),Medicine
6887,3017,MBBS (DMC),DMC
6888,3018,MBBS,
6889,3018,MD (CARD),CARD
6890,3018,FRCP (Edin),Edin
6891,3019,MBBS,
6892,3019,BCS (Health),Health
6893,3019,MS,
6894,3020,MBBS,
6895,3020,FCPS (Surgery),Surgery
6896,3021,MBBS,
6897,3022,MBBS,
6898,3022,MS (ENT),ENT
6899,3023,FCPS (Orthodontics),Orthodontics
6900,3025,MBBS,
6901,3025,DMUD,
6902,3025,ADMF,
6903,3026,MBBS,
6904,3027,MBBS,
6905,3028,MBBS,
6906,3029,MBBS,
6907,3029,MD (Pediatrics),Pediatrics
6908,3030,MBBS,
6909,3030,MD ( Pediatric), Pediatric
6910,3031,MBBS,
6911,3031,FCPS (Microbiology),Microbiology
6912,3032,MBBS,
6913,3033,MBBS (DMC),DMC
6914,3033,DO (DU),DU
6915,3033,FCPS (EYE),EYE
6916,3034,MBBS,
6917,3034,DO,
6918,3034,MS (EYE),EYE
6919,3035,MBBS,
6920,3036,MBBS,
6921,3036,FCPS (Gyne & Obs),Gyne & Obs
6922,3037,MBBS (DU),DU
6923,3038,MBBS,
6924,3038,BCS,
6925,3038,FCPS(Part 2),Part 2
6926,3039,MBBS,
6927,3039,FCPS (Surgery),Surgery
6928,3040,MBBS,
6929,3041,MBBS,
6930,3041,DO,
6931,3042,MBBS,
6932,3042,MD (Nephrology),Nephrology
6933,3043,MBBS (Dhaka),Dhaka
6934,3043,BCS (Health) DTCD,Health
6935,3043,ADMS (Canada),Canada
6936,3044,MBBS,
6937,3044,MD,
6938,3045,MBBS,
6939,3046,MS (Oral & Maxillofacial Surgery),Oral & Maxillofacial Surgery
6940,3046,FCPS (Oral & Maxillofacial Surgery),Oral & Maxillofacial Surgery
6941,3047,MSc (Food and Nutrition) -  Master of Medical Science.,Food and Nutrition
6942,3048,FCPS (Orthodontics),Orthodontics
6943,3054,BCS (Health),Health
6944,3054,FCPS (Prosthodontics),Prosthodontics
6945,3057,MBBS,
6946,3057,DMUD,
6947,3058,MBBS,
6948,3058,DMRD (DU),DU
6949,3059,MBBS,
6950,3059,DMU,
6951,3060,MBBS,
6952,3061,MBBS,
6953,3061,BCS (Health),Health
6954,3061,MD (Chest Diseases),Chest Diseases
6955,3063,MBBS,
6956,3064,MBBS(DMC),DMC
6957,3064,BCS (Health),Health
6958,3064,MRCP (UK) Medicine,UK
6959,3064,MD (Cardiology) Thesis,Cardiology
6960,3065,MBBS (DMC),DMC
6961,3065,BCS (Health),Health
6962,3065,MD (Chest),Chest
6963,3065,"FCPS (Medicine, FP)","Medicine, FP"
6964,3067,MBBS,
6965,3067,DMU (OBS & GYNAE),OBS & GYNAE
6966,3068,MBBS (DMC),DMC
6967,3068,FCPS (Gynae & OBs),Gynae & OBs
6968,3069,MBBS,
6969,3069,FCPS (Neonatology),Neonatology
6970,3070,MBBS,
6971,3070,BCS (Health),Health
6972,3070,MD (Nephrology),Nephrology
6973,3071,MBBS (DMC),DMC
6974,3071,BCS (Health),Health
6975,3071,FCPS (Surgery),Surgery
6976,3072,MBBS (Dhaka),Dhaka
6977,3072,FCPS (Medicine),Medicine
6978,3072,FCPS (Chest),Chest
6979,3075,MBBS,
6980,3075,BCS (Health) MS (ENT),Health
6981,3076,MBBS,
6982,3076,FCPS (Gynae & Obs),Gynae & Obs
6983,3077,MBBS,
6984,3078,MBBS (DMC) MCPS,DMC
6985,3078,FCPS (Gynae & OBS),Gynae & OBS
6986,3079,MBBS,
6987,3079,BCS (Health),Health
6988,3079,FCPS (Pediatrics),Pediatrics
6989,3080,"MBBS (SSMC, DU)","SSMC, DU"
6990,3080,"MD (Chest Diseases, DU)","Chest Diseases, DU"
6991,3081,MBBS,
6992,3081,FCPS (Surgery),Surgery
6993,3081,MS (Urology),Urology
6994,3082,MBBS (DU),DU
6995,3082,BCS (Health) DLO,Health
6996,3082,MS (ENT),ENT
6997,3083,MBBS,
6998,3083,MS (ENT),ENT
6999,3084,MBBS (Dhaka),Dhaka
7000,3084,"MSc (Dermatology, UK)","Dermatology, UK"
7001,3087,MBBS (DMC),DMC
7002,3087,BCS (Health),Health
7003,3087,MS (Urology),Urology
7004,3088,MBBS,
7005,3088,BCS ( Health ), Health 
7006,3088,MS (Urology),Urology
7007,3089,MBBS,
7008,3089,BCS ( Health ), Health 
7009,3089,MS (Plastic Surgery),Plastic Surgery
7010,3090,MBBS,
7011,3090,BCS (Health),Health
7012,3090,FCPS (Surgery),Surgery
7013,3090,MS (Hepatobiliary and Pancreatic Surgery),Hepatobiliary and Pancreatic Surgery
7014,3091,MBBS,
7015,3091,BCS (Health),Health
7016,3091,FCPS (Surgery),Surgery
7017,3091,MS (Colorectal surgery),Colorectal surgery
7018,3092,MBBS (DMC),DMC
7019,3092,BCS (Health),Health
7020,3092,FCPS (Surgery),Surgery
7021,3093,MBBS,
7022,3093,PhD (Surgery),Surgery
7023,3094,MBBS,
7024,3095,MBBS,
7025,3096,MBBS,
7026,3096,BCS (Health),Health
7027,3096,MS (Orthopedic Surgery),Orthopedic Surgery
7028,3097,MBBS,
7029,3097,MS (Orthopedics),Orthopedics
7030,3098,MBBS (DMC),DMC
7031,3098,MS (ORTHO),ORTHO
7032,3099,MBBS,
7033,3099,MS (ORTHO),ORTHO
7034,3100,MBBS,
7035,3100,MS (Gynae & OBS),Gynae & OBS
7036,3100,BCS (Health),Health
7037,3101,MBBS,
7038,3101,FCPS (Gynae & Obs ),Gynae & Obs 
7039,3102,MBBS,
7040,3102,(DMC),DMC
7041,3102,BCS (Health),Health
7042,3102,FCPS (Gynae & Obs ),Gynae & Obs 
7043,3103,MBBS,
7044,3103,MS(Gynae & obs),Gynae & obs
7045,3103,BCS (Health),Health
7046,3104,MBBS,
7047,3104,FCPS (PART-LL),PART-LL
7048,3105,MBBS,
7049,3105,MS (OBGYN),OBGYN
7050,3106,MBBS,
7051,3106,BCS (Health),Health
7052,3106,FCPS (OBGYN),OBGYN
7053,3107,MBBS,
7054,3107,FCPS ( Gynae & Obs), Gynae & Obs
7055,3108,MBBS,
7056,3109,MBBS (DAC),DAC
7057,3109,FCPS (OBGYN),OBGYN
7058,3110,PGT (OMS),OMS
7059,3113,MBBS (DMC),DMC
7060,3113,FCPS (MEDICINE),MEDICINE
7061,3113,MD (NEUROLOGY),NEUROLOGY
7062,3114,MBBS BCS M Phil,
7063,3115,MBBS,
7064,3115,MD (Physical Medicine and Rehabilitation-BSMMU ),Physical Medicine and Rehabilitation-BSMMU 
7065,3116,MBBS,
7066,3117,MBBS,
7067,3117,BCS (Health),Health
7068,3118,MBBS (DU),DU
7069,3119,MBBS (DU),DU
7070,3119,PGT (DMCH),DMCH
7071,3120,MBBS (DU),DU
7072,3121,MBBS (DU),DU
7073,3122,MBBS (DU),DU
7074,3122,PGT (DMCH),DMCH
7075,3123,MBBS,
7076,3123,MRCP Part-II,
7077,3124,MBBS (RU),RU
7078,3124,PGT (DMC),DMC
7079,3125,MBBS (DMC),DMC
7080,3125,FCPS (Medicine),Medicine
7081,3125,MD(Cardiology),Cardiology
7082,3125,BCS (Health),Health
7083,3126,MBBS,
7084,3126,BCS (Health),Health
7085,3126,MD (Gastroenterology),Gastroenterology
7086,3127,MBBS,
7087,3128,MBBS,
7088,3128,MAMS (Viena),Viena
7089,3129,MBBS,
7090,3129,FCPS (Medicine),Medicine
7091,3129,MD (Rheumatology),Rheumatology
7092,3130,MBBS,
7093,3130,FCPS (Medicine),Medicine
7094,3131,MBBS,
7095,3131,FCPS (Medicine),Medicine
7096,3131,MD (Gastroenterology),Gastroenterology
7097,3132,MBBS (DU),DU
7098,3132,BCS (Health),Health
7099,3132,FCPS (Medicine),Medicine
7100,3132,FRCP (EDIN),EDIN
7101,3133,MBBS,
7102,3133,BCS (Health),Health
7103,3133,FCPS (Hematology),Hematology
7104,3134,MBBS (DMC),DMC
7105,3134,BCS (Health),Health
7106,3134,MS (Eye),Eye
7107,3135,MBBS,
7108,3135,BCS (Halth ),Halth 
7109,3135,FCPS (Eye),Eye
7110,3136,MBBS (DHAKA),DHAKA
7111,3136,FCPS (EYE),EYE
7112,3137,MBBS,
7113,3137,BCS (Health),Health
7114,3138,MBBS (DHAKA),DHAKA
7115,3138,FCPS (ENT),ENT
7116,3139,MBBS,
7117,3139,BCS (Health),Health
7118,3139,MD (Dermatology & Venereology),Dermatology & Venereology
7119,3140,MBBS (Dhaka),Dhaka
7120,3140,BCS( Health ), Health 
7121,3140,FCPS(Skin & Sex),Skin & Sex
7122,3141,MBBS,
7123,3141,BCS (Health),Health
7124,3141,MD (Pediatrics),Pediatrics
7125,3142,MBBS,
7126,3142,MS (Child Surgery),Child Surgery
7127,3143,MBBS (Dhaka),Dhaka
7128,3143,BCS (Health),Health
7129,3143,MD (Pediatric Nephrology),Pediatric Nephrology
7130,3144,MBBS,
7131,3145,MBBS,
7132,3146,MBBS,
7133,3146,BCS (HEALTH),HEALTH
7134,3146,FCPS (PEDIATRICS),PEDIATRICS
7135,3146,FCPS PART-2 (NEWBORN),NEWBORN
7136,3147,MBBS,
7137,3147,MD (PAED),PAED
7138,3148,MBBS (DMC),DMC
7139,3148,MD (Chest Diseases),Chest Diseases
7140,3149,MBBS,
7141,3149,BCS ( Health ), Health 
7142,3149,MD (Chest Disease),Chest Disease
7143,3150,MBBS,
7144,3150,MD (CHEST DISEASES),CHEST DISEASES
7145,3151,MBBS (DU),DU
7146,3152,MBBS,
7147,3152,BCS (Health),Health
7148,3153,MBBS,
7149,3153,BCS (Health),Health
7150,3153,MD (Cardiologist),Cardiologist
7151,3154,MBBS,
7152,3154,MD (Cardiology),Cardiology
7153,3155,MBBS,
7154,3155,MD (Cardiology),Cardiology
7155,3156,MBBS,
7156,3156,BCS (Health),Health
7157,3156,MD (Rediation Oncology),Rediation Oncology
7158,3157,MBBS,
7159,3157,MS,
7160,3158,MBBS,
7161,3158,MS (Ophthalmology),Ophthalmology
7162,3159,MBBS,
7163,3159,BCS (Health),Health
7164,3160,MBBS,
7165,3161,MBBS,
7166,3161,BCS (Health),Health
7167,3161,MS (Eye),Eye
7168,3162,MBBS,
7169,3162,FCPS (Eye),Eye
7170,3163,MBBS,
7171,3163,MS (Eye),Eye
7172,3164,MBBS,
7173,3164,MS (Eye),Eye
7174,3165,MBBS (DU),DU
7175,3165,DO (BSMMU),BSMMU
7176,3165,BCS (HEALTH),HEALTH
7177,3166,MBBS,
7178,3166,BCS (Health),Health
7179,3166,FCPS (Eye),Eye
7180,3167,MBBS,
7181,3167,FCPS (Eye),Eye
7182,3168,MBBS,
7183,3168,FCPS (Eye),Eye
7184,3169,MBBS,
7185,3169,BCS (Health),Health
7186,3169,FCPS (EYE),EYE
7187,3170,MBBS,
7188,3170,DO,
7189,3170,MS (Eye),Eye
7190,3171,FCPS (Eye),Eye
7191,3171,MBBS (DMC),DMC
7192,3171,BCS (Health),Health
7193,3172,MBBS,
7194,3172,BCS (Health),Health
7195,3172,FCPS (Eye) MRCS (Eye) (UK),Eye
7196,3172,ICO (London),London
7197,3173,MBBS (Dhaka),Dhaka
7198,3173,MS (Eye),Eye
7199,3174,MBBS,
7200,3174,BCS (Health),Health
7201,3174,MS (Eye),Eye
7202,3175,MBBS (Dhaka),Dhaka
7203,3175,BCS (Health),Health
7204,3175,MS (Eye),Eye
7205,3176,MBBS (Dhaka),Dhaka
7206,3176,MS (Eye),Eye
7207,3177,MBBS (Dhaka),Dhaka
7208,3177,MS (Eye),Eye
7209,3177,ICO (London),London
7210,3178,MBBS (Dhaka),Dhaka
7211,3178,DO (D.U.),D.U.
7212,3178,FCPS (Eye),Eye
7213,3179,MBBS (Dhaka),Dhaka
7214,3179,MS (Eye),Eye
7215,3180,MBBS (Dhaka),Dhaka
7216,3180,BCS (Health),Health
7217,3180,FCPS,
7218,3180,MS (Eye),Eye
7219,3181,MBBS,
7220,3181,DO (B.S.M.M.U),B.S.M.M.U
7221,3181,ICO (London),London
7222,3182,MBBS,
7223,3182,MS (Ophth),Ophth
7224,3183,MBBS (DMC),DMC
7225,3183,DO,
7226,3183,FCPS (EYE),EYE
7227,3184,MBBS (DMC),DMC
7228,3184,DO,
7229,3184,FCPS (EYE),EYE
7230,3185,MBBS,
7231,3186,MBBS,
7232,3187,MBBS,
7233,3188,MBBS,
7234,3189,MBBS,
7235,3190,MBBS,
7236,3191,MBBS,
7237,3195,MBBS,
7238,3196,MBBS,
7239,3197,MBBS,
7240,3198,MBBS,
7241,3199,MBBS,
7242,3200,MBBS,
7243,3200,FCPS,
7244,3201,MBBS,
7245,3201,DO,
7246,3202,MBBS,
7247,3202,DOMS,
7248,3203,MBBS (Dhaka),Dhaka
7249,3203,DO (DU),DU
7250,3204,MBBS,
7251,3204,DO,
7252,3205,MBBS,
7253,3205,FCPS,
7254,3206,MBBS,
7255,3206,FCPS,
7256,3207,MBBS,
7257,3207,DO,
7258,3208,MBBS,
7259,3208,FCPS,
7260,3209,MBBS,
7261,3209,DOMS,
7262,3210,MBBS,
7263,3210,DO,
7264,3211,MBBS,
7265,3211,DO,
7266,3212,MBBS,
7267,3213,MBBS,
7268,3213,MS (ENT),ENT
7269,3214,MBBS,
7270,3214,BCS (Health),Health
7271,3215,MBBS,
7272,3216,MBBS,
7273,3216,BCS (Health),Health
7274,3217,MSc (Clinical Psychology),Clinical Psychology
7275,3219,MBBS (DMC),DMC
7276,3219,BCS (Health),Health
7277,3219,MD ( Psychiatry), Psychiatry
7278,3220,MBBS,
7279,3220,BCS (Health),Health
7280,3220,FCPS (Surgery),Surgery
7281,3221,MBBS,
7282,3221,BCS (Health),Health
7283,3221,MD (Nephrology),Nephrology
7284,3222,MBBS,
7285,3222,MS (Obs. & Gynae),Obs. & Gynae
7286,3223,MBBS,
7287,3223,FCPS (Obs & Gyne),Obs & Gyne
7288,3224,MBBS,
7289,3224,MD,
7290,3224,Endocrinologist,
7291,3225,MBBS,
7292,3225,MSc (Ortho),Ortho
7293,3226,MBBS,
7294,3227,MBBS,
7295,3228,MBBS,
7296,3229,MBBS,
7297,3229,MD (Gastroenterology),Gastroenterology
7298,3229,MRCP,
7299,3229,FRCP,
7300,3230,MBBS (DMC),DMC
7301,3230,FCPS (Medicine),Medicine
7302,3230,MD (Endcrinology),Endcrinology
7303,3230,Endocrinologist,
7304,3231,MBBS,
7305,3231,FCPS (Medicine),Medicine
7306,3232,MBBS,
7307,3233,MBBS (Dhaka),Dhaka
7308,3233,BCS (Health),Health
7309,3233,MS-Ortho (BSMMU),BSMMU
7310,3234,MBBS,
7311,3234,DMUD (USTC),USTC
7312,3235,MBBS,
7313,3235,MS (ORTHO),ORTHO
7314,3236,MBBS,
7315,3237,MBBS,
7316,3237,MD,
7317,3238,MBBS,
7318,3238,BCS (Health),Health
7319,3238,MD,
7320,3239,MBBS,
7321,3239,FCPS (Skin & VD),Skin & VD
7322,3240,MBBS,
7323,3241,MBBS,
7324,3241,BCS (Health),Health
7325,3241,MS (Orthopedics),Orthopedics
7326,3242,MBBS,
7327,3242,FCPS (Surgery),Surgery
7328,3243,MBBS,
7329,3243,FCPS (Neurosurgery),Neurosurgery
7330,3244,MBBS,
7331,3244,DMUD (USTC),USTC
7332,3245,MBBS,
7333,3245,FCPS in surgery,
7334,3246,MBBS,
7335,3247,MBBS,
7336,3247,FCPS (Surgery),Surgery
7337,3247,MS (Surgery),Surgery
7338,3247,MS (Plastic Surgery),Plastic Surgery
7339,3248,MBBS,
7340,3248,MS (Surgery),Surgery
7341,3249,MBBS,
7342,3249,FCPS (Surgery),Surgery
7343,3249,MRCPS (Glasgow),Glasgow
7344,3250,MBBS,
7345,3250,FCPS (Surgery),Surgery
7346,3251,MBBS,
7347,3251,MS (Neurosurgery),Neurosurgery
7348,3252,MBBS (Karachi),Karachi
7349,3253,MBBS,
7350,3253,MS (ENT),ENT
7351,3254,MBBS,
7352,3255,MBBS,
7353,3256,MBBS,
7354,3256,MS (Pediatric Surgery),Pediatric Surgery
7355,3257,MBBS,
7356,3257,MSc,
7357,3257,DCH (London),London
7358,3258,MBBS,
7359,3258,FCPS (CHILD),CHILD
7360,3258,MRCP (UK),UK
7361,3258,MRCP (IRE),IRE
7362,3258,FRCP (EDIN),EDIN
7363,3259,MBBS (CMC),CMC
7364,3259,MD (Pediatrics),Pediatrics
7365,3260,MBBS (DMC),DMC
7366,3260,FCPS (OBGYN),OBGYN
7367,3261,MBBS,
7368,3261,FCPS (Gynae & Obs),Gynae & Obs
7369,3262,MBBS,
7370,3262,BCS (Health),Health
7371,3262,MS (OBGYN),OBGYN
7372,3263,MBBS,
7373,3263,FCPS(OBGYN),OBGYN
7374,3264,MBBS (DMC),DMC
7375,3264,FCPS (Obs & Gynae),Obs & Gynae
7376,3265,MBBS,
7377,3265,FCPS (OBGYN),OBGYN
7378,3266,MBBS,
7379,3266,MD,
7380,3267,MBBS,
7381,3268,MBBS,
7382,3268,FCPS,
7383,3269,MBBS,
7384,3269,FCPS,
7385,3270,MBBS,
7386,3270,FCPS,
7387,3271,MBBS (Dhaka),Dhaka
7388,3271,"FCPS (Medicine, FP)","Medicine, FP"
7389,3271,MD (Nephrology),Nephrology
7390,3272,MBBS,
7391,3272,FCPS (Surgery),Surgery
7392,3273,MBBS,
7393,3273,FCPS,
7394,3273,MD,
7395,3274,MBBS,
7396,3274,FCPS (Surgery),Surgery
7397,3275,MBBS,
7398,3275,FCPS (Surgery),Surgery
7399,3276,MBBS,
7400,3276,MD (Gastrology),Gastrology
7401,3277,MBBS,
7402,3279,MBBS,
7403,3279,FCPS,
7404,3280,MBBS,
7405,3280,FCPS(Obs & Gynae),Obs & Gynae
7406,3281,MBBS,
7407,3281,MSC,
7408,3282,MBBS,
7409,3283,MBBS,
7410,3283,MD (Internal medicine),Internal medicine
7411,3284,MBBS,
7412,3284,FCPS (Physical Medicine and Rehabilitation),Physical Medicine and Rehabilitation
7413,3285,MBBS. MPHIL (BSMMU),BSMMU
7414,3286,FCPS,
7415,3287,MBBS,
7416,3287,MD (Neurology),Neurology
7417,3288,MBBS,
7418,3288,MD,
7419,3289,MBBS,
7420,3289,FCPS,
7421,3290,MBBS,
7422,3290,MD (Nephrology),Nephrology
7423,3291,MBBS,
7424,3291,MD (Internal medicine),Internal medicine
7425,3292,Endocrinologist,
7426,3293,MBBS,
7427,3293,FCPS,
7428,3293,DO,
7429,3294,MBBS,
7430,3294,FCPS,
7431,3295,MBBS,
7432,3295,MS (Urology),Urology
7433,3296,MBBS,
7434,3296,FCPS (Surgery),Surgery
7435,3297,MBBS,
7436,3297,FCPS,
7437,3298,MBBS,
7438,3298,MS (Orthopedics),Orthopedics
7439,3299,MBBS,
7440,3299,BCS (Health),Health
7441,3299,MS (Ortho surgery),Ortho surgery
7442,3300,MBBS,
7443,3301,MBBS,
7444,3301,FCPS,
7445,3302,MBBS,
7446,3302,FCPS,
7447,3303,MBBS,
7448,3304,MBBS,
7449,3304,FCPS,
7450,3305,MBBS,
7451,3306,MBBS,
7452,3306,FCPS (ENT),ENT
7453,3307,MBBS,
7454,3307,MS,
7455,3308,MBBS,
7456,3308,MS (Obs. & Gynae),Obs. & Gynae
7457,3309,MBBS,
7458,3309,FCPS (OBGYN),OBGYN
7459,3310,MBBS,
7460,3311,MBBS,
7461,3312,MBBS,
7462,3312,BCS. D- ORTHO,
7463,3313,MBBS,
7464,3313,BCS (Health),Health
7465,3313,FCPS (Surgery),Surgery
7466,3314,MBBS,
7467,3314,BCS,
7468,3315,MBBS,
7469,3315,BCS,
7470,3316,MBBS,
7471,3317,MBBS,
7472,3317,FCPS,
7473,3318,MBBS,
7474,3319,MBBS,
7475,3320,MBBS,
7476,3321,MBBS (CMC),CMC
7477,3321,BCS (Health),Health
7478,3321,FCPS (Surgery),Surgery
7479,3321,MS (Surgical Oncology),Surgical Oncology
7480,3322,MBBS,
7481,3322,BCS (Health),Health
7482,3323,MBBS,
7483,3324,MBBS,
7484,3324,MS (Obs. & Gynae),Obs. & Gynae
7485,3325,MBBS,
7486,3325,BCS (Health),Health
7487,3325,MD (Internal Medicine),Internal Medicine
7488,3325,MD ( Neuro), Neuro
7489,3326,MBBS,
7490,3326,BCS (Health),Health
7491,3326,MS (Urology),Urology
7492,3327,MBBS,
7493,3327,PGT (DMU),DMU
7494,3328,MBBS (DMC),DMC
7495,3328,BCS(Health),Health
7496,3329,MBBS,
7497,3330,MBBS,
7498,3330,BCS(Health),Health
7499,3330,FCPS,
7500,3331,MBBS,
7501,3331,MS (Surgery),Surgery
7502,3332,MBBS,
7503,3332,BCS,
7504,3332,FCPS,
7505,3332,MD,
7506,3333,PGT (DMS),DMS
7507,3334,MBBS,
7508,3334,MD (Internal Medicine),Internal Medicine
7509,3335,MBBS,
7510,3335,BCS(Health),Health
7511,3335,FCPS(OBGYN),OBGYN
7512,3336,MBBS,
7513,3336,MS (OBGYN),OBGYN
7514,3337,MBBS (DMC),DMC
7515,3337,FCPS,
7516,3337,MS (Obs & Gynae),Obs & Gynae
7517,3337,FCPS (Reproductive Endocrinology & Infertility),Reproductive Endocrinology & Infertility
7518,3338,MBBS,
7519,3338,MS (Neurosurgery),Neurosurgery
7520,3339,MBBS (DU),DU
7521,3340,MBBS,
7522,3340,DPH (London),London
7523,3340,MSc,
7524,3340,CHDC (London),London
7525,3341,MBBS,
7526,3341,MS (ENT),ENT
7527,3342,MBBS (Dhaka),Dhaka
7528,3342,MS (Urology),Urology
7529,3343,MBBS,
7530,3343,MS (Pediatric Surgery),Pediatric Surgery
7531,3344,MBBS,
7532,3344,DMRT,
7533,3345,MBBS (Dhaka),Dhaka
7534,3346,MBBS,
7535,3346,MS (Pediatric Surgery),Pediatric Surgery
7536,3347,MBBS,
7537,3347,MS (Pediatric Surgery),Pediatric Surgery
7538,3348,MBBS,
7539,3348,MS (Pediatric Surgery),Pediatric Surgery
7540,3349,MBBS,
7541,3349,FCPS (Surgery),Surgery
7542,3349,BCS (Health),Health
7543,3350,MBBS (London),London
7544,3350,Queen Elizabeth Hospital (London),London
7545,3351,MBBS,
7546,3352,MBBS,
7547,3352,BCS (Health),Health
7548,3352,FCPS (Medicine),Medicine
7549,3353,MBBS,
7550,3353,BCS (Health),Health
7551,3353,FCPS (Medicine),Medicine
7552,3354,MBBS,
7553,3354,FCPS (Surgery),Surgery
7554,3355,MBBS,
7555,3356,MBBS,
7556,3357,MBBS,
7557,3357,BCS (Health),Health
7558,3357,MS (Urology),Urology
7559,3358,MBBS,
7560,3359,MBBS,
7561,3360,MBBS,
7562,3361,MBBS,
7563,3361,MS (ENT),ENT
7564,3362,MBBS,
7565,3362,DO,
7566,3362,FCPS,
7567,3363,MBBS,
7568,3363,FCPS,
7569,3364,MBBS,
7570,3364,MD,
7571,3365,MBBS,
7572,3365,FCPS (Surgery),Surgery
7573,3366,MBBS (Dhaka),Dhaka
7574,3366,FCPS (Surgery),Surgery
7575,3367,MBBS,
7576,3367,FCPS,
7577,3368,MBBS (DMC),DMC
7578,3368,MD (Endocrinology),Endocrinology
7579,3368,Endocrinologist,
7580,3369,MBBS,
7581,3369,MD (Gastro-Enterology),Gastro-Enterology
7582,3370,MBBS,
7583,3370,MD (Cardiology),Cardiology
7584,3371,MBBS,
7585,3371,FCPS,
7586,3372,MBBS,
7587,3373,MBBS,
7588,3373,DDV (DMC),DMC
7589,3374,MBBS (DMC),DMC
7590,3374,FCPS (SKIN & VD),SKIN & VD
7591,3375,MBBS,
7592,3375,FCPS,
7593,3376,MBBS,
7594,3376,FCPS,
7595,3376,MRCP,
7596,3377,MBBS,
7597,3377,FCPS (Obs & Gyne),Obs & Gyne
7598,3378,MBBS,
7599,3379,MBBS,
7600,3379,FCPS (Gynae & Obs),Gynae & Obs
7601,3380,MBBS,
7602,3380,MS,
7603,3381,MBBS (DMC),DMC
7604,3381,MS (Ortho),Ortho
7605,3382,MBBS,
7606,3383,MBBS (Dhaka),Dhaka
7607,3383,Endocrinologist,
7608,3384,MBBS (Dhaka),Dhaka
7609,3384,BCS (Health) MD (Nephrology),Health
7610,3385,MBBS (SSMC),SSMC
7611,3385,BCS (Health),Health
7612,3385,MD (Chestology),Chestology
7613,3386,MBBS,
7614,3386,BCS (Health),Health
7615,3386,MRCP (UK),UK
7616,3386,MD (Chest),Chest
7617,3387,MSc,
7618,3387,PhD (Nutrition & Food Science),Nutrition & Food Science
7619,3388,MBBS,
7620,3388,BCS (Health),Health
7621,3388,MD (Hematology),Hematology
7622,3389,MBBS (SSMC),SSMC
7623,3389,BCS (Health),Health
7624,3389,MD (Medical Oncology),Medical Oncology
7625,3390,MBBS,
7626,3390,FCPS (Physical Medicine and Rehabilitation),Physical Medicine and Rehabilitation
7627,3391,MBBS,
7628,3391,BCS (Health),Health
7629,3391,MS (Urology),Urology
7630,3392,MBBS (Dhaka),Dhaka
7631,3392,BCS (Health),Health
7632,3392,MS (Urology),Urology
7633,3393,MBBS,
7634,3393,BCS (Health),Health
7635,3393,MD,
7636,3394,MBBS,
7637,3394,BCS (Health),Health
7638,3394,FCPS (ENT),ENT
7639,3395,MBBS,
7640,3396,MBBS,
7641,3396,DTM & H (London),London
7642,3397,MBBS,
7643,3397,BCS (Health),Health
7644,3397,MD (Gastroenterology),Gastroenterology
7645,3398,MBBS,
7646,3398,FCPS (General Surgery) MS (Plastic Surgery),General Surgery
7647,3399,MBBS (DMC),DMC
7648,3399,FCPS (Surgery),Surgery
7649,3400,MBBS,
7650,3400,FCPS,
7651,3401,MBBS (Dhaka),Dhaka
7652,3401,FCPS (Surgery),Surgery
7653,3402,MBBS,
7654,3402,BCS (Health),Health
7655,3402,MD (Neurology),Neurology
7656,3403,MBBS (Dhaka),Dhaka
7657,3403,BCS (Health) FCPS (Medicine),Health
7658,3404,MBBS,
7659,3404,BCS (Health),Health
7660,3404,MD (Internal Medicine),Internal Medicine
7661,3405,MBBS,
7662,3405,PhD (Japan),Japan
7663,3406,MBBS,
7664,3406,MD (Neonatology),Neonatology
7665,3407,MBBS (DMC),DMC
7666,3408,MBBS,
7667,3408,FCPS,
7668,3409,MBBS. FCPS (Paediatrics),Paediatrics
7669,3410,MBBS,
7670,3410,FCPS (Obs & Gyne) FCPS (Feto-Maternal Medicine),Obs & Gyne
7671,3410,BCS(Health),Health
7672,3411,MBBS,
7673,3411,FCPS (Obs & Gyne) FCPS (Feto-Maternal Medicine),Obs & Gyne
7674,3412,MBBS,
7675,3412,FCPS (Obs & Gyne) FCPS (Feto-Maternal Medicine),Obs & Gyne
7676,3413,MBBS,
7677,3413,FCPS (Obs & Gyne) FCPS (Feto-Maternal Medicine),Obs & Gyne
7678,3414,MBBS,
7679,3414,BCS (Health) FCPS (Obs & Gynae),Health
7680,3415,MBBS (Dhaka),Dhaka
7681,3415,BCS (Health),Health
7682,3415,FCPS (Obs and Gynae) FCPS (Reproductive Endocrinology & Infertility),Obs and Gynae
7683,3416,MBBS (DMC),DMC
7684,3416,FCPS (Gynaecological Oncology) MS (OBS & Gynae),Gynaecological Oncology
7685,3417,MBBS (Dhaka),Dhaka
7686,3417,BCS (Health) FCPS (Gyne & Obs) FCPS (Phyto-Maternal Medicine),Health
7687,3418,MBBS,
7688,3418,FCPS (Gynecology & Obstetrics),Gynecology & Obstetrics
7689,3419,MBBS,
7690,3419,BCS (Health),Health
7691,3419,FCPS (Surgery),Surgery
7692,3420,MBBS,
7693,3420,MD (BSMMU),BSMMU
7694,3421,MBBS,
7695,3421,MRCP (UK),UK
7696,3421,MD (Critical Care Medicine),Critical Care Medicine
7697,3422,MBBS,
7698,3422,FCPS (Child),Child
7699,3423,MBBS,
7700,3423,BCS (Health),Health
7701,3423,MD (Pediatric Gastroenterology),Pediatric Gastroenterology
7702,3424,MBBS,
7703,3424,MS (Ortho),Ortho
7704,3425,MBBS (Dhaka),Dhaka
7705,3426,MBBS,
7706,3426,FCPS,
7707,3427,MBBS,
7708,3427,MS (Neuro-Surgery),Neuro-Surgery
7709,3428,MBBS,
7710,3428,BCS (Health),Health
7711,3428,MD (Chestology) MACP (USA),Chestology
7712,3429,MBBS,
7713,3429,FCPS (Medicine),Medicine
7714,3429,MD (Rheumatology),Rheumatology
7715,3430,MBBS (RMC),RMC
7716,3430,MS (Plastic Surgery),Plastic Surgery
7717,3431,MBBS,
7718,3431,MD (Neurosurgery),Neurosurgery
7719,3432,FCPS,
7720,3433,MS( Orthodontics) BSSMU, Orthodontics
7721,3435,MBBS (DMC),DMC
7722,3436,MBBS (Dhaka),Dhaka
7723,3436,BCS (Health),Health
7724,3436,FCPS (Gynae & Obs),Gynae & Obs
7725,3437,MBBS,
7726,3438,MBBS,
7727,3438,BCS (Health),Health
7728,3439,MBBS,
7729,3439,FCPS (OBGYN),OBGYN
7730,3440,MBBS (Dhaka),Dhaka
7731,3440,FCPS (OBGYN),OBGYN
7732,3441,MBBS,
7733,3441,FCPS (Gynae),Gynae
7734,3442,MBBS,
7735,3442,FCPS (Gynae & Obstetrics),Gynae & Obstetrics
7736,3442,FCPS (Feto-Maternal Medicine),Feto-Maternal Medicine
7737,3443,MBBS,
7738,3443,FCPS,
7739,3444,MBBS,
7740,3444,MS (Surgery),Surgery
7741,3445,MBBS,
7742,3445,BCS (HEALTH),HEALTH
7743,3445,FCPS (Surgery),Surgery
7744,3446,MBBS (DMC),DMC
7745,3446,MD (Gastroenterology),Gastroenterology
7746,3447,MBBS,
7747,3447,BCS (HELTH),HELTH
7748,3447,MS (ENT),ENT
7749,3448,MBBS,
7750,3448,FCPS (ENT),ENT
7751,3449,MBBS,
7752,3449,BCS (Health),Health
7753,3449,MD (Cardiology),Cardiology
7754,3449,FCPS (Cardiology),Cardiology
7755,3450,MBBS,
7756,3450,BCS (HEALTH),HEALTH
7757,3451,MBBS,
7758,3451,MD,
7759,3452,MBBS,
7760,3452,MD,
7761,3453,MBBS,
7762,3453,FCPS,
7763,3454,MBBS,
7764,3454,MD (R&I),R&I
7765,3455,MBBS,
7766,3455,FCPS (Physical Medicine),Physical Medicine
7767,3456,MBBS,
7768,3456,"FCPS (Specialist Pain, Paralysis & Rheumatic Diseases)","Specialist Pain, Paralysis & Rheumatic Diseases"
7769,3457,MBBS,
7770,3457,FCPS,
7771,3457,FRCP (Glasgow),Glasgow
7772,3457,FRCP (Edinburgh),Edinburgh
7773,3458,MBBS,
7774,3458,DMRT,
7775,3458,FCPS,
7776,3459,MBBS,
7777,3459,FCPS,
7778,3460,MBBS,
7779,3460,MS (Neurosurgery),Neurosurgery
7780,3461,MBBS,
7781,3461,FCPS (Surgery),Surgery
7782,3461,MS (Neurosurgery),Neurosurgery
7783,3462,MBBS,
7784,3462,FCPS (Internal Medicine),Internal Medicine
7785,3462,FRCP (Edin),Edin
7786,3463,MBBS,
7787,3463,FCPS (Medicine),Medicine
7788,3463,MRCP,
7789,3464,MBBS,
7790,3464,MRCP (UK),UK
7791,3464,MRCPE,
7792,3465,MBBS,
7793,3465,MRCP (UK),UK
7794,3466,MBBS (DMC),DMC
7795,3466,MRCP (UK),UK
7796,3466,FRCP (Edin),Edin
7797,3467,MBBS (DMC),DMC
7798,3467,FCPS (Internal Medicine),Internal Medicine
7799,3468,MBBS,
7800,3468,FCPS,
7801,3468,MS (Fellowship in General Surgery & MS in Surgical Oncology),Fellowship in General Surgery & MS in Surgical Oncology
7802,3469,MBBS,
7803,3469,MD (USA),USA
7804,3470,MBBS,
7805,3470,MRCP (UK),UK
7806,3470,MSc Critical Care (U. Edin),U. Edin
7807,3470,FRCP (Edin),Edin
7808,3471,MBBS,
7809,3471,FCPS (Medicine),Medicine
7810,3471,FRCP (Edin),Edin
7811,3471,FRCP (Glasgow),Glasgow
7812,3472,MBBS,
7813,3472,MD (Hepatology),Hepatology
7814,3476,MBBS,
7815,3477,MBBS (Dhaka),Dhaka
7816,3477,MD CARD. (NICVD),NICVD
7817,3478,MBBS,
7818,3478,MD (Cardiology),Cardiology
7819,3479,MBBS,
7820,3479,D. Card (London),London
7821,3479,Msc Cardiology (UK),UK
7822,3480,MBBS,
7823,3480,FCPS (Internal Medicine),Internal Medicine
7824,3481,MBBS,
7825,3481,FCPS (Psy),Psy
7826,3482,MBBS,
7827,3482,FCPS,
7828,3482,FRCP (UK),UK
7829,3483,MBBS,
7830,3484,MBBS,
7831,3484,MD,
7832,3485,MBBS,
7833,3485,MS (Ortho),Ortho
7834,3486,MBBS,
7835,3486,MS (Orthopedic),Orthopedic
7836,3487,MBBS (DMC),DMC
7837,3487,MS (Ortho),Ortho
7838,3488,MBBS,
7839,3488,FCPS (Obs & Gyne),Obs & Gyne
7840,3488,FCPS (Gynecological Oncology),Gynecological Oncology
7841,3489,MBBS,
7842,3489,FCPS (Obs & Gyne) FCPS (Gynecological Oncology),Obs & Gyne
7843,3490,MBBS,
7844,3490,FCPS (Obs & Gyne) FCPS (Gynecological Oncology),Obs & Gyne
7845,3491,MBBS,
7846,3491,FCPS (ENT),ENT
7847,3492,MBBS,
7848,3492,FCPS (ENT),ENT
7849,3493,MBBS,
7850,3493,FCPS,
7851,3493,MS,
7852,3494,MBBS,
7853,3494,MSc In Clinical Dermatology (London),London
7854,3494,MSSVD (London),London
7855,3495,MBBS,
7856,3495,FCPS (Hematology),Hematology
7857,3496,MBBS,
7858,3496,MS ( Cardiothoracic Surgery), Cardiothoracic Surgery
7859,3497,MBBS,
7860,3497,MS (Cardiovascular and Thoracic Surgery),Cardiovascular and Thoracic Surgery
7861,3498,MBBS,
7862,3498,MS (Cardio-Vascular & Thoracic Surgery),Cardio-Vascular & Thoracic Surgery
7863,3499,MBBS,
7864,3499,MS (Cardiac Surgery),Cardiac Surgery
7865,3500,MBBS,
7866,3500,MS (Cardio-Vascular & Thoracic Surgery),Cardio-Vascular & Thoracic Surgery
7867,3501,MBBS,
7868,3501,FCPS (Surgery),Surgery
7869,3502,MBBS,
7870,3502,MS (CVTS),CVTS
7871,3503,MBBS,
7872,3503,FCPS,
7873,3504,MBBS,
7874,3504,FCPS (Paediatrics),Paediatrics
7875,3505,MBBS,
7876,3505,FCPS,
7877,3505,MD,
7878,3506,MBBS,
7879,3506,MD (Respiratory Medicine),Respiratory Medicine
7880,3507,MBBS,
7881,3507,FCPS,
7882,3508,MBBS,
7883,3508,FCPS (General Surgery),General Surgery
7884,3508,FCPS (Plastic Surgery),Plastic Surgery
7885,3509,MBBS,
7886,3509,MD (Pediatrics),Pediatrics
7887,3509,MD (Pediatric Cardiology),Pediatric Cardiology
7888,3510,MBBS,
7889,3510,FCPS (Pediatrics),Pediatrics
7890,3511,MBBS,
7891,3511,FCPS (Pediatrics),Pediatrics
7892,3512,MBBS,
7893,3512,MD,
7894,3513,MBBS,
7895,3513,MD (Pead),Pead
7896,3513,FCPS (Neonatology),Neonatology
7897,3514,MBBS,
7898,3514,FCPS (Pediatrics),Pediatrics
7899,3515,MBBS,
7900,3515,FCPS (Neonatology),Neonatology
7901,3516,MBBS,
7902,3516,FCPS (Pediatrics),Pediatrics
7903,3517,MBBS,
7904,3517,FCPS (Medicine),Medicine
7905,3517,MD (Neurology),Neurology
7906,3518,MBBS,
7907,3518,MD (USA),USA
7908,3518,DO (USA),USA
7909,3519,MBBS,
7910,3519,Diploma in Clinical Neurology (UK),UK
7911,3519,MSc Neuroscience (UK),UK
7912,3520,MBBS,
7913,3520,MD (Neurology),Neurology
7914,3521,MBBS,
7915,3521,FCPS (Medicine),Medicine
7916,3521,MD (Nephrology),Nephrology
7917,3522,MBBS,
7918,3522,MD (Nephrology),Nephrology
7919,3523,MBBS,
7920,3523,MRCP (UK),UK
7921,3524,MBBS,
7922,3524,MSc in Nephrology (UK),UK
7923,3525,MBBS,
7924,3525,FCPS ( OBS-GYN), OBS-GYN
7925,3526,MBBS,
7926,3526,FCPS,
7927,3527,MBBS,
7928,3527,FCPS (Surgery),Surgery
7929,3528,MBBS,
7930,3528,FCPS,
7931,3528,MS,
7932,3529,MBBS,
7933,3529,FCPS (Surgery),Surgery
7934,3530,MBBS,
7935,3530,FCPS (Endocrinology and Metabolism),Endocrinology and Metabolism
7936,3530,Endocrinologist,
7937,3531,FCPS (Orthodontics & Dentofacial Orthopedics),Orthodontics & Dentofacial Orthopedics
7938,3533,FCPS (Orthodontics and Dentofacial Orthopedics),Orthodontics and Dentofacial Orthopedics
7939,3534,FCPS,
7940,3534,MS (Oral & Maxillofacial Surgery),Oral & Maxillofacial Surgery
7941,3535,MBBS,
7942,3535,FCPS,
7943,3536,MBBS,
7944,3536,MD,
7945,3537,MBBS,
7946,3537,MD,
7947,3538,MBBS,
7948,3538,FCPS,
7949,3539,MBBS,
7950,3539,MD,
7951,3540,MBBS,
7952,3540,MD (Anesth),Anesth
7953,3541,MBBS,
7954,3541,FCPS,
7955,3542,MBBS,
7956,3542,FCPS,
7957,3543,MBBS,
7958,3543,FCPS,
7959,3544,MBBS,
7960,3544,FCPS (Medicine),Medicine
7961,3545,MBBS (DMC),DMC
7962,3546,MBBS(DU),DU
7963,3546,MRCP (UK),UK
7964,3547,MBBS,
7965,3548,MBBS,
7966,3548,FCPS,
7967,3549,MBBS,
7968,3550,MBBS,
7969,3550,FCPS (ORTHO),ORTHO
7970,3551,MBBS,
7971,3551,MS (Paediatric Surgery),Paediatric Surgery
7972,3552,MBBS,
7973,3552,FCPS,
7974,3553,MBBS,
7975,3553,FCPS (Plastic & Reconstructive Surgery),Plastic & Reconstructive Surgery
7976,3554,MBBS (DMC),DMC
7977,3554,MS (Plastic Surgery),Plastic Surgery
7978,3555,MBBS,
7979,3555,FCPS,
7980,3556,MBBS,
7981,3556,BCS(Health),Health
7982,3557,MBBS,
7983,3557,BCS (Health),Health
7984,3557,MD (Neurology),Neurology
7985,3558,MBBS,
7986,3558,BCS (Health)  MD (Neurology),Health
7987,3559,MBBS,
7988,3559,BCS (Health),Health
7989,3559,MS(Neurosurgery),Neurosurgery
7990,3560,MBBS,
7991,3560,FRSH (London),London
7992,3561,MBBS,
7993,3561,MD (Doctor of Medicine),Doctor of Medicine
7994,3562,MBBS (Dhaka),Dhaka
7995,3562,BCS (Health),Health
7996,3562,MD (Cardiology-BSMMU),Cardiology-BSMMU
7997,3563,MBBS,
7998,3563,FCPS (Anaesthesiologist),Anaesthesiologist
7999,3564,MS (OMS),OMS
8000,3565,MBBS,
8001,3565,PHDHE,
8002,3565,PHD (Nephrologist),Nephrologist
8003,3566,MBBS,
8004,3566,FCPS (Haematology),Haematology
8005,3567,MBBS,
8006,3568,MBBS,
8007,3568,MD (Chest),Chest
8008,3568,FRCP (Edinburgh),Edinburgh
8009,3570,MBBS,
8010,3570,FCPS (Surgery),Surgery
8011,3570,MS (Urology),Urology
8012,3571,MBBS,
8013,3571,FCPS (Surgery),Surgery
8014,3572,MBBS,
8015,3572,PhD,
8016,3572,MD,
8017,3572,MS,
8018,3573,MBBS (Dhaka),Dhaka
8019,3574,MBBS,
8020,3574,FRSH (London),London
8021,3575,MBBS,
8022,3575,FCPS (Surgery),Surgery
8023,3576,MBBS,
8024,3576,MS (ORTHO),ORTHO
8025,3577,MBBS,
8026,3577,BCS (Health),Health
8027,3577,MS (Neurosurgery),Neurosurgery
8028,3578,MBBS,
8029,3578,MRCP (UK),UK
8030,3578,MD (Critical Care Medicine - BSMMU),Critical Care Medicine - BSMMU
8031,3579,MBBS,
8032,3579,FCPS (Medicine),Medicine
8033,3580,MBBS,
8034,3580,MD (Nephrology),Nephrology
8035,3581,MBBS,
8036,3581,FCPS (OBGYN),OBGYN
8037,3582,MBBS,
8038,3583,MBBS,
8039,3584,MBBS,
8040,3585,MBBS,
8041,3585,FCPS (ENT),ENT
8042,3586,MBBS,
8043,3586,MD (Pediatrics),Pediatrics
8044,3587,MBBS,
8045,3587,FCPS (CHILD),CHILD
8046,3588,MBBS,
8047,3588,FCPS (Child),Child
8048,3589,MBBS,
8049,3589,FCPS (BD),BD
8050,3589,FCPS (PK) FRCP (UK),PK
8051,3590,MBBS,
8052,3591,MBBS,
8053,3591,MD,
8054,3592,MBBS,
8055,3592,BCS (Health),Health
8056,3592,MD (critical care),critical care
8057,3593,MBBS (Dmc),Dmc
8058,3593,MD,
8059,3594,MBBS,
8060,3594,BCS(Health),Health
8061,3594,MD,
8062,3595,MBBS,
8063,3596,MBBS,
8064,3596,MRCP(Uk),Uk
8065,3596,FCPS(Medicine),Medicine
8066,3597,MBBS,
8067,3597,DMU,
8068,3598,MBBS,
8069,3599,MBBS (DU),DU
8070,3600,MBBS,
8071,3600,FCPS (Surgery),Surgery
8072,3601,MBBS,
8073,3601,FCPS (Surgery),Surgery
8074,3601,MS (Surgical Oncology),Surgical Oncology
8075,3602,MBBS,
8076,3602,BCS (Health),Health
8077,3602,FCPS (Surgery),Surgery
8078,3602,MS (PB),PB
8079,3603,MBBS,
8080,3603,BCS,
8081,3603,FCPS (Surgery),Surgery
8082,3604,MBBS,
8083,3604,FCPS (Surgery),Surgery
8084,3605,MBBS,
8085,3605,MD (Cardiology),Cardiology
8086,3606,MBBS,
8087,3606,BCS (Health),Health
8088,3607,MBBS,
8089,3607,BCS (Health),Health
8090,3607,FCPS (Obs & Gynaecology),Obs & Gynaecology
8091,3608,MBBS,
8092,3608,MRCOG (London),London
8093,3608,FRCOG (London),London
8094,3609,MBBS,
8095,3609,FCPS ( Pedi), Pedi
8096,3610,MBBS,
8097,3610,MD(Nephrology),Nephrology
8098,3611,MBBS (DMC),DMC
8099,3611,BCS (Health),Health
8100,3611,FCPS (ENT),ENT
8101,3612,MBBS,
8102,3612,FCPS (ENT),ENT
8103,3613,MBBS,
8104,3613,BCS (Health) FCPS - Plastic Surgery (Final Part) MS- Plastic Surgery (Resident),Health
8105,3614,MBBS,
8106,3616,BCS (Health),Health
8107,3616,MS (Oral & Maxillofacial Surgery),Oral & Maxillofacial Surgery
8108,3616,FCPS (Oral and Maxillofacial Surgery) Pat-02,Oral and Maxillofacial Surgery
8109,3617,MBBS,
8110,3617,BCS (Health),Health
8111,3617,MS (Orthopaedics Surgery),Orthopaedics Surgery
8112,3618,MBBS (DMC),DMC
8113,3618,BCS (Health),Health
8114,3618,MS (Cardiovascular and Thoracic Surgery),Cardiovascular and Thoracic Surgery
8115,3619,MBBS (Dhaka),Dhaka
8116,3619,BCS (Health),Health
8117,3619,FCPS (Medicine),Medicine
8118,3619,MD,
8119,3620,MBBS,
8120,3620,MD (Nephrology),Nephrology
8121,3621,MBBS,
8122,3621,BCS (Health),Health
8123,3621,FCPS (Gynecology),Gynecology
8124,3622,MBBS (Dhaka),Dhaka
8125,3623,MBBS (DU),DU
8126,3624,MBBS,
8127,3624,FMD,
8128,3625,MBBS (DU),DU
8129,3626,MBBS (BMC),BMC
8130,3627,MBBS (Dhaka),Dhaka
8131,3627,BCS (Health),Health
8132,3627,MD (Child Health),Child Health
8133,3627,MD (Neonatal),Neonatal
8134,3628,MBBS,
8135,3629,MBBS,
8136,3630,MBBS,
8137,3630,MS (Pediatric Surgery),Pediatric Surgery
8138,3631,MBBS,
8139,3631,MD (Pediatric),Pediatric
8140,3632,MBBS,
8141,3633,MBBS. D-ORTHO (BSMMU),BSMMU
8142,3634,MBBS,
8143,3634,MS (Ortho),Ortho
8144,3635,MBBS,
8145,3635,FCPS (Gyne & Obs),Gyne & Obs
8146,3636,MBBS,
8147,3636,FCPS (Gynea & Obs),Gynea & Obs
8148,3637,MBBS,
8149,3637,MS (Gyne & Obs),Gyne & Obs
8150,3638,MBBS,
8151,3638,FCPS,
8152,3639,MBBS,
8153,3639,MD (Gastrology),Gastrology
8154,3640,MBBS,
8155,3640,MD (Gastrology),Gastrology
8156,3641,MBBS,
8157,3641,FCPS (Medicine),Medicine
8158,3642,MBBS,
8159,3642,BCS (Health),Health
8160,3642,MS (Orthopaedics),Orthopaedics
8161,3643,MBBS (DMC),DMC
8162,3643,FCPS (Medicine),Medicine
8163,3644,MBBS,
8164,3644,BCS (Health),Health
8165,3645,MBBS (DMC),DMC
8166,3645,FCPS (SKIN & VD),SKIN & VD
8167,3646,MBBS,
8168,3646,FCPS (Medicine),Medicine
8169,3646,FCPS (Cardio),Cardio
8170,3647,MBBS,
8171,3647,BCS (Health),Health
8172,3647,MD (Nephrology),Nephrology
8173,3648,MBBS,
8174,3648,FCPS (Paediatric),Paediatric
8175,3649,MBBS,
8176,3649,BCS (Health),Health
8177,3649,MD (Pediatrics),Pediatrics
8178,3651,MBBS,
8179,3651,BCS (Health),Health
8180,3651,MS (Urology),Urology
8181,3652,MBBS (DMC),DMC
8182,3652,BCS(Health),Health
8183,3652,"FCPS (Paed, Neurology & Development)","Paed, Neurology & Development"
8184,3653,MBBS (Dhaka),Dhaka
8185,3653,MD (Neurology),Neurology
8186,3654,MBBS (DHAKA),DHAKA
8187,3654,BCS (Health),Health
8188,3654,MD,
8189,3655,MBBS,
8190,3656,MBBS,
8191,3656,FCPS,
8192,3657,MBBS,
8193,3657,MRCP (UK),UK
8194,3658,MBBS,
8195,3658,FCPS,
8196,3659,MBBS (DMC),DMC
8197,3659,FCPS (Gynac &Obs),Gynac &Obs
8198,3660,MBBS,
8199,3661,MBBS,
8200,3661,MS (Pediatric Surgery),Pediatric Surgery
8201,3662,MBBS,
8202,3662,FCPS (Surgery),Surgery
8203,3663,MBBS,
8204,3663,FCPS (Surgery),Surgery
8205,3664,MBBS,
8206,3664,FCPS (Surgery),Surgery
8207,3665,MBBS,
8208,3665,FCPS (Surgery),Surgery
8209,3666,MBBS,
8210,3666,DMU,
8211,3667,MBBS,
8212,3667,DMU,
8213,3668,MBBS,
8214,3668,DMU,
8215,3669,MBBS,
8216,3669,MD (Radiology),Radiology
8217,3670,MBBS,
8218,3670,FCPS,
8219,3671,MBBS,
8220,3672,MBBS,
8221,3672,FCPS (Pediatrics),Pediatrics
8222,3673,MBBS,
8223,3674,MBBS,
8224,3675,MBBS,
8225,3676,MBBS,
8226,3677,MBBS,
8227,3678,MBBS,
8228,3678,DO (Ophthalmology),Ophthalmology
8229,3679,MBBS,
8230,3679,DO (Ophthalmology),Ophthalmology
8231,3680,MBBS,
8232,3680,MD(Neuro-Medicine),Neuro-Medicine
8233,3681,MBBS (DMC),DMC
8234,3681,MD (Nephrology),Nephrology
8235,3681,FCPS (Medicine),Medicine
8236,3682,MBBS,
8237,3682,FCPS,
8238,3683,MBBS,
8239,3683,FCPS (OBGYN),OBGYN
8240,3684,MBBS,
8241,3684,MS (Obs. & Gynae),Obs. & Gynae
8242,3685,MBBS,
8243,3685,FCPS (Obs. & Gynae),Obs. & Gynae
8244,3686,MBBS,
8245,3686,FCPS (Obs. & Gynae),Obs. & Gynae
8246,3687,MBBS,
8247,3687,MS (Obs. & Gynae),Obs. & Gynae
8248,3688,MBBS,
8249,3689,MBBS,
8250,3689,FCPS (Otolaryngology),Otolaryngology
8251,3690,MBBS,
8252,3691,MBBS,
8253,3692,MBBS,
8254,3692,MD (Endocrinology),Endocrinology
8255,3692,Endocrinologist,
8256,3693,MBBS,
8257,3693,Endocrinologist,
8258,3694,MBBS,
8259,3694,FCPS (Skin & VD),Skin & VD
8260,3695,MBBS,
8261,3696,MBBS,
8262,3697,MBBS,
8263,3697,DMU,
8264,3698,MBBS,
8265,3699,MBBS,
8266,3700,MBBS,
8267,3701,MBBS,
8268,3701,MS (CVTS),CVTS
8269,3701,PhD,
8270,3702,MBBS,
8271,3702,MD (BSMMU),BSMMU
8272,3703,MBBS (Dhaka),Dhaka
8273,3703,FCPS (Medicine),Medicine
8274,3704,MBBS,
8275,3704,FCPS (Psych.),Psych.
8276,3705,MBBS,
8277,3705,FCPS (Obs & Gynee),Obs & Gynee
8278,3706,MBBS,
8279,3706,FCPS,
8280,3708,MBBS,
8281,3708,FCPS (Medicine),Medicine
8282,3709,MBBS,
8283,3709,FCPS (Surgery),Surgery
8284,3709,MS(Urology),Urology
8285,3710,MBBS,
8286,3710,FCPS (Hematology),Hematology
8287,3711,MBBS (Dhaka),Dhaka
8288,3711,BCS (Health),Health
8289,3711,MS (Urology),Urology
8290,3711,FCPS (UROL-F),UROL-F
8291,3712,MBBS (DMC),DMC
8292,3712,DMU (NU),NU
8293,3713,MBBS (Dhaka),Dhaka
8294,3714,MBBS,
8295,3714,MD (USSR),USSR
8296,3715,MBBS (D.U),D.U
8297,3715,FCPS (Obs. & Gynae),Obs. & Gynae
8298,3716,MBBS (Dhaka),Dhaka
8299,3717,MBBS,
8300,3717,FCPS Surgery,
8301,3718,MBBS,
8302,3718,MD,
8303,3719,MBBS,
8304,3719,Endocrinologist,
8305,3720,MBBS,
8306,3720,MD (Dermatology),Dermatology
8307,3722,MBBS (DU),DU
8308,3722,BCS (Health),Health
8309,3723,MBBS (DMC),DMC
8310,3723,MS ( Obs. & Gynae ), Obs. & Gynae 
8311,3724,MBBS,
8312,3724,FCPS (Obs & Gynae),Obs & Gynae
8313,3724,DMU,
8314,3725,MBBS,
8315,3725,BCS (Health),Health
8316,3725,MS (Neurosurgery),Neurosurgery
8317,3726,MBBS (DU),DU
8318,3727,MBBS,
8319,3727,MS (Paed Surg),Paed Surg
8320,3727,BCS (Health),Health
8321,3728,MBBS,
8322,3728,BCS,
8323,3728,FCPS (Surgery),Surgery
8324,3729,MBBS,
8325,3730,MBBS,
8326,3730,BCS (Health),Health
8327,3730,MD (Hepatology),Hepatology
8328,3732,MBBS,
8329,3732,BCS (Health),Health
8330,3732,MD (Gastroenterology),Gastroenterology
8331,3733,MBBS,
8332,3733,FCPS (Medicine),Medicine
8333,3734,MBBS (DMC),DMC
8334,3734,FCPS (Surgery) MS (Plastic Surgery),Surgery
8335,3735,MBBS,
8336,3735,FCPS (Plastic & Reconstructive Surgery),Plastic & Reconstructive Surgery
8337,3736,MBBS (Dhaka),Dhaka
8338,3736,FCPS (Surgery),Surgery
8339,3737,MBBS,
8340,3738,MBBS (Dhaka),Dhaka
8341,3739,MBBS,
8342,3739,MS (Ortho),Ortho
8343,3740,MBBS(Dhaka),Dhaka
8344,3740,MS (Ortho) NITOR,Ortho
8345,3741,MBBS,
8346,3741,MS (Ortho),Ortho
8347,3742,MBBS,
8348,3742,MS (Australia),Australia
8349,3743,MBBS,
8350,3743,BCS (Health),Health
8351,3743,DMU,
8352,3744,MBBS,
8353,3744,MS (Neurosurgery),Neurosurgery
8354,3745,MBBS,
8355,3746,MBBS,
8356,3746,MD (Radiology & Imaging),Radiology & Imaging
8357,3747,MBBS,
8358,3747,FCPS (Histo),Histo
8359,3748,MBBS,
8360,3748,BCS (Health),Health
8361,3749,MBBS,
8362,3749,BCS (Health),Health
8363,3749,FCPS (Radiotherapy),Radiotherapy
8364,3750,MBBS,
8365,3750,MS (Urology),Urology
8366,3751,MBBS,
8367,3751,FCPS,
8368,3751,MS,
8369,3752,MBBS,
8370,3753,MBBS,
8371,3753,BCS (Health),Health
8372,3753,FCPS (Urology),Urology
8373,3754,MBBS,
8374,3754,MD (Chest),Chest
8375,3755,MBBS,
8376,3756,MBBS,
8377,3756,FCPS (Surgery),Surgery
8378,3757,MBBS,
8379,3757,BCS (Health),Health
8380,3757,FCPS (Obs. & Gynae),Obs. & Gynae
8381,3758,MBBS,
8382,3758,MS (Neuro Surgery),Neuro Surgery
8383,3759,MBBS,
8384,3759,FCPS (EYE),EYE
8385,3760,MBBS,
8386,3760,FCPS (Medicine),Medicine
8387,3760,MD (Neurology),Neurology
8388,3762,BCS (Health),Health
8389,3763,MBBS,
8390,3764,MBBS,
8391,3765,MBBS,
8392,3765,FCPS(Surgery),Surgery
8393,3765,BCS(Health),Health
8394,3766,MBBS,
8395,3766,MS,
8396,3767,MBBS,
8397,3767,MS (Pediatric Surgery),Pediatric Surgery
8398,3768,MBBS (Spore),Spore
8399,3768,"MRCPCH (UK, RCPCH)","UK, RCPCH"
8400,3769,MBBS,
8401,3769,MD (Neurology),Neurology
8402,3770,MBBS,
8403,3770,BCS (Health),Health
8404,3770,MS (Child Surgery),Child Surgery
8405,3771,MBBS,
8406,3771,FCPS (Paediatrics),Paediatrics
8407,3772,MBBS,
8408,3772,FCPS (BD),BD
8409,3772,DAGO (London),London
8410,3773,MBBS (DMC),DMC
8411,3773,MD (Neurology),Neurology
8412,3774,MBBS,
8413,3774,FCPS(S),S
8414,3775,MBBS,
8415,3775,FCPS,
8416,3776,MBBS,
8417,3776,MD,
8418,3776,FCPS (Surgery),Surgery
8419,3777,MBBS,
8420,3777,BCS (Health),Health
8421,3777,FCPS (Medicine),Medicine
8422,3778,MBBS,
8423,3778,FCPS,
8424,3778,MS (Gyne & Obs.),Gyne & Obs.
8425,3779,MBBS (Dhaka),Dhaka
8426,3779,BCS (Health),Health
8427,3779,MD (Internal Medicine),Internal Medicine
8428,3780,MBBS,
8429,3780,MD (Psychology),Psychology
8430,3781,MBBS,
8431,3782,MBBS,
8432,3782,Endocrinologist,
8433,3783,MBBS,
8434,3783,BCS (Health),Health
8435,3783,MD,
8436,3784,MBBS,
8437,3784,BCS (Health),Health
8438,3784,MD,
8439,3785,MBBS,
8440,3785,FCPS (Final Phase),Final Phase
8441,3786,MBBS,
8442,3787,MBBS (Dhaka),Dhaka
8443,3788,MBBS,
8444,3788,BCS,
8445,3788,FCPS (Surgery),Surgery
8446,3788,MS (Hepatobiliary & Pancreatic Surgery),Hepatobiliary & Pancreatic Surgery
8447,3789,MBBS (Dhaka),Dhaka
8448,3791,MBBS,
8449,3792,MBBS (Dhaka),Dhaka
8450,3792,BCS (Health),Health
8451,3793,MBBS,
8452,3793,MS (Neurosurgery),Neurosurgery
8453,3794,MBBS (Armed Force Medical College),Armed Force Medical College
8454,3794,MS (NIKDU),NIKDU
8455,3795,MBBS,
8456,3795,PhD (The university of Tokyo) in Internal Medicine,The university of Tokyo
8457,3796,MBBS (DMC),DMC
8458,3796,MD (USA),USA
8459,3797,MBBS (SMC),SMC
8460,3797,MD (Chest) (DU),Chest
8461,3797,FRCP (Edin),Edin
8462,3798,MBBS (DU),DU
8463,3798,FCPS (BCPS),BCPS
8464,3802,MBBS (DMC),DMC
8465,3803,MBBS (SSMC),SSMC
8466,3803,FCPS (BCPS),BCPS
8467,3804,MBBS (Sher - E - Bangla Medical College),Sher - E - Bangla Medical College
8468,3804,DCH (DMC),DMC
8469,3805,MBBS,
8470,3805,FCPS,
8471,3806,MBBS (DU),DU
8472,3806,MS (NITOR),NITOR
8473,3807,MBBS (DMC),DMC
8474,3807,MS(Ortho) Ph. D,Ortho
8475,3808,MBBS,
8476,3808,DO (DU),DU
8477,3808,FCPS (Opth),Opth
8478,3809,MBBS (DU),DU
8479,3809,DO (DU),DU
8480,3810,MBBS,
8481,3810,MS (Opth),Opth
8482,3810,DO,
8483,3811,MBBS (RMC),RMC
8484,3811,DMRT (IPGM&R),IPGM&R
8485,3812,MBBS,
8486,3812,FCPS (Gynae & Obs),Gynae & Obs
8487,3813,MBBS (ShSM),ShSM
8488,3813,MS in Gyne & Obs (BSMMU),BSMMU
8489,3813,FCPS(Reproductive Endocrinology and Infertility)(PART-2):,Reproductive Endocrinology and Infertility
8490,3814,MBBS (DMC),DMC
8491,3814,FCPS (BCPS),BCPS
8492,3815,MBBS (BMCH),BMCH
8493,3816,MBBS (DU),DU
8494,3816,FCPS (Obs & Gyne),Obs & Gyne
8495,3816,DMU( DU), DU
8496,3817,MBBS (DMC),DMC
8497,3817,FCPS (BCPS),BCPS
8498,3817,MS (DU),DU
8499,3820,MSc & BSc in Food & Nutrition (DU),DU
8500,3821,MBBS (SSMC),SSMC
8501,3821,MRCP (London),London
8502,3821,MRCP (Edin),Edin
8503,3822,MBBS,
8504,3822,MRCP,
8505,3822,MSC,
8506,3823,MBBS (Sher E Bangla Medical College),Sher E Bangla Medical College
8507,3823,MD- Nephrology (DMC),DMC
8508,3824,MBBS,
8509,3824,MRCP,
8510,3824,MSc,
8511,3825,MSC,
8512,3825,Diploma in Counceling (TA & NLP),TA & NLP
8513,3826,MSc (UK),UK
8514,3827,MBBS,
8515,3828,MBBS,
8516,3828,FCPS-1st Part (Medicine),Medicine
8517,3829,MBBS (KMC),KMC
8518,3829,MD (Hepatology),Hepatology
8519,3829,BCS (Health),Health
8520,3830,MBBS,
8521,3830,DMU,
8522,3831,MBBS,
8523,3832,MRCP (UK),UK
8524,3833,MBBS,
8525,3833,FMD (USTC),USTC
8526,3833,DOC (Skin & Veneral),Skin & Veneral
8527,3833,DMU (BITMIR),BITMIR
8528,3834,MBBS,
8529,3834,FCPS,
8530,3835,MBBS (RU),RU
8531,3835,DOC (Skin & VD),Skin & VD
8532,3836,MBBS,
8533,3836,FCPS (Part-2) (DMC),Part-2
8534,3837,MBBS (India),India
8535,3838,MBBS,
8536,3839,MBBS (DMC),DMC
8537,3839,FCPS,
8538,3840,MBBS (CMCH),CMCH
8539,3840,FCPS (FP),FP
8540,3841,MBBS (SSMC),SSMC
8541,3841,Diploma in Dermatology,
8542,3842,MBBS (DMC),DMC
8543,3842,FCPS (BCPS),BCPS
8544,3843,MBBS (AFMC),AFMC
8545,3844,MBBS (DU),DU
8546,3844,DDV (DMC),DMC
8547,3845,"PhD (Tokyo, Japan)","Tokyo, Japan"
8548,3846,Post-Doc (Japan),Japan
8549,3848,MBBS,
8550,3848,D Card (London),London
8551,3848,MRCP (London),London
8552,3848,FRCP,
8553,3849,MBBS,
8554,3849,MD,
8555,3850,MBBS (RMC),RMC
8556,3851,MBBS,
8557,3851,MD (Card),Card
8558,3852,MBBS,
8559,3852,MD (Cardiology),Cardiology
8560,3853,MBBS (RMC),RMC
8561,3853,Diploma in Emergency Medicine (UK),UK
8562,3854,MBBS (CMC),CMC
8563,3855,MBBS,
8564,3856,MBBS,
8565,3856,BCS (Health),Health
8566,3856,MS (Ortho),Ortho
8567,3857,MBBS,
8568,3857,MS (Orthosurgery),Orthosurgery
8569,3858,MBBS (RU),RU
8570,3858,Endocrinologist,
8571,3859,MBBS,
8572,3859,MSc (Dermatology-London),Dermatology-London
8573,3860,MBBS,
8574,3860,BCS (Health),Health
8575,3860,FCPS (Gynecology & Obs),Gynecology & Obs
8576,3861,MBBS (DMC),DMC
8577,3861,FRSH (London),London
8578,3861,FCPS (Gyne),Gyne
8579,3862,MBBS,
8580,3862,FCPS (Gynaecology),Gynaecology
8581,3863,MBBS,
8582,3863,BCS (Health),Health
8583,3863,FCPS (Medicine),Medicine
8584,3863,FCPS (Gastroenterology),Gastroenterology
8585,3864,MBBS,
8586,3865,MBBS,
8587,3865,MS (Pediatric Surgery),Pediatric Surgery
8588,3866,MBBS,
8589,3866,FCPS (Child),Child
8590,3867,MBBS,
8591,3867,BCS (Health),Health
8592,3867,MS (Urology),Urology
8593,3868,MBBS,
8594,3868,MS (CVTS),CVTS
8595,3869,MBBS,
8596,3870,MBBS,
8597,3870,FCPS (Surgery),Surgery
8598,3871,MBBS,
8599,3871,FCPS (Surgery),Surgery
8600,3872,MBBS,
8601,3872,MD (Cardiology),Cardiology
8602,3873,MBBS,
8603,3873,BCS (Health),Health
8604,3873,FCPS,
8605,3874,MBBS,
8606,3874,FCPS (Medicine),Medicine
8607,3874,MD (Gastro),Gastro
8608,3874,FAMS (Austria),Austria
8609,3875,MBBS,
8610,3876,MBBS,
8611,3876,BCS (Health),Health
8612,3876,MD (Neurology),Neurology
8613,3877,MBBS,
8614,3877,BCS,
8615,3877,FCPS(ENT),ENT
8616,3878,MBBS,
8617,3879,MBBS,
8618,3879,MS(Pediatric Surgery),Pediatric Surgery
8619,3880,MBBS,
8620,3880,BCS,
8621,3880,FCPS (Surgery),Surgery
8622,3881,MBBS,
8623,3881,FCPS(Surgery),Surgery
8624,3882,MBBS,
8625,3882,FCPS (Surgery),Surgery
8626,3883,MBBS,
8627,3883,BCS,
8628,3883,FCPS (Medicine),Medicine
8629,3884,MBBS,
8630,3884,BCS,
8631,3884,FCPS (Medicine),Medicine
8632,3884,FCPS (Gastroenterology),Gastroenterology
8633,3885,MBBS,
8634,3885,BCS,
8635,3885,FCPS (Gyn & Obs).,Gyn & Obs
8636,3886,MBBS,
8637,3886,FCPS(Child),Child
8638,3886,FCPS(Child Neurology & Development),Child Neurology & Development
8639,3887,MBBS,
8640,3887,FCPS (Child),Child
8641,3888,MBBS,
8642,3889,MBBS,
8643,3889,MS (Orth),Orth
8644,3890,MBBS,
8645,3890,BCS (Health),Health
8646,3890,MS (Gyne),Gyne
8647,3891,MBBS (RU),RU
8648,3891,"MRCP (London, UK)","London, UK"
8649,3892,MBBS,
8650,3892,BCS (Health),Health
8651,3892,MS (Obs. & Gynae),Obs. & Gynae
8652,3893,MBBS (DMC),DMC
8653,3893,BCS (Health),Health
8654,3893,MD (Endo),Endo
8655,3893,Endocrinologist,
8656,3894,MBBS,
8657,3894,MD,
8658,3895,MBBS,
8659,3895,FCPS,
8660,3896,MBBS,
8661,3897,MBBS,
8662,3897,MD,
8663,3898,MBBS,
8664,3898,MS,
8665,3899,MBBS,
8666,3899,FCPS(Med),Med
8667,3899,FCPS (Neuro),Neuro
8668,3900,MBBS,
8669,3900,MD,
8670,3901,MSC (Food & Nutrition),Food & Nutrition
8671,3902,MBBS,
8672,3902,DMU,
8673,3902,DOC,
8674,3903,MBBS,
8675,3903,Diploma in Medical Ultrasonography,
8676,3904,MBBS,
8677,3904,"PGT (NMC, DMCH)","NMC, DMCH"
8678,3905,MBBS,
8679,3905,PGT (DMCH),DMCH
8680,3906,MBBS,
8681,3906,"PGT (NMC, DMCH)","NMC, DMCH"
8682,3907,MBBS,
8683,3907,MD (Radiology & Imaging),Radiology & Imaging
8684,3909,PCR (DMCH),DMCH
8685,3910,MBBS (SUST),SUST
8686,3911,MBBS. FCPS (Oph.),Oph.
8687,3912,MBBS,
8688,3912,FCPS (OPH),OPH
8689,3913,MBBS,
8690,3913,FCPS (OPH),OPH
8691,3914,MBBS,
8692,3914,FCPS,
8693,3915,MBBS,
8694,3916,MBBS (DU),DU
8695,3916,BCS,
8696,3916,FCPS (Gynaee & OBS),Gynaee & OBS
8697,3917,MBBS (DU),DU
8698,3917,BCS (Health),Health
8699,3917,FCPS (Gynaee & OBS),Gynaee & OBS
8700,3918,MBBS,
8701,3919,MBBS,
8702,3919,FCPS,
8703,3919,MS (Gynae & OBS),Gynae & OBS
8704,3920,MBBS,
8705,3921,MBBS (DMC),DMC
8706,3922,MBBS (DMC). MS (Neuro Surgery),DMC
8707,3923,MBBS. BCS (Health),Health
8708,3923,MS (Urology),Urology
8709,3924,MBBS,
8710,3924,FCPS (Surgery),Surgery
8711,3924,MS (Urology),Urology
8712,3925,MBBS,
8713,3925,MS,
8714,3926,MBBS,
8715,3926,FCPS,
8716,3927,MBBS,
8717,3927,BCS (Health),Health
8718,3928,MBBS (Dhaka),Dhaka
8719,3928,MD(USA),USA
8720,3929,MBBS,
8721,3929,MS (Paed.  Surgery),Paed.  Surgery
8722,3930,MBBS. DCH. MD (Child Health),Child Health
8723,3931,MBBS. DCH. FCPS (Child),Child
8724,3932,MBBS,
8725,3932,MD (Child),Child
8726,3932,Md (Neonatology),Neonatology
8727,3933,MBBS,
8728,3934,MBBS,
8729,3934,BCS(Health),Health
8730,3934,MD(Nephrology),Nephrology
8731,3935,MBBS,
8732,3935,MD(Child),Child
8733,3935,MD((Neonatology),(Neonatology
8734,3936,MBBS BCS (Health),Health
8735,3936,MD(Gastroenterology),Gastroenterology
8736,3937,MBBS (Dhaka),Dhaka
8737,3937,BCS (Health),Health
8738,3937,MD (Neurology),Neurology
8739,3938,MBBS (Dhaka),Dhaka
8740,3938,BCS (Health),Health
8741,3938,MD (Neurology),Neurology
8742,3939,MBBS (Dhaka),Dhaka
8743,3939,FCPS (Medicine),Medicine
8744,3939,MD (Cardiology-NICVD),Cardiology-NICVD
8745,3940,MBBS,
8746,3940,MD (Cardiology),Cardiology
8747,3941,MBBS,
8748,3941,MD(Cardiology),Cardiology
8749,3942,MBBS (Dhaka),Dhaka
8750,3942,FCPS (Medicine),Medicine
8751,3943,MBBS,
8752,3943,FCPS (Med),Med
8753,3943,FRCP (Glasgow),Glasgow
8754,3944,MBBS(Dhaka),Dhaka
8755,3944,DMU IN USG,
8756,3945,MBBS,
8757,3945,MD (Critical Care Medicine),Critical Care Medicine
8758,3946,MBBS,
8759,3946,MS (CVTS),CVTS
8760,3946,BCS (Health),Health
8761,3947,MBBS,
8762,3947,MS (CV & TS),CV & TS
8763,3948,MBBS (Dhaka),Dhaka
8764,3949,MBBS (DMC),DMC
8765,3949,BCS (Health),Health
8766,3949,MS (Cardiovascular & Thoracic Surgery),Cardiovascular & Thoracic Surgery
8767,3950,MBBS,
8768,3950,MS (CVTS),CVTS
8769,3950,BCS (Health),Health
8770,3951,MBBS (DMC),DMC
8771,3951,BCS (Health),Health
8772,3951,MS (Cardio Vascular & Thoracic Surgery),Cardio Vascular & Thoracic Surgery
8773,3952,MBBS,
8774,3952,MS (CVTS),CVTS
8775,3952,FCPS (Surgery),Surgery
8776,3953,MBBS,
8777,3953,MS (CT),CT
8778,3954,MBBS,
8779,3954,MS (Cardiothoracic),Cardiothoracic
8780,3955,MBBS,
8781,3955,FCPS (Surgery),Surgery
8782,3956,MBBS,
8783,3956,FCPS,
8784,3957,MBBS,
8785,3957,MS (Ped),Ped
8786,3958,MBBS (DMC),DMC
8787,3958,FCPS (Oncology) M.Phil (Immunology),Oncology
8788,3959,MBBS,
8789,3959,MS (Urology),Urology
8790,3960,MBBS,
8791,3960,MS (Urology),Urology
8792,3961,MBBS,
8793,3961,BCS,
8794,3961,MS (Neuro Surgeon),Neuro Surgeon
8795,3962,MBBS,
8796,3962,BCS (Health),Health
8797,3962,MS (Neuro Surgery),Neuro Surgery
8798,3963,MBBS,
8799,3963,MS (Neurosurgery),Neurosurgery
8800,3964,MBBS (DMC),DMC
8801,3964,MS (Neurosurgery),Neurosurgery
8802,3964,BCS (Health),Health
8803,3965,MBBS,
8804,3965,MS (Neuro Surgery),Neuro Surgery
8805,3966,MBBS (DMC),DMC
8806,3966,MD (Neurology),Neurology
8807,3967,MBBS,
8808,3967,MD (Neurology) MACP (USA),Neurology
8809,3968,MBBS,
8810,3969,MBBS,
8811,3970,MBBS (Dhaka),Dhaka
8812,3971,MBBS (DU),DU
8813,3971,MRCP (UK),UK
8814,3971,MSC (Gastroenterology),Gastroenterology
8815,3972,MBBS,
8816,3972,BCS,
8817,3972,MD (Nephrology),Nephrology
8818,3973,MBBS,
8819,3974,MBBS,
8820,3974,BCS (Health),Health
8821,3975,MBBS,
8822,3975,FCPS,
8823,3975,MS (Surgery),Surgery
8824,3976,MBBS,
8825,3976,FCPS(Surgery P-2) CBLS(Laparoscopic Surgery,Surgery P-2
8826,3977,MBBS,
8827,3977,BCS (Health) MD (Cardiology),Health
8828,3977,MACP (USA) FCPS (Medicine Part-2),USA
8829,3978,MBBS (DMC),DMC
8830,3979,MBBS,
8831,3979,BCS (Health),Health
8832,3979,FCPS (Medicine),Medicine
8833,3979,MD (Cardiology) MACP (USA),Cardiology
8834,3980,MBBS (SOMC),SOMC
8835,3980,BCS (Health) FCPS (Medicine),Health
8836,3981,MBBS,
8837,3981,MS (Gynae & Obs),Gynae & Obs
8838,3982,MBBS,
8839,3982,FCPS (Gynae & Obs),Gynae & Obs
8840,3983,MBBS,
8841,3983,BCS,
8842,3983,FCPS (Gynae),Gynae
8843,3984,MBBS (SSMC),SSMC
8844,3984,BCS (Health),Health
8845,3984,FCPS (Obs & Gynae),Obs & Gynae
8846,3984,MS (Gynae),Gynae
8847,3985,MBBS (DMC),DMC
8848,3985,FCPS (Child),Child
8849,3986,MBBS,
8850,3986,BCS,
8851,3986,MS (Urology),Urology
8852,3986,FCPS (Surgery),Surgery
8853,3987,MBBS,
8854,3987,BCS (Health),Health
8855,3987,MS (Urology),Urology
8856,3988,MBBS,
8857,3988,FCPS (Psych),Psych
8858,3989,MBBS (DMC),DMC
8859,3989,BCS (Health),Health
8860,3989,FCPS (Pediatrics),Pediatrics
8861,3989,MD (Pediatrics),Pediatrics
8862,3990,MBBS,
8863,3990,MD,
8864,3991,MBBS,
8865,3992,MBBS,
8866,3992,FCPS,
8867,3992,MD,
8868,3993,MBBS (SSMC),SSMC
8869,3993,BCS (Health),Health
8870,3993,MS (Ortho Surgery),Ortho Surgery
8871,3994,MBBS (Dhaka),Dhaka
8872,3994,BCS (Health),Health
8873,3995,MBBS (SSMC),SSMC
8874,3995,FCPS (Ortho),Ortho
8875,3995,MS (Ortho),Ortho
8876,3995,PhD Fellow (Spine),Spine
8877,3996,MBBS,
8878,3996,FCPS (Eye),Eye
8879,3997,MBBS (DMC),DMC
8880,3997,BCS (Health),Health
8881,3997,MD (Radiation Oncology),Radiation Oncology
8882,3998,MBBS,
8883,3998,MS (Neuro Surgery),Neuro Surgery
8884,3999,MBBS,
8885,3999,BCS (Health) MD (Neurology),Health
8886,4000,MBBS,
8887,4000,BCS,
8888,4000,MD (Neurology),Neurology
8889,4001,MBBS,
8890,4001,MD (Neurology),Neurology
8891,4002,MBBS,
8892,4002,BCS (Health),Health
8893,4002,MD (Nephrology),Nephrology
8894,4003,MBBS,
8895,4003,MD (Nephrology),Nephrology
8896,4004,MBBS,
8897,4004,BCS (Health),Health
8898,4004,MD (Internal Medicine; BSMMU),Internal Medicine; BSMMU
8899,4004,Endocrinologist,
8900,4005,MBBS (Dhaka),Dhaka
8901,4005,FCPS (Medicine),Medicine
8902,4006,MBBS,
8903,4006,FCPS,
8904,4007,MBBS,
8905,4007,FCPS (Medicine),Medicine
8906,4008,MBBS,
8907,4008,FCPS,
8908,4008,FRCP (Edin),Edin
8909,4008,FRCP (Glasgow),Glasgow
8910,4009,MBBS,
8911,4009,FCPS (Gynae and Obs),Gynae and Obs
8912,4010,MBBS,
8913,4010,FCPS (Gynae and Obs.),Gynae and Obs.
8914,4011,MBBS,
8915,4011,FCPS (Gynae & Obs.),Gynae & Obs.
8916,4011,FCPS (Reproductive Endocrinology & Infertility),Reproductive Endocrinology & Infertility
8917,4012,MBBS,
8918,4012,FCPS,
8919,4013,MBBS,
8920,4013,MS (Gynae & Obs.),Gynae & Obs.
8921,4014,MBBS (DMC),DMC
8922,4015,MBBS,
8923,4015,BCS (Health),Health
8924,4015,MS (General Surgery),General Surgery
8925,4016,MBBS (Dhaka),Dhaka
8926,4016,FCPS (Surgery),Surgery
8927,4016,MS (General Surgery),General Surgery
8928,4017,MBBS (DMC),DMC
8929,4017,BCS (Health),Health
8930,4017,FCPS (Surgery),Surgery
8931,4018,MBBS,
8932,4018,BCS (Health),Health
8933,4018,FCPS (Medicine),Medicine
8934,4018,MD (Gastroenterology),Gastroenterology
8935,4019,MBBS,
8936,4019,Endocrinologist,
8937,4020,MBBS,
8938,4020,Endocrinologist,
8939,4021,MBBS,
8940,4021,MS,
8941,4021,FCPS (ENT),ENT
8942,4023,MBBS (SOMC),SOMC
8943,4023,MRCP (UK),UK
8944,4024,MBBS,
8945,4025,MBBS,
8946,4025,FCPS,
8947,4026,MBBS,
8948,4027,MBBS,
8949,4027,BCS (Health),Health
8950,4027,FCPS (Pulmonology),Pulmonology
8951,4028,MBBS (DU); MD (Paediatrics),DU
8952,4028,MD (Paediatric Cardiology),Paediatric Cardiology
8953,4029,MBBS,
8954,4029,BCS (Health),Health
8955,4029,MD (Cardiology),Cardiology
8956,4030,MBBS,
8957,4031,MBBS,
8958,4031,MD (Cardiologist),Cardiologist
8959,4032,MBBS,
8960,4033,MBBS. PGT,
8961,4034,MBBS,
8962,4034,FCPS (Medicine),Medicine
8963,4035,MBBS,
8964,4035,MS (Cardiovascular – Thorosis),Cardiovascular – Thorosis
8965,4036,MBBS,
8966,4037,MBBS,
8967,4037,FCPS,
8968,4037,MD,
8969,4038,MBBS,
8970,4039,MBBS (DMC),DMC
8971,4039,MS,
8972,4040,MBBS,
8973,4040,FCPS,
8974,4041,MBBS (DMC),DMC
8975,4041,BCS (Health),Health
8976,4042,MBBS. BCS (Health) MD (Nephrology),Health
8977,4043,MBBS,
8978,4043,MD,
8979,4044,MBBS,
8980,4044,FCPS,
8981,4045,MBBS,
8982,4045,MD,
8983,4046,MBBS,
8984,4047,MBBS (DMC),DMC
8985,4047,FCPS (PED),PED
8986,4048,MBBS (DMC),DMC
8987,4049,MBBS,
8988,4050,MBBS (DMC),DMC
8989,4051,MBBS (DMC),DMC
8990,4051,FCPS (Medicine),Medicine
8991,4052,MBBS,
8992,4052,BCS,
8993,4052,FCPS (Medicine),Medicine
8994,4053,MBBS (DMC),DMC
8995,4053,MRCP (UK),UK
8996,4054,MBBS,
8997,4054,FCPS,
8998,4055,MBBS,
8999,4055,FCPS (ENT),ENT
9000,4055,MS (ENT),ENT
9001,4056,MBBS,
9002,4056,BCS (Health),Health
9003,4056,FCPS (Paediatrics),Paediatrics
9004,4056,"MD (Paediatric Nutrition, Liver & Digestive System)","Paediatric Nutrition, Liver & Digestive System"
9005,4057,MBBS,
9006,4058,MBBS (Dhaka),Dhaka
9007,4058,BCS (Health),Health
9008,4059,MBBS,
9009,4059,MD (Cardiology),Cardiology
9010,4060,MBBS (CMC),CMC
9011,4060,BCS (Health),Health
9012,4061,MBBS (DMC),DMC
9013,4061,FCPS (Medicine),Medicine
9014,4061,MD (Gastro),Gastro
9015,4062,MBBS,
9016,4062,MD (Nephrology),Nephrology
9017,4063,MBBS,
9018,4063,MD,
9019,4064,MBBS,
9020,4064,FCPS,
9021,4065,MBBS,
9022,4065,BCS (Health),Health
9023,4066,MBBS (DMC),DMC
9024,4066,FCPS (ENT),ENT
9025,4066,MS (ENT),ENT
9026,4067,MBBS (Dhaka),Dhaka
9027,4068,MBBS (DMC),DMC
9028,4068,FCPS (Medicine),Medicine
9029,4069,MBBS (DMC),DMC
9030,4069,BCS (Health),Health
9031,4069,FCPS (Surgery),Surgery
9032,4069,MS (Ortho),Ortho
9033,4070,MBBS,
9034,4070,FCPS (OBGYN),OBGYN
9035,4070,MS,
9036,4070,M. ED. (England). Diploma in Epidemiology (England),England
9037,4071,MBBS,
9038,4071,BCS (Health),Health
9039,4071,MD (Neuro medicine),Neuro medicine
9040,4072,MBBS,
9041,4072,MD (UK),UK
9042,4073,MBBS,
9043,4073,MRCP (UK),UK
9044,4073,MRCP (Edin),Edin
9045,4073,FRCP (Edin).,Edin
9046,4074,MBBS,
9047,4074,FCPS (Surgery),Surgery
9048,4075,MBBS (Dhaka),Dhaka
9049,4076,MBBS (Dhaka),Dhaka
9050,4076,MS (Orthopaedics),Orthopaedics
9051,4077,MBBS (DMC),DMC
9052,4077,MS (General Surgery),General Surgery
9053,4078,MBBS (DU),DU
9054,4078,FCPS (Child),Child
9055,4079,MBBS (Dhaka),Dhaka
9056,4079,MD (Paediatrics),Paediatrics
9057,4080,MBBS (DU)-SSMC. MS (NITOR)-Orthopedic.,DU
9058,4081,MBBS (CMC),CMC
9059,4081,MD (Endocrinolgy & Metabolism),Endocrinolgy & Metabolism
9060,4081,Endocrinologist,
9061,4082,MBBS (CMC),CMC
9062,4082,BCS (Health),Health
9063,4082,MD (Medicine),Medicine
9064,4083,MBBS (Dhaka),Dhaka
9065,4083,BCS (Health),Health
9066,4083,MD (Respiratory Medicine) Final Part,Respiratory Medicine
9067,4084,MBBS (Dhaka),Dhaka
9068,4084,BCS (Health),Health
9069,4085,MBBS,
9070,4086,MBBS (DMC),DMC
9071,4086,MS (Orthosurgery),Orthosurgery
9072,4087,MBBS,
9073,4087,MD (BSMMU),BSMMU
9074,4088,MBBS,
9075,4088,MS (Neurosurgery),Neurosurgery
9076,4089,MBBS,
9077,4090,MBBS,
9078,4091,MBBS,
9079,4091,BCS (Health),Health
9080,4091,FCPS (Pediatrics),Pediatrics
9081,4091,MD (Pediatric Neurology & Neuro-Development),Pediatric Neurology & Neuro-Development
9082,4092,MDT (Cred – USA),Cred – USA
9083,4092,MD,
9084,4092,PhD,
9085,4093,MBBS,
9086,4093,BCS (Health),Health
9087,4093,FCPS (Surgery),Surgery
9088,4094,MBBS (Dhaka),Dhaka
9089,4094,FCPS (Surgery),Surgery
9090,4094,MRCS (London),London
9091,4094,"MRCPS (Glasgow, England)","Glasgow, England"
9092,4095,MBBS,
9093,4095,FCPS (ENT & Head – Neck Surgery),ENT & Head – Neck Surgery
9094,4096,MBBS,
9095,4097,MBBS (DU),DU
9096,4098,MBBS (Dhaka),Dhaka
9097,4098,MRCP (UK),UK
9098,4099,MBBS,
9099,4099,BCS (Health),Health
9100,4099,MD (Cardiology),Cardiology
9101,4100,MBBS,
9102,4100,MRCP (UK),UK
9103,4100,FCPS (Med.),Med.
9104,4101,MBBS,
9105,4101,FCCM (IBMS-USA),IBMS-USA
9106,4102,MBBS,
9107,4102,FCCM (IBMS-USA),IBMS-USA
9108,4103,MBBS,
9109,4103,"MSc (Gastro, London)","Gastro, London"
9110,4104,MBBS (CU),CU
9111,4104,MRCP (UK),UK
9112,4105,MBBS (DU),DU
9113,4105,BCS (Health),Health
9114,4105,FCPS (Gynae & Obs),Gynae & Obs
9115,4106,MBBS,
9116,4106,MS (DU),DU
9117,4107,MBBS,
9118,4107,FCPS (Part 2),Part 2
9119,4107,FMD,
9120,4108,MBBS,
9121,4108,FCPS,
9122,4109,MBBS,
9123,4109,FCPS,
9124,4110,MBBS,
9125,4111,MBBS,
9126,4111,FCPS (Plastic Surgery),Plastic Surgery
9127,4112,MBBS,
9128,4112,FCPS (Surgery),Surgery
9129,4112,MS (Plastic Surgery),Plastic Surgery
9130,4113,MBBS,
9131,4113,FCPS (Dermatology & Venereology),Dermatology & Venereology
9132,4114,MBBS (Dhaka),Dhaka
9133,4115,MBBS,
9134,4115,FCPS (Dermatology & Venereology),Dermatology & Venereology
9135,4116,MBBS,
9136,4117,MBBS,
9137,4117,MS (Thoracic Surgery),Thoracic Surgery
9138,4118,MBBS,
9139,4118,MS (Thoracic Surgery),Thoracic Surgery
9140,4119,MBBS,
9141,4120,MBBS,
9142,4120,BCS (Health),Health
9143,4121,MBBS,
9144,4121,MD (Immunology),Immunology
9145,4122,MBBS,
9146,4123,MBBS,
9147,4124,MBBS,
9148,4130,MBBS,
9149,4130,FCPS,
9150,4131,MBBS,
9151,4131,DMRD,
9152,4131,FCPS,
9153,4132,MBBS,
9154,4132,DMU,
9155,4132,ADMS (Canada),Canada
9156,4133,MBBS,
9157,4133,MPH Diploma in Medical Ultrasound (DMU),DMU
9158,4134,MBBS,
9159,4134,FCPS (Radiology & Imaging),Radiology & Imaging
9160,4135,MBBS,
9161,4135,MD (Radiology and imaging),Radiology and imaging
9162,4136,MBBS,
9163,4136,FCPS (Psychiatry),Psychiatry
9164,4137,MBBS,
9165,4137,MD (psychiatry),psychiatry
9166,4138,MBBS (Dhaka),Dhaka
9167,4138,MS (Vascular Surgery)BSMMU,Vascular Surgery
9168,4139,MBBS,
9169,4139,BCS (Health),Health
9170,4139,FCPS (Surgery),Surgery
9171,4140,MBBS,
9172,4140,FCPS,
9173,4140,MS (Surgery),Surgery
9174,4141,MBBS,
9175,4141,FCPS (Surgery),Surgery
9176,4142,MBBS,
9177,4142,FCPS (Surgery),Surgery
9178,4143,MBBS (DU),DU
9179,4143,FCPS (Surgery),Surgery
9180,4144,MBBS (Dhaka),Dhaka
9181,4144,FCPS (Surgery),Surgery
9182,4145,MBBS (Dhaka),Dhaka
9183,4145,FCPS (ENT),ENT
9184,4146,MBBS,
9185,4146,FCPS (ENT),ENT
9186,4147,MBBS,
9187,4147,MD (pediatrics),pediatrics
9188,4148,MBBS,
9189,4148,FCPS (Surgery),Surgery
9190,4148,FCPS (Paed. Surgery),Paed. Surgery
9191,4149,PhD (DU),DU
9192,4149,FRCPCH (UK),UK
9193,4149,FRCP (Edin),Edin
9194,4149,FRCP (Glasg) FCPS (Paed),Glasg
9195,4149,MD (DU),DU
9196,4149,MBBS (SOMC),SOMC
9197,4150,MBBS,
9198,4150,FCPS,
9199,4151,MBBS (DMC),DMC
9200,4151,FCPS (Hematology),Hematology
9201,4151,Diploma in clinical pathology.,
9202,4152,MBBS,
9203,4152,FCPS (Haematology),Haematology
9204,4154,MBBS,
9205,4154,FCPS (Medicine),Medicine
9206,4155,MBBS (DMC),DMC
9207,4155,MD (Chest),Chest
9208,4155,BCS (Health),Health
9209,4156,MBBS,
9210,4156,MD (Chest),Chest
9211,4157,MBBS,
9212,4157,MD (Chest Medicine),Chest Medicine
9213,4158,FCPS (Medicine),Medicine
9214,4158,MRCP (Medicine) - UK,Medicine
9215,4158,MRCP (Neurology) UK,Neurology
9216,4158,MBBS (DMC),DMC
9217,4158,FCPS (Neurology- Thesis),Neurology- Thesis
9218,4159,MBBS,
9219,4159,FCPS (Medicine),Medicine
9220,4159,FCPS (Neurology),Neurology
9221,4160,MBBS (Dhaka),Dhaka
9222,4160,DCN (London),London
9223,4161,MBBS,
9224,4161,MD (Nephrology),Nephrology
9225,4162,MBBS,
9226,4162,MD (BSMMU),BSMMU
9227,4163,MBBS,
9228,4163,MD (Nephrology),Nephrology
9229,4164,MBBS (DMC),DMC
9230,4164,FCPS (Medicine),Medicine
9231,4165,MBBS,
9232,4165,FCPS (Medicine),Medicine
9233,4166,MBBS,
9234,4166,FCPS (Medicine),Medicine
9235,4167,MBBS,
9236,4167,FCPS,
9237,4168,MBBS,
9238,4168,FCPS (Medicine),Medicine
9239,4169,MBBS,
9240,4169,FCPS (Medicine),Medicine
9241,4169,MD (Rheumatology),Rheumatology
9242,4170,MBBS,
9243,4171,MBBS (DMC),DMC
9244,4171,MS (Obs & Gynae),Obs & Gynae
9245,4172,MBBS,
9246,4172,FCPS (Gynae & Obs),Gynae & Obs
9247,4173,MBBS (DMC),DMC
9248,4173,FCPS (Gynae & Obs),Gynae & Obs
9249,4173,FCPS (Reproductive Endocrinology & Infertility),Reproductive Endocrinology & Infertility
9250,4174,MBBS,
9251,4174,FCPS (obs and gynae),obs and gynae
9252,4175,MBBS,
9253,4175,FCPS (Obs & Gynae),Obs & Gynae
9254,4176,MBBS,
9255,4176,MS (Obs & Gynecology),Obs & Gynecology
9256,4177,MBBS,
9257,4177,MS (Gynae-Obs),Gynae-Obs
9258,4178,MBBS,
9259,4178,FCPS (Obs. & Gynae),Obs. & Gynae
9260,4179,MBBS (DU),DU
9261,4180,MBBS (Dhaka),Dhaka
9262,4180,FCPS (Gynae),Gynae
9263,4180,MS (Gynae),Gynae
9264,4181,MBBS (Dhaka),Dhaka
9265,4182,MBBS,
9266,4182,FCPS (Medicine),Medicine
9267,4182,MD (Cardiology),Cardiology
9268,4183,MBBS (Dhaka),Dhaka
9269,4183,MD,
9270,4183,FRCP (UK),UK
9271,4184,MBBS (DMCH),DMCH
9272,4184,MD (Cardiology),Cardiology
9273,4185,MBBS,
9274,4185,FCPS (In Course Medicine),In Course Medicine
9275,4186,MBBS (Dhaka),Dhaka
9276,4186,MD (Card),Card
9277,4187,MBBS,
9278,4187,MD (Card),Card
9279,4188,MBBS,
9280,4188,FCPS (Medicine),Medicine
9281,4188,MD (Cardiology),Cardiology
9282,4189,MBBS,
9283,4189,MD (Card),Card
9284,4190,MBBS,
9285,4190,FCPS (Medicine),Medicine
9286,4191,MBBS,
9287,4191,MD (Card),Card
9288,4192,MBBS,
9289,4192,MS (Opthalmology),Opthalmology
9290,4193,MBBS,
9291,4193,MD (Transfusion Medicine),Transfusion Medicine
9292,4194,MBBS,
9293,4194,MD (Oncology),Oncology
9294,4195,MBBS,
9295,4195,FCPS,
9296,4196,MBBS,
9297,4196,FCPS (Physical Medicine and Rehabiliation),Physical Medicine and Rehabiliation
9298,4197,MBBS,
9299,4197,MD (Physical Medicine),Physical Medicine
9300,4198,MBBS,
9301,4198,BCS (Health),Health
9302,4198,MS (Neurosurgery),Neurosurgery
9303,4199,MBBS,
9304,4199,MD (Endocrinology),Endocrinology
9305,4199,Endocrinologist,
9306,4200,MBBS,
9307,4200,MD (Endocrinology),Endocrinology
9308,4200,Endocrinologist,
9309,4201,MBBS,
9310,4202,MBBS (Dac.),Dac.
9311,4202,"MD (Edin, UK)","Edin, UK"
9312,4203,MBBS,
9313,4203,MD (Hepatology),Hepatology
9314,4204,MBBS,
9315,4204,MS (Urology),Urology
9316,4205,FCPS (Urology),Urology
9317,4205,FCPS (Surgery),Surgery
9318,4205,MBBS,
9319,4206,MBBS,
9320,4206,FCPS (Surgery),Surgery
9321,4207,MBBS (CMC),CMC
9322,4207,FCPS (Surgery),Surgery
9323,4208,MBBS,
9324,4208,MS,
9325,4209,MBBS,
9326,4209,MS (CTS),CTS
9327,4210,MBBS,
9328,4210,MS (Cardiothoracic & Vascular Surgery),Cardiothoracic & Vascular Surgery
9329,4211,MBBS,
9330,4211,MS (Cardiothoracic & Vascular Surgery),Cardiothoracic & Vascular Surgery
9331,4212,MBBS (DMC),DMC
9332,4212,MS (Cardiovascular-Thoracic Surgery)FICS (USA),Cardiovascular-Thoracic Surgery
9333,4213,DO,
9334,4213,FCPS,
9335,4214,MBBS,
9336,4214,FCPS,
9337,4214,DO,
9338,4215,MBBS (Dhaka),Dhaka
9339,4215,DO (DU),DU
9340,4215,FCPS (Eye),Eye
9341,4216,MBBS,
9342,4216,DO (Dhaka),Dhaka
9343,4216,MS (India),India
9344,4217,MBBS,
9345,4217,FCPS (Dermatology),Dermatology
9346,4218,MBBS (DMC),DMC
9347,4218,FCPS,
9348,4219,BCS (Health),Health
9349,4219,MBBS (Dhaka),Dhaka
9350,4219,FCPS (Child),Child
9351,4220,MBBS,
9352,4220,FCPS (Paed),Paed
9353,4221,MBBS,
9354,4222,MBBS (DMC) (Gold Medalist) MCPS,DMC
9355,4222,FCPS (Paediatrics),Paediatrics
9356,4223,MBBS,
9357,4223,FCPS (Paed.),Paed.
9358,4224,MBBS,
9359,4224,FCPS,
9360,4225,MBBS,
9361,4225,FCPS,
9362,4226,MBBS,
9363,4226,FCPS (Surgery),Surgery
9364,4227,MBBS,
9365,4227,MS (Ortho),Ortho
9366,4228,MBBS (Dhaka),Dhaka
9367,4228,MS (Ortho) DU,Ortho
9368,4229,MBBS,
9369,4229,MS (Ortho),Ortho
9370,4230,MBBS (Dhaka),Dhaka
9371,4230,MS (Orthopaedic),Orthopaedic
9372,4231,FCPS (Uro),Uro
9373,4231,FCPS (S),S
9374,4231,MBBS (DMC),DMC
9375,4232,MBBS,
9376,4232,FCPS (Surgery),Surgery
9377,4232,FCPS (Urology) MRCS (Edinburgh),Urology
9378,4232,MRCPS (Glasgow),Glasgow
9379,4233,MBBS (DU),DU
9380,4233,FCPS (BD),BD
9381,4233,D. UROL (London),London
9382,4234,MBBS,
9383,4234,FCPS (BD),BD
9384,4234,FCPS (PAK),PAK
9385,4235,MBBS,
9386,4235,MS,
9387,4235,PHD,
9388,4236,MBBS,
9389,4236,FCPS (General Surgery) FCPS (Thoracic Surgery),General Surgery
9390,4237,MBBS (DMC),DMC
9391,4237,FCPS (Surgery),Surgery
9392,4237,MS (Plastic Surgery),Plastic Surgery
9393,4238,MBBS (DMC),DMC
9394,4238,MS. Advance Study (China),China
9395,4239,MBBS (DMC),DMC
9396,4239,FCPS,
9397,4240,MBBS,
9398,4240,FCPS (Surgery),Surgery
9399,4240,FCPS (Cardiovascular Surgery),Cardiovascular Surgery
9400,4241,MBBS,
9401,4241,FCPS (Surgery),Surgery
9402,4242,MBBS (DMC),DMC
9403,4242,FCPS,
9404,4243,MBBS,
9405,4243,FCPS (Surgery),Surgery
9406,4244,MBBS,
9407,4244,FCPS (obs and gynae),obs and gynae
9408,4245,MBBS,
9409,4246,MBBS,
9410,4246,FCPS (Gynae),Gynae
9411,4247,MBBS,
9412,4247,FCPS,
9413,4248,MBBS (Dhaka),Dhaka
9414,4248,BCS (Health),Health
9415,4248,FCPS (Gynae),Gynae
9416,4249,MBBS,
9417,4250,MBBS,
9418,4251,MBBS,
9419,4251,FCPS (Medicine),Medicine
9420,4252,MBBS,
9421,4252,FCPS (Medicine),Medicine
9422,4252,Endocrinologist,
9423,4253,MBBS (Gold Medalist),Gold Medalist
9424,4253,FCPS (Medicine),Medicine
9425,4254,MBBS,
9426,4254,BCS,
9427,4254,(Health) MD (Hepatology-Liver),Health
9428,4255,MBBS (Dhaka),Dhaka
9429,4255,FCPS (Medicine),Medicine
9430,4256,MBBS (DMC),DMC
9431,4256,FCPS (Medicine) MD (Cardiology),Medicine
9432,4256,BCS (Health),Health
9433,4257,MBBS (DMC),DMC
9434,4257,FCPS (Medicine),Medicine
9435,4258,MBBS (DMC),DMC
9436,4258,FCPS (Medicine),Medicine
9437,4258,FRCP (England),England
9438,4259,MBBS,
9439,4259,FCPS (Med),Med
9440,4260,MBBS,
9441,4260,FCPS (Ophth),Ophth
9442,4260,BCS (Health),Health
9443,4261,MBBS,
9444,4261,DO (BSMMU),BSMMU
9445,4262,MBBS (DMC),DMC
9446,4262,FCPS (Eye),Eye
9447,4263,MBBS,
9448,4263,Diploma in Ophthalmology.,
9449,4264,MBBS,
9450,4264,MS (Ophth),Ophth
9451,4265,MBBS,
9452,4265,FCPS (Ophth),Ophth
9453,4266,MBBS,
9454,4266,FCPS (Ophth),Ophth
9455,4267,MBBS (DMC),DMC
9456,4267,FCPS (Eye),Eye
9457,4268,MBBS (DMC),DMC
9458,4268,FCPS,
9459,4269,MBBS,
9460,4269,FCPS (Ophth),Ophth
9461,4269,BCS (Health),Health
9462,4270,MBBS,
9463,4270,FCPS (Ophth),Ophth
9464,4271,MBBS,
9465,4271,MS (Ophth),Ophth
9466,4272,MBBS,
9467,4272,FCPS (Ophth),Ophth
9468,4273,MBBS,
9469,4273,FCPS (Gynae & Obs),Gynae & Obs
9470,4274,MBBS (DMC),DMC
9471,4274,FCPS,
9472,4274,MS (Gynae and OBS),Gynae and OBS
9473,4275,MBBS,
9474,4275,FCPS (Surgery),Surgery
9475,4276,MBBS,
9476,4276,MD,
9477,4276,MRCP,
9478,4276,FRCP,
9479,4277,MBBS,
9480,4277,FCPS (Dermatology),Dermatology
9481,4278,MBBS. MD (Derma),Derma
9482,4279,MBBS,
9483,4279,FCPS (Pediatric),Pediatric
9484,4279,MD (Pediatric),Pediatric
9485,4280,FCPS,
9486,4281,MBBS; FCPS (Phychiatric),Phychiatric
9487,4282,MBBS; FCPS (Phychiatric),Phychiatric
9488,4283,MBBS; FCPS (Phychiatric),Phychiatric
9489,4284,MBBS; FCPS (Phychiatric),Phychiatric
9490,4285,MBBS,
9491,4285,MS (CVTS),CVTS
9492,4286,MBBS; FCPS (Phychiatric),Phychiatric
9493,4287,MBBS; FCPS (Phychiatric),Phychiatric
9494,4288,MBBS; FCPS (Phychiatric),Phychiatric
9495,4289,MBBS; FCPS (Phychiatric),Phychiatric
9496,4290,MBBS; FCPS (Phychiatric),Phychiatric
9497,4291,MBBS. FCPS (Medicine). FRCP (Glasgow),Medicine
9498,4292,MBBS (DMC),DMC
9499,4292,FCPS (Medicine),Medicine
9500,4293,MBBS,
9501,4293,FCPS (Medicine) APLAR Rheumatology Fellow (Singapore),Medicine
9502,4295,PGT-Conservative dentistry and endodontics (BSMMU),BSMMU
9503,4297,MBBS,
9504,4298,MBBS,
9505,4298,FCPS,
9506,4299,MBBS(Dhaka),Dhaka
9507,4299,BCS(Health),Health
9508,4299,MRCP(Medicine-UK),Medicine-UK
9509,4299,MD(Pulmonology),Pulmonology
9510,4300,MBBS,
9511,4301,MBBS,
9512,4301,MS (CTS),CTS
9513,4302,MD,
9514,4302,MS,
9515,4302,PhD (Surgery),Surgery
9516,4303,MBBS,
9517,4303,FCPS-2 (Surgery),Surgery
9518,4304,MBBS,
9519,4304,FCPS (Surgery),Surgery
9520,4304,MRCPS,
9521,4305,MBBS,
9522,4305,FCPS (Surgery),Surgery
9523,4306,MBBS,
9524,4306,MAMS (Vienna),Vienna
9525,4307,MBBS,
9526,4307,MS (Urology),Urology
9527,4308,MBBS,
9528,4308,FCPS (Final Part),Final Part
9529,4309,MBBS,
9530,4309,FCPS (Gynae),Gynae
9531,4309,Bcs,
9532,4310,MBBS,
9533,4310,Bcs (Health),Health
9534,4310,FCPS (Gynae),Gynae
9535,4311,MBBS,
9536,4311,Bcs (Health),Health
9537,4311,FCPS (Gynae),Gynae
9538,4312,MBBS,
9539,4312,FCPS (ENT),ENT
9540,4313,MBBS (DU),DU
9541,4313,MS-Neurosurgery (BSMMU),BSMMU
9542,4314,MBBS (DU),DU
9543,4314,MS (Orthopedics),Orthopedics
9544,4315,MBBS,
9545,4315,MS (Ortho),Ortho
9546,4316,MBBS,
9547,4316,FMD (Medicine),Medicine
9548,4316,MRCP (London),London
9549,4317,MBBS,
9550,4317,DIM (London),London
9551,4318,MBBS (CMC),CMC
9552,4318,MS (Ortho Surgery),Ortho Surgery
9553,4319,MBBS,
9554,4320,MBBS (DMC),DMC
9555,4320,FCPS (Gyne & Obs),Gyne & Obs
9556,4320,Diploma in Clinical Research (Canada),Canada
9557,4321,MBBS,
9558,4322,Doctor - Mphill (1 part) (DU),1 part
9559,4322,Msc (Food & Nutrition),Food & Nutrition
9560,4323,MBBS (DMC),DMC
9561,4323,BCS (Health),Health
9562,4323,FCPS,
9563,4324,MBBS,
9564,4324,DCH (BSMMU) BCS (Health),BSMMU
9565,4325,MBBS,
9566,4325,MD (Nephrology),Nephrology
9567,4326,MBBS. BCS (Health) MD (Oncology),Health
9568,4327,MBBS (RU),RU
9569,4327,MRCP (London) Euler (ECRD) N Rheumatology,London
9570,4328,MBBS,
9571,4329,MBBS,
9572,4329,BCS (Health) M-S (Urology),Health
9573,4330,MBBS,
9574,4330,"Diploma in Endocrinology (UK) MSc in Endocrinology (UK, London) MRCP (UK) - Paces",UK
9575,4330,Endocrinologist,
9576,4331,MBBS,
9577,4332,MBBS,
9578,4333,MBBS,
9579,4334,MBBS,
9580,4334,FCPS (Surgery),Surgery
9581,4335,MBBS (AFMC),AFMC
9582,4335,FCPS (Plastic & Reconstructive Surgery),Plastic & Reconstructive Surgery
9583,4336,MBBS,
9584,4336,MS,
9585,4337,MBBS,
9586,4337,FCPS (Surgery),Surgery
9587,4338,MBBS (DMC),DMC
9588,4338,BCS (Health),Health
9589,4338,CCD (BIRDEM) MD (Neurology),BIRDEM
9590,4339,MBBS,
9591,4339,MS (Neurosurgery),Neurosurgery
9592,4340,MBBS (Dhaka),Dhaka
9593,4340,DMUD,
9594,4341,MBBS,
9595,4341,Special Trained TVS & Color Doppler,
9596,4342,MBBS (Dhaka),Dhaka
9597,4342,DMUD (SUB),SUB
9598,4343,MBBS (DU),DU
9599,4343,MS (Master of Surgery),Master of Surgery
9600,4344,MBBS,
9601,4344,MD (Nephrology),Nephrology
9602,4346,MBBS,
9603,4346,(DMC),DMC
9604,4346,BCS (Health) MD (Hepatology),Health
9605,4347,MBBS,
9606,4347,CCD (Bardem) DMU,Bardem
9607,4348,MBBS,
9608,4348,BCS (Health) D-Ortho (DMC),Health
9609,4349,MBBS,
9610,4350,MBBS,
9611,4350,MD (Physical medicine & Rehabilitation) BSMMU,Physical medicine & Rehabilitation
9612,4351,MBBS,
9613,4351,DM,
9614,4351,MSc,
9615,4352,MBBS,
9616,4352,FCPS part-1,
9617,4353,MBBS,
9618,4353,FCPS (Physical Medicine),Physical Medicine
9619,4354,MBBS,
9620,4354,BCS (Health) FCPS (Medicine) MD (Gracto) MACP (America),Health
9621,4355,MBBS (DMC),DMC
9622,4355,MRCP (UK),UK
9623,4355,MD (Chest Diseases),Chest Diseases
9624,4356,"MBBS (Dhaka) DD (Japan) DD (Thailand) Philo Laser & Cosmetics Surgery (I&D, Bangkok)",Dhaka
9625,4357,MBBS,
9626,4357,FCPS (FP),FP
9627,4358,MBBS,
9628,4358,BCS (Health) MD (Cardiology),Health
9629,4359,MBBS,
9630,4359,DO (BSMMU),BSMMU
9631,4360,MBBS (Dhaka),Dhaka
9632,4360,FCPS (Medicine),Medicine
9633,4361,MBBS,
9634,4361,FCPS (Medicine) CCD (BIRDEM),Medicine
9635,4362,MBBS,
9636,4362,FCPS (Medicine),Medicine
9637,4363,MBBS,
9638,4364,MBBS,
9639,4364,Diploma in Laboratory Medicine (DLM),DLM
9640,4365,MBBS,
9641,4365,Diploma in laboratory Medicine (DLM) (BSMMU). MCPS (laboratory Medicine),DLM
9642,4366,MBBS,
9643,4366,FCPS (Gynae & obs),Gynae & obs
9644,4367,MBBS,
9645,4367,MS (Gynae & Obts),Gynae & Obts
9646,4368,MBBS,
9647,4368,FCPS (Gynae and Obs),Gynae and Obs
9648,4369,MBBS (DU),DU
9649,4369,FCPS (Obs-Gynae),Obs-Gynae
9650,4369,MS (Obs-Gynae),Obs-Gynae
9651,4370,MBBS,
9652,4370,FRSH (London),London
9653,4371,MBBS,
9654,4371,MS (ENT),ENT
9655,4372,MBBS,
9656,4372,FCPS (Medicine),Medicine
9657,4372,FCPS (Endocrinology & Metabolism),Endocrinology & Metabolism
9658,4372,Endocrinologist,
9659,4373,MBBS,
9660,4373,BCS (Health),Health
9661,4373,FCPS (Medicine),Medicine
9662,4373,MD (Critical Care Medicine),Critical Care Medicine
9663,4373,Endocrinologist,
9664,4374,MBBS,
9665,4374,FCPS (Child),Child
9666,4375,MBBS,
9667,4375,(DMC) FCPS (Gyne & Obs.),DMC
9668,4376,MD,
9669,4377,MBBS,
9670,4377,FCPS (Medicine),Medicine
9671,4378,MBBS,
9672,4378,BCS (Health) MD (Neonatology),Health
9673,4379,FCPS (Oral and maxillofacial surgery),Oral and maxillofacial surgery
9674,4380,FCPS (Conservative Dentistry and Endodontics),Conservative Dentistry and Endodontics
9675,4381,MBBS BCS (Health) MD (Neonatology),Health
9676,4382,MBBS (SSMC) CCD (BIRDEM),SSMC
9677,4382,MD Cardiology (NHN),NHN
9678,4383,MBBS,
9679,4383,MD,
9680,4383,FCPS,
9681,4384,MBBS,
9682,4385,MBBS,
9683,4386,MBBS (CMC) BCS (Health) MD (Neonatology),CMC
9684,4387,MBBS (DU),DU
9685,4389,& MS (Clinical Psychology) (DU),Clinical Psychology
9686,4390,MBBS,
9687,4390,MD (Psychiatry),Psychiatry
9688,4391,MBBS,
9689,4392,MBBS,
9690,4393,MBBS,
9691,4393,MD,
9692,4394,MBBS (DU),DU
9693,4394,BCS (Health),Health
9694,4394,MD (Psychiatry) BSMMU,Psychiatry
9695,4395,FCPS (Paediatric),Paediatric
9696,4396,MBBS,
9697,4397,MBBS,
9698,4397,MD (Paediatrics),Paediatrics
9699,4398,MBBS (SOMCH),SOMCH
9700,4398,MS (DMC),DMC
9701,4399,MBBS,
9702,4399,FCPS (Surgery),Surgery
9703,4399,MS (Plastic Surgery),Plastic Surgery
9704,4400,MBBS (DMC),DMC
9705,4400,MS (Plastic Surgery),Plastic Surgery
9706,4401,MBBS (CMC),CMC
9707,4401,BCS (Health) MD (Critical Care Medicine),Health
9708,4402,MBBS (CMC),CMC
9709,4402,FCPS (Surgery),Surgery
9710,4403,MBBS,
9711,4403,BCS (Health),Health
9712,4403,MD (Nephrology),Nephrology
9713,4404,MBBS (DU),DU
9714,4405,MBBS,
9715,4405,FCPS (Surgery),Surgery
9716,4406,MBBS,
9717,4406,BCS (Health),Health
9718,4406,MD (Haematology),Haematology
9719,4407,MBBS,
9720,4407,FCPS (Surgery),Surgery
9721,4407,MS (Plastic Surgery),Plastic Surgery
9722,4408,MBBS,
9723,4408,MS (Plastic Surgery),Plastic Surgery
9724,4409,MBBS,
9725,4409,MD (Cardiology),Cardiology
9726,4410,PGT (OMS & Orthodontia) BSMMU,OMS & Orthodontia
9727,4412,MBBS,
9728,4412,BCS (Health),Health
9729,4412,MS (ENT) BSMMU,ENT
9730,4413,MBBS,
9731,4413,FCPS (Neonatology),Neonatology
9732,4414,MBBS,
9733,4414,MS (ENT),ENT
9734,4415,MBBS,
9735,4415,DLO (DMC),DMC
9736,4415,FCPS (ENT)-Course,ENT
9737,4416,MBBS (DMC),DMC
9738,4416,FCPS (Surgery),Surgery
9739,4416,MS (Urology),Urology
9740,4417,MBBS,
9741,4418,MBBS,
9742,4418,FCPS (Obs.& Gynae),Obs.& Gynae
9743,4419,MBBS,
9744,4419,FCPS (Gynae & Obs),Gynae & Obs
9745,4419,DMU,
9746,4420,MBBS,
9747,4420,MS (Gynae & Obs),Gynae & Obs
9748,4421,MBBS (DMC),DMC
9749,4421,FCPS (Gynae & Obs),Gynae & Obs
9750,4421,BCS (Health),Health
9751,4422,MBBS,
9752,4422,FCPS (Medicine),Medicine
9753,4422,MD (Gastroenterology),Gastroenterology
9754,4423,MBBS,
9755,4423,BCS (Health),Health
9756,4423,FCPS (Medicine),Medicine
9757,4424,MBBS,
9758,4424,BCS,
9759,4424,MD (Internal Medicine) (BSMMU),Internal Medicine
9760,4425,MBBS,
9761,4425,MS (TS),TS
9762,4426,MBBS,
9763,4426,FCPS,
9764,4426,MS,
9765,4427,MBBS,
9766,4427,FCPS (Neonatal),Neonatal
9767,4428,MBBS,
9768,4428,MS (Pediatric surgery),Pediatric surgery
9769,4429,MBBS,
9770,4429,FCPS (Child),Child
9771,4429,MD(Child) (Cardiologist),Child
9772,4429,BCS (Health),Health
9773,4430,MBBS,
9774,4430,BCS (Health),Health
9775,4430,MD (Child),Child
9776,4431,MBBS,
9777,4432,MBBS,
9778,4432,FCPS,
9779,4433,MBBS (DMC),DMC
9780,4433,BCS (Health),Health
9781,4433,MS (Neurosurgery),Neurosurgery
9782,4434,MBBS,
9783,4434,MS (Neurosurgery),Neurosurgery
9784,4434,WHO Fellow (Indonesia),Indonesia
9785,4435,MBBS,
9786,4435,BCS (Health),Health
9787,4435,DO (DU),DU
9788,4435,FCPS (Eye),Eye
9789,4436,MBBS,
9790,4437,MBBS (DMC),DMC
9791,4437,BCS (Health),Health
9792,4437,"MS (Ortho, NITOR)","Ortho, NITOR"
9793,4438,MBBS,
9794,4438,BCS (Health),Health
9795,4438,MS (Ortho),Ortho
9796,4439,MBBS,
9797,4439,BCS (Health),Health
9798,4440,MBBS,
9799,4440,BCS (Health),Health
9800,4440,MS (Urology),Urology
9801,4441,MBBS,
9802,4441,FCPS (Surgery),Surgery
9803,4441,MS (Urology),Urology
9804,4444,MBBS (DU),DU
9805,4445,MBBS,
9806,4445,MD (Chest Diseases),Chest Diseases
9807,4446,MBBS,
9808,4446,MD Neurology,
9809,4447,MBBS,
9810,4448,MBBS (Dhaka),Dhaka
9811,4449,MBBS,
9812,4449,BCS (Health),Health
9813,4449,FCPS (Pediatrics),Pediatrics
9814,4450,MBBS,
9815,4450,MD (Pediatric Hematology),Pediatric Hematology
9816,4450,FCPS (Pediatrics),Pediatrics
9817,4451,MBBS (DMC),DMC
9818,4451,FCPS (Child),Child
9819,4452,MBBS,
9820,4452,MS (Neurosurgery),Neurosurgery
9821,4453,MBBS,
9822,4453,FCPS (Pediatrics),Pediatrics
9823,4454,MBBS (DMC),DMC
9824,4454,MD (Neonatology),Neonatology
9825,4455,MBBS,
9826,4455,MS (Cardio-Vascular & Thoracic Surgery),Cardio-Vascular & Thoracic Surgery
9827,4456,MBBS,
9828,4456,MS (Neurosurgary),Neurosurgary
9829,4457,"MSC (Nutrition, DU)","Nutrition, DU"
9830,4458,MSc (Food & Nutritional Science),Food & Nutritional Science
9831,4460,MBBS,
9832,4460,MD (Endocrinology & Metabolism),Endocrinology & Metabolism
9833,4460,Endocrinologist,
9834,4461,MBBS (SSMC),SSMC
9835,4461,Endocrinologist,
9836,4462,MBBS,
9837,4462,MS (Chest Surgery),Chest Surgery
9838,4463,MBBS,
9839,4463,FCPS (Hematology),Hematology
9840,4463,MD (Thesis),Thesis
9841,4464,MBBS,
9842,4464,FCPS (Medicine) MD (Gastroenterology),Medicine
9843,4465,MBBS,
9844,4465,MD (Internal Medicine),Internal Medicine
9845,4466,MBBS (Dhaka),Dhaka
9846,4466,BCS (Health) FCPS (Medicine),Health
9847,4466,MD (Critical Care Medicine),Critical Care Medicine
9848,4467,MBBS,
9849,4467,FCPS (Medicine) D-Card (Cardiology),Medicine
9850,4468,MBBS,
9851,4468,FCPS (Medicine),Medicine
9852,4468,MRCP (UK),UK
9853,4469,MBBS,
9854,4469,BCS (Health),Health
9855,4469,FCPS (End Phase),End Phase
9856,4470,MBBS (Dhaka),Dhaka
9857,4470,BCS (Health) DGO,Health
9858,4471,MBBS (Dhaka),Dhaka
9859,4472,MBBS,
9860,4472,FCPS (Obs & gynae),Obs & gynae
9861,4472,FCPS (Reproductive Endocrinology & Infertility),Reproductive Endocrinology & Infertility
9862,4473,MBBS (Dhaka),Dhaka
9863,4473,FCPS (Gynae & Obs),Gynae & Obs
9864,4473,FCPS (Infertility & Reproductive Medicine),Infertility & Reproductive Medicine
9865,4474,MBBS (DMC),DMC
9866,4474,FCPS (Gynae & Obs),Gynae & Obs
9867,4474,MS (Gynae & Obs),Gynae & Obs
9868,4475,MBBS (DMC),DMC
9869,4476,MBBS,
9870,4476,FCPS,
9871,4477,MBBS,
9872,4477,BCS,
9873,4477,FCPS (Surgery),Surgery
9874,4478,MBBS (DMC),DMC
9875,4478,BCS (Health),Health
9876,4478,MS (General Surgery),General Surgery
9877,4479,MBBS,
9878,4479,FCPS (Surgery),Surgery
9879,4480,MBBS,
9880,4480,FCPS,
9881,4480,FRCS (London),London
9882,4481,MBBS (DMC),DMC
9883,4481,FCPS,
9884,4482,MBBS,
9885,4483,MBBS,
9886,4483,FCPS (ENT),ENT
9887,4484,MBBS,
9888,4484,FCPS (ENT),ENT
9889,4484,Diploma in Lateral Skull Base (India),India
9890,4485,MBBS (COMC),COMC
9891,4485,Diploma in Clinical Cosmetic Dermatology (India),India
9892,4485,Diploma in Clinical Nutrition (India),India
9893,4486,MBBS (DMC),DMC
9894,4486,FRCP,
9895,4487,MBBS (Dhaka),Dhaka
9896,4488,MBBS,
9897,4488,FCPS,
9898,4489,MBBS,
9899,4489,FCPS (Skin & VD),Skin & VD
9900,4490,MBBS,
9901,4490,MD,
9902,4490,FCPS (Skin & VD),Skin & VD
9903,4491,MBBS (DMC),DMC
9904,4491,MD (BSMMU),BSMMU
9905,4492,MBBS (Dhaka),Dhaka
9906,4492,FCPS (Medicine),Medicine
9907,4493,MBBS,
9908,4493,MD (Cardiology),Cardiology
9909,4494,MBBS (Dhaka),Dhaka
9910,4494,MD (Cardiology- Thesis),Cardiology- Thesis
9911,4495,MBBS,
9912,4495,MD (Cardiology),Cardiology
9913,4496,MBBS,
9914,4496,MS (OBGYN),OBGYN
9915,4497,MBBS,
9916,4497,FCPS (Surgery) MS (Colorectal Surgery),Surgery
9917,4498,MBBS,
9918,4498,MD (MEDICAL ONCOLOGY),MEDICAL ONCOLOGY
9919,4499,MBBS,
9920,4499,Diploma (UK),UK
9921,4500,MBBS,
9922,4501,MBBS (Dhaka),Dhaka
9923,4501,BCS (Health),Health
9924,4501,MD (Cardiology),Cardiology
9925,4502,MBBS,
9926,4502,FCPS (Medicine),Medicine
9927,4502,BCS (Health),Health
9928,4503,MBBS,
9929,4503,MS (CARDIOVASCULAR & THORACIC SURGERY),CARDIOVASCULAR & THORACIC SURGERY
9930,4504,MBBS,
9931,4504,BCS,
9932,4504,FCPS (Plastic Surgery),Plastic Surgery
9933,4505,MBBS (DMC),DMC
9934,4505,DDV (BSMMU) FCPS (Dermatology & Venereology),BSMMU
9935,4506,MBBS,
9936,4506,BCS (Health),Health
9937,4506,MS (ENT),ENT
9938,4507,MBBS,
9939,4507,FCPS (Surgery),Surgery
9940,4508,MBBS,
9941,4509,MBBS,
9942,4509,FCPS (Gynae and Obs),Gynae and Obs
9943,4510,MBBS,
9944,4510,BCS (Health),Health
9945,4510,FCPS (OBGYN),OBGYN
9946,4511,MBBS (DHAKA),DHAKA
9947,4511,FCPS (Gynae and Obs),Gynae and Obs
9948,4512,MBBS (DHAKA),DHAKA
9949,4512,BCS (Health),Health
9950,4513,MBBS,
9951,4513,FCPS (Obs & Gynae),Obs & Gynae
9952,4514,FCPS (Haematology),Haematology
9953,4515,MBBS,
9954,4515,BCS,
9955,4515,FCPS (Internal Medicine),Internal Medicine
9956,4515,FRCP (Medicine),Medicine
9957,4516,MBBS (DHAKA),DHAKA
9958,4516,FCPS,
9959,4516,MRCP MRCPE (EDINBUURGH),EDINBUURGH
9960,4517,MBBS (DMC),DMC
9961,4517,MRCP (UK),UK
9962,4517,MRCPE (Glassgow),Glassgow
9963,4518,MBBS,
9964,4518,BCS (Health),Health
9965,4518,MD,
9966,4519,MBBS,
9967,4519,MD (Neurology),Neurology
9968,4520,MBBS,
9969,4521,MBBS (Dhaka),Dhaka
9970,4522,MBBS,
9971,4522,MRCP (UK),UK
9972,4522,MRCPCH (UK),UK
9973,4522,FRCP (Ed),Ed
9974,4522,FRCPCH,
9975,4523,MBBS,
9976,4523,FCPS (Pediatrics),Pediatrics
9977,4524,MBBS,
9978,4524,MS,
9979,4525,MBBS,
9980,4525,MS (Pediatric Surgery),Pediatric Surgery
9981,4526,MBBS,
9982,4526,FCPS (Surgery,
9983,4526,MS (Plastic surgery),Plastic surgery
9984,4527,MBBS (DMC),DMC
9985,4527,BCS (Health),Health
9986,4527,MS (Neurosurgery),Neurosurgery
9987,4528,MBBS,
9988,4528,FCPS (Psychiatry),Psychiatry
9989,4529,MBBS (DMC),DMC
9990,4529,BCS (Health),Health
9991,4529,MD (Psychiatry,"Psychiatry, BSMMU"
9992,4530,MBBS,
9993,4530,MS (Thoracic Surgery),Thoracic Surgery
9994,4531,MBBS (CMC),CMC
9995,4531,BCS (Health),Health
9996,4531,CCD (BIRDEM) MS (UROLOGY),BIRDEM
9997,4532,MBBS,
9998,4532,FCPS (Surgery),Surgery
9999,4532,MS (VASCULAR SURGERY),VASCULAR SURGERY
10000,4533,MBBS,
10001,4534,MBBS,
10002,4534,BCS (Health),Health
10003,4534,MS (Orthopedics),Orthopedics
10004,4535,MBBS,
10005,4535,BCS (Health),Health
10006,4535,FCPS (Medicine),Medicine
10007,4536,MBBS (DMC),DMC
10008,4536,BCS (Health),Health
10009,4536,FCPS (Medicine),Medicine
10010,4537,MBBS,
10011,4537,BCS (Health),Health
10012,4537,FCPS (Medicine),Medicine
10013,4538,MBBS (DU),DU
10014,4538,BCS (Health),Health
10015,4538,MD (Cardiology),Cardiology
10016,4539,MBBS (SSMC),SSMC
10017,4540,MBBS,
10018,4540,BCS (Health),Health
10019,4540,MD (Cardiology),Cardiology
10020,4541,MBBS,
10021,4541,MD (Cardiology),Cardiology
10022,4542,MBBS,
10023,4542,MS (NITOR),NITOR
10024,4543,MBBS,
10025,4544,MBBS,
10026,4545,MBBS,
10027,4545,BCS (Health),Health
10028,4545,MS,
10029,4546,MBBS,
10030,4546,BCS (Health),Health
10031,4546,MS (Orthopedics),Orthopedics
10032,4547,MBBS,
10033,4547,BCS (Health),Health
10034,4547,FCPS (Urology),Urology
10035,4548,MBBS,
10036,4548,BCS (Health),Health
10037,4548,MS (Urology),Urology
10038,4549,MBBS,
10039,4549,BCS,
10040,4550,MBBS,
10041,4550,BCS (Health),Health
10042,4550,MS (ENT),ENT
10043,4551,MBBS,
10044,4551,MS (ENT),ENT
10045,4552,MBBS,
10046,4553,MBBS,
10047,4553,MD (Haematology),Haematology
10048,4554,MBBS,
10049,4554,BCS (Health),Health
10050,4554,MD (Neurology),Neurology
10051,4555,MBBS,
10052,4555,BCS (Health),Health
10053,4555,FCPS (Physical Medicine),Physical Medicine
10054,4556,MBBS,
10055,4556,BCS (Health),Health
10056,4556,MD (Physical Medicine & Rehabilitation),Physical Medicine & Rehabilitation
10057,4557,DOMFS,
10058,4557,FCPS,
10059,4559,FCPS (Oral & Maxillofacial Surgery),Oral & Maxillofacial Surgery
10060,4560,MBBS,
10061,4560,FCPS (Medicine),Medicine
10062,4560,MD (Chest Diseases),Chest Diseases
10063,4561,MBBS,
10064,4562,MBBS,
10065,4562,BCS (Health),Health
10066,4562,MD (Medical Oncology),Medical Oncology
10067,4563,MBBS (DMC),DMC
10068,4563,BCS (Health),Health
10069,4563,FCPS (Gynae & Obs),Gynae & Obs
10070,4563,MS (Gynae & Obs),Gynae & Obs
10071,4564,MBBS,
10072,4564,BCS (Health),Health
10073,4565,MBBS,
10074,4565,BCS (Health),Health
10075,4565,MS (Gynae & Obs),Gynae & Obs
10076,4566,MBBS,
10077,4566,BCS (Health),Health
10078,4566,FCPS (Gynae & Obs),Gynae & Obs
10079,4567,MBBS,
10080,4567,FCPS (Gynae & Obs.),Gynae & Obs.
10081,4567,BCS (Health),Health
10082,4568,MBBS,
10083,4568,FCPS (OBGYN),OBGYN
10084,4569,MBBS,
10085,4569,DGO (DMC),DMC
10086,4570,MBBS (DU),DU
10087,4570,MD (Pediatrics),Pediatrics
10088,4571,MBBS,
10089,4572,MBBS,
10090,4572,FCPS (Child),Child
10091,4572,BCS (Health),Health
10092,4573,MBBS,
10093,4573,MD,
10094,4574,MBBS,
10095,4574,BCS (Health),Health
10096,4574,MD (Pediatrics),Pediatrics
10097,4575,MBBS,
10098,4575,MS,
10099,4576,MBBS,
10100,4576,BCS (Health),Health
10101,4576,MD (Gastroenterology),Gastroenterology
10102,4577,MBBS,
10103,4577,MD (Gastroenterology),Gastroenterology
10104,4578,MBBS,
10105,4578,FCPS (EYE),EYE
10106,4579,MBBS,
10107,4579,BCS (Health),Health
10108,4580,MBBS,
10109,4581,MBBS,
10110,4581,BCS (Health),Health
10111,4582,MBBS,
10112,4582,MS (Neurosurgery),Neurosurgery
10113,4583,MBBS,
10114,4584,MSc (Food & Nutrition),Food & Nutrition
10115,4585,MS (Food & Nutrition),Food & Nutrition
10116,4586,MSc (Food & Nutrition),Food & Nutrition
10117,4587,MBBS,
10118,4588,MBBS,
10119,4588,BCS (Health),Health
10120,4588,FCPS (Surgery),Surgery
10121,4589,MBBS,
10122,4589,BCS (Health),Health
10123,4589,MS (General Surgery),General Surgery
10124,4590,MBBS,
10125,4590,BCS (Health),Health
10126,4590,FCPS (Surgery),Surgery
10127,4591,MBBS,
10128,4591,FCPS (Hepatology),Hepatology
10129,4592,MBBS (DMC),DMC
10130,4592,BCS (Health),Health
10131,4592,MD (Heapatology),Heapatology
10132,4594,MBBS,
10133,4594,BCS (Health),Health
10134,4594,MD,
10135,4595,MBBS,
10136,4596,MBBS,
10137,4596,BCS (Health),Health
10138,4596,MD,
10139,4597,MBBS,
10140,4597,MSC,
10141,4598,MBBS (Dhaka),Dhaka
10142,4598,ADMS (Ultra),Ultra
10143,4598,MSS (DU),DU
10144,4599,MBBS,
10145,4599,FCPS (Medicine),Medicine
10146,4599,BCS (Health),Health
10147,4599,MD (Gastroenterology),Gastroenterology
10148,4600,MBBS,
10149,4600,MD (Hepatology),Hepatology
10150,4600,BCS (Health),Health
10151,4601,MBBS,
10152,4601,BCS (Health),Health
10153,4601,MD (Gastoenterology),Gastoenterology
10154,4602,MBBS,
10155,4602,MS (Urology),Urology
10156,4603,MBBS,
10157,4603,BCS (Health),Health
10158,4603,MS (Urology),Urology
10159,4605,MS (Conservative Dentistry & Endodontics),Conservative Dentistry & Endodontics
10160,4606,FCPS,
10161,4607,FCPS,
10162,4608,MBBS,
10163,4608,BCS (Health),Health
10164,4608,FCPS (Surgery),Surgery
10165,4609,MBBS,
10166,4609,FCPS (Surgery),Surgery
10167,4609,MS (Colorectal Surgery),Colorectal Surgery
10168,4610,MBBS,
10169,4611,MBBS,
10170,4611,BCS (Health),Health
10171,4611,MS (Paediatrics Surgery),Paediatrics Surgery
10172,4612,MBBS,
10173,4613,MBBS,
10174,4613,FCPS,
10175,4613,DMU,
10176,4613,FMD,
10177,4614,MBBS,
10178,4614,FCPS (Gyne),Gyne
10179,4614,BCS (Health),Health
10180,4615,MBBS (CMC),CMC
10181,4615,MD (Internal Medicine),Internal Medicine
10182,4616,MBBS,
10183,4616,FCPS (Medicine),Medicine
10184,4617,MBBS,
10185,4617,FCPS (Medicine) MRCP (UK),Medicine
10186,4618,MBBS,
10187,4618,FCPS (Surgery),Surgery
10188,4618,DMAS (Laparoscopy),Laparoscopy
10189,4619,MBBS (Dhaka),Dhaka
10190,4620,MBBS,
10191,4620,MS (Neurosurgery),Neurosurgery
10192,4621,MBBS,
10193,4621,BCS (Health),Health
10194,4621,FCPS (Medicine),Medicine
10195,4622,MBBS,
10196,4622,MD (Internal Medicine),Internal Medicine
10197,4623,MBBS,
10198,4623,BCS (Health),Health
10199,4623,FCPS (OBGYN),OBGYN
10200,4624,MBBS,
10201,4624,FCPS (ENT),ENT
10202,4625,MBBS,
10203,4627,MBBS (DMC),DMC
10204,4627,FCPS (Pediatrics),Pediatrics
10205,4627,MD (Pediatrics Gastroenterology),Pediatrics Gastroenterology
10206,4628,MBBS (DMC),DMC
10207,4628,BCS (Health),Health
10208,4628,MD (Pediatric),Pediatric
10209,4628,PhD,
10210,4629,MBBS,
10211,4629,BCS (Health),Health
10212,4629,FCPS (Medicine),Medicine
10213,4630,MBBS,
10214,4630,FCPS (Medicine),Medicine
10215,4631,MBBS,
10216,4631,MRCP (UK),UK
10217,4632,MBBS,
10218,4632,BCS (Health),Health
10219,4633,MBBS,
10220,4633,BCS (Health),Health
10221,4633,MS (Ortho),Ortho
10222,4634,MBBS,
10223,4634,BCS,
10224,4634,FCPS (ENT & Head-Neck Surgery),ENT & Head-Neck Surgery
10225,4635,MBBS,
10226,4635,MD (Nephrology),Nephrology
10227,4636,MBBS,
10228,4636,BCS (Health),Health
10229,4636,FCPS (Surgery) MRCS (UK),Surgery
10230,4637,MBBS,
10231,4637,MD (Gastroenterology),Gastroenterology
10232,4637,BCS (Health),Health
10233,4638,MBBS,
10234,4638,FCPS (BCPS),BCPS
10235,4639,MBBS (Raj),Raj
10236,4639,MS (Pediatric Surgery),Pediatric Surgery
10237,4640,MBBS,
10238,4640,MS,
10239,4640,BCS (Health),Health
10240,4641,MBBS,
10241,4641,FCPS (Radiation Oncology),Radiation Oncology
10242,4642,MBBS,
10243,4642,MS (Surgery),Surgery
10244,4643,MBBS,
10245,4643,FCPS,
10246,4644,MBBS,
10247,4644,MS (Neurosurgery),Neurosurgery
10248,4645,MBBS,
10249,4645,MS (CVTS),CVTS
10250,4646,MBBS,
10251,4646,FCPS (Surgery),Surgery
10252,4647,MBBS,
10253,4647,FCPS (Surgery),Surgery
10254,4648,MBBS,
10255,4648,MS (CV & TS),CV & TS
10256,4649,MBBS,
10257,4649,MD,
10258,4649,MS (Thoracic Surgery),Thoracic Surgery
10259,4650,MBBS (DMC),DMC
10260,4650,MS (CV & TS),CV & TS
10261,4651,MBBS,
10262,4651,MS (CV & TS),CV & TS
10263,4652,MBBS,
10264,4652,FCPS (Cardiology),Cardiology
10265,4653,MBBS,
10266,4653,MD (Cardiology),Cardiology
10267,4654,MBBS,
10268,4654,MD (Cardiology),Cardiology
10269,4655,MBBS,
10270,4656,MBBS,
10271,4656,MD (Cardiology),Cardiology
10272,4657,MBBS,
10273,4657,FCPS (Pediatrics),Pediatrics
10274,4658,MBBS,
10275,4658,FCPS (Pediatrics),Pediatrics
10276,4658,MD (Pediatrics),Pediatrics
10277,4658,MD (Nephrology),Nephrology
10278,4659,MBBS,
10279,4659,FCPS (CHILD),CHILD
10280,4660,MBBS,
10281,4660,FCPS (Pediatrics),Pediatrics
10282,4661,MBBS,
10283,4661,MD (Pediatrics),Pediatrics
10284,4662,MBBS,
10285,4662,FCPS (CHILD),CHILD
10286,4663,MBBS,
10287,4663,FCPS (CHILD),CHILD
10288,4663,MRCPCH (UK),UK
10289,4664,MBBS,
10290,4664,BCS (Health),Health
10291,4664,MD (CHILD),CHILD
10292,4665,FCPS (Conservative Dentistry & Endodontics),Conservative Dentistry & Endodontics
10293,4666,MBBS,
10294,4666,MD (Endocrinology),Endocrinology
10295,4666,Endocrinologist,
10296,4667,MBBS,
10297,4667,BCS (Health),Health
10298,4667,MD (Endocrinology & Metabolism),Endocrinology & Metabolism
10299,4667,Endocrinologist,
10300,4668,MBBS,
10301,4668,FCPS (ENT),ENT
10302,4668,MS (ENT),ENT
10303,4669,MBBS,
10304,4669,MS (ENT),ENT
10305,4670,MBBS,
10306,4670,FCPS (ENT),ENT
10307,4671,MBBS,
10308,4672,MBBS,
10309,4672,DO (DU),DU
10310,4672,FCPS (EYE),EYE
10311,4673,MBBS,
10312,4673,DO,
10313,4674,MBBS,
10314,4674,BCS (Health),Health
10315,4674,MD (Gastroenterology),Gastroenterology
10316,4675,MBBS,
10317,4675,FCPS (OBGYN),OBGYN
10318,4675,MS (OBGYN),OBGYN
10319,4676,MBBS,
10320,4676,MS (OBGYN),OBGYN
10321,4677,MBBS,
10322,4677,MS (OBGYN),OBGYN
10323,4678,MBBS,
10324,4678,FCPS (OBGYN),OBGYN
10325,4679,MBBS,
10326,4679,FCPS (OBGYN),OBGYN
10327,4680,MBBS,
10328,4680,FCPS (OBGYN),OBGYN
10329,4680,FCPS (Reproductive Endocrinology & Infertility),Reproductive Endocrinology & Infertility
10330,4681,MBBS,
10331,4681,FCPS (OBGYN),OBGYN
10332,4682,MBBS (DMC),DMC
10333,4682,FCPS (OBGYN),OBGYN
10334,4683,MBBS (SSMC),SSMC
10335,4683,FCPS (Medicine),Medicine
10336,4684,MBBS,
10337,4684,FCPS (OBGYN),OBGYN
10338,4685,MBBS,
10339,4685,FCPS (OBGYN),OBGYN
10340,4686,MBBS,
10341,4686,FCPS (Surgery),Surgery
10342,4687,MBBS,
10343,4687,FCPS (Surgery),Surgery
10344,4687,PhD (Hepatobiliary-Pancreatic Surgery),Hepatobiliary-Pancreatic Surgery
10345,4688,MBBS,
10346,4688,FCPS (Surgery),Surgery
10347,4689,MBBS,
10348,4689,BCS (Health),Health
10349,4689,FCPS (Medicine),Medicine
10350,4689,MD (Hepatology),Hepatology
10351,4690,MBBS,
10352,4690,BCS (Health),Health
10353,4690,MD (Hepatology),Hepatology
10354,4691,MBBS,
10355,4691,BCS (Health),Health
10356,4691,FCPS (Medicine),Medicine
10357,4692,MBBS,
10358,4692,MD (Internal Medicine),Internal Medicine
10359,4692,FRCP (UK),UK
10360,4693,MBBS,
10361,4693,BCS (Health),Health
10362,4693,MRCP (UK),UK
10363,4693,FRCP (UK),UK
10364,4694,MBBS,
10365,4694,FCPS (Medicine),Medicine
10366,4695,MBBS,
10367,4695,FCPS (Medicine),Medicine
10368,4695,MRCP (UK),UK
10369,4696,MBBS,
10370,4696,FCPS (Medicine),Medicine
10371,4697,MBBS,
10372,4697,FCPS (Medicine),Medicine
10373,4697,FRCP (EDIN),EDIN
10374,4698,MBBS,
10375,4698,FCPS (Surgery),Surgery
10376,4699,MBBS,
10377,4699,MS (Neurosurgery),Neurosurgery
10378,4699,FIMS (India),India
10379,4700,MBBS,
10380,4700,FCPS (Surgery),Surgery
10381,4701,MBBS,
10382,4701,MS (Neurosurgery),Neurosurgery
10383,4702,MBBS,
10384,4702,MS (Neurosurgery),Neurosurgery
10385,4703,MBBS,
10386,4703,MS (Neurosurgery),Neurosurgery
10387,4704,MBBS,
10388,4704,MS,
10389,4704,FCPS,
10390,4705,MBBS,
10391,4705,MS (ORTHO),ORTHO
10392,4706,MBBS,
10393,4707,MBBS,
10394,4707,MS (ORTHO),ORTHO
10395,4708,MBBS,
10396,4708,MS (ORTHO),ORTHO
10397,4709,MBBS,
10398,4709,MS (Ortho),Ortho
10399,4710,MBBS,
10400,4710,MS (ORTHO),ORTHO
10401,4711,MBBS,
10402,4712,MBBS,
10403,4712,FCPS,
10404,4712,MS (Plastic Surgery),Plastic Surgery
10405,4712,PhD (UK),UK
10406,4713,MBBS,
10407,4713,BCS (Health),Health
10408,4713,FCPS (Plastic & Reconstructive Surgery),Plastic & Reconstructive Surgery
10409,4714,MBBS,
10410,4714,MS (Plastic Surgery),Plastic Surgery
10411,4715,MBBS,
10412,4716,MBBS,
10413,4716,MD (Psychiatry),Psychiatry
10414,4717,MBBS,
10415,4717,FCPS (Psychiatry),Psychiatry
10416,4718,MBBS,
10417,4718,FCPS (Medicine),Medicine
10418,4718,MD (Rheumatology),Rheumatology
10419,4719,MBBS,
10420,4719,MD (Rheumatology),Rheumatology
10421,4720,MBBS,
10422,4721,MBBS,
10423,4722,MBBS,
10424,4722,FCPS (Surgery),Surgery
10425,4723,MBBS,
10426,4723,FCPS (Surgery),Surgery
10427,4724,MBBS,
10428,4724,MS (Surgery),Surgery
10429,4725,MBBS,
10430,4725,FCPS (Surgery),Surgery
10431,4726,MBBS,
10432,4726,FCPS (Surgery),Surgery
10433,4726,MS (Plastic Surgery),Plastic Surgery
10434,4727,MBBS,
10435,4727,FCPS (Surgery),Surgery
10436,4728,MBBS,
10437,4728,FCPS (Surgery),Surgery
10438,4728,MS (Urology),Urology
10439,4729,MBBS,
10440,4729,FCPS (Surgery),Surgery
10441,4729,MS (Urology),Urology
10442,4730,MBBS,
10443,4730,MS (Vascular Surgery),Vascular Surgery
10444,4730,PhD (Vascular Surgery),Vascular Surgery
10445,4731,MBBS,
10446,4731,MS (Urology),Urology
10447,4731,"MS (Urology, Moscow)","Urology, Moscow"
10448,4731,D.Endo Urology,
10449,4732,MBBS,
10450,4732,FCPS (Obs & Gynae),Obs & Gynae
10451,4733,MBBS,
10452,4733,FCPS,
10453,4734,MBBS,
10454,4734,MD (Internal Medicine),Internal Medicine
10455,4735,MBBS,
10456,4735,DO (DU),DU
10457,4735,FCPS (EYE),EYE
10458,4736,MBBS,
10459,4736,MD (Internal Medicine),Internal Medicine
10460,4737,MBBS,
10461,4737,MD,
10462,4738,MBBS,
10463,4738,FCPS (Physical Medicine),Physical Medicine
10464,4739,MBBS,
10465,4739,FCPS (Medicine),Medicine
10466,4739,MD (Chest Medicine),Chest Medicine
10467,4740,MBBS,
10468,4740,MD (Chest Diseases),Chest Diseases
10469,4741,MBBS,
10470,4741,MD (Neurology),Neurology
10471,4742,MBBS,
10472,4742,FCPS (Medicine),Medicine
10473,4742,FCPS (Neurology),Neurology
10474,4743,MBBS,
10475,4743,FCPS (Medicine),Medicine
10476,4743,MD (Neurology),Neurology
10477,4744,MBBS (DMC),DMC
10478,4744,BCS (Health),Health
10479,4744,FCPS (Medicine),Medicine
10480,4744,MD (Neurology),Neurology
10481,4745,MBBS,
10482,4745,BCS (Health),Health
10483,4745,FCPS (Medicine),Medicine
10484,4745,MD (Neurology),Neurology
10485,4746,MBBS,
10486,4746,MD (Cardiology),Cardiology
10487,4747,MBBS,
10488,4747,BCS (Health),Health
10489,4747,MD (Cardiology),Cardiology
10490,4748,MBBS,
10491,4748,FCPS (Medicine),Medicine
10492,4748,MD (Cardiology),Cardiology
10493,4749,MBBS,
10494,4749,MD (Cardiology),Cardiology
10495,4750,MBBS,
10496,4750,MD (Cardiology),Cardiology
10497,4751,MBBS,
10498,4751,BCS (Health),Health
10499,4751,MD (Cardiology),Cardiology
10500,4752,MBBS,
10501,4752,MD (Pediatrics),Pediatrics
10502,4752,FRCP (Glasgow),Glasgow
10503,4753,MBBS,
10504,4753,FCPS (Child),Child
10505,4754,MBBS,
10506,4754,FCPS (Pediatric),Pediatric
10507,4755,MBBS,
10508,4755,BCS (Health),Health
10509,4755,FCPS (Pediatrics),Pediatrics
10510,4756,MBBS,
10511,4756,BCS (Health),Health
10512,4756,FCPS (Child),Child
10513,4756,MD (Child),Child
10514,4757,MBBS,
10515,4757,MD (Pediatrics),Pediatrics
10516,4758,MBBS,
10517,4758,BCS (Health),Health
10518,4758,MD (Child),Child
10519,4759,MBBS,
10520,4759,MS (Orthopedics),Orthopedics
10521,4760,MBBS (Dhaka),Dhaka
10522,4760,MS (Ortho),Ortho
10523,4761,MBBS,
10524,4761,MS (Orthopedics),Orthopedics
10525,4762,MBBS,
10526,4762,BCS (Health),Health
10527,4763,MBBS,
10528,4763,MRCP (UK),UK
10529,4764,MBBS (DMC),DMC
10530,4764,FCPS (Orthopedics),Orthopedics
10531,4765,MBBS,
10532,4765,BCS (Health),Health
10533,4765,MS (Orthopedic Surgery),Orthopedic Surgery
10534,4766,MBBS,
10535,4766,BCS (Health),Health
10536,4766,MS (Orthopedic Surgery),Orthopedic Surgery
10537,4767,MBBS (DMC),DMC
10538,4767,FCPS (ENT),ENT
10539,4768,MBBS,
10540,4768,MS (ENT),ENT
10541,4769,MBBS,
10542,4769,BCS (Health),Health
10543,4769,MD (Psychiatry),Psychiatry
10544,4770,MBBS,
10545,4770,MD (Psychiatry),Psychiatry
10546,4771,MBBS,
10547,4771,BCS (Health),Health
10548,4771,FCPS (OBGYN),OBGYN
10549,4772,MBBS,
10550,4772,FCPS (OBGYN),OBGYN
10551,4773,MBBS,
10552,4773,FCPS (OBGYN),OBGYN
10553,4774,MBBS (DMC),DMC
10554,4774,BCS (Health),Health
10555,4774,FCPS (OBGYN),OBGYN
10556,4775,MBBS,
10557,4775,BCS (Health),Health
10558,4775,FCPS (OBGYN),OBGYN
10559,4776,MBBS (DMC),DMC
10560,4776,BCS (Health),Health
10561,4776,FCPS (OBGYN),OBGYN
10562,4777,MBBS,
10563,4777,FCPS (Gynea),Gynea
10564,4778,MBBS,
10565,4778,MS (Obs & Gynae),Obs & Gynae
10566,4779,MBBS,
10567,4779,FCPS (OBGYN),OBGYN
10568,4780,MBBS,
10569,4780,FCPS (Gynae & Obs),Gynae & Obs
10570,4781,MBBS,
10571,4781,MD (Gastroenterology),Gastroenterology
10572,4782,MBBS (MMC),MMC
10573,4782,BCS (Health),Health
10574,4782,MD (Gastroenterology),Gastroenterology
10575,4783,MBBS,
10576,4783,MD (Nephrology),Nephrology
10577,4784,MBBS,
10578,4784,BCS (Health),Health
10579,4784,MD (Nephrology),Nephrology
10580,4785,MBBS,
10581,4785,MD,
10582,4786,MBBS,
10583,4786,BCS (Health),Health
10584,4786,MD (Nephrology),Nephrology
10585,4787,MBBS,
10586,4787,FCPS (Surgery),Surgery
10587,4787,MS (Urology),Urology
10588,4788,MBBS,
10589,4788,FCPS (Surgery),Surgery
10590,4788,MS (Urology),Urology
10591,4789,MBBS (DMC),DMC
10592,4789,MS (Urology),Urology
10593,4790,MBBS (SSMC),SSMC
10594,4790,MS (Urology),Urology
10595,4791,MBBS,
10596,4791,MD (Pediatric Neurology & Neurodevelopment),Pediatric Neurology & Neurodevelopment
10597,4792,MBBS (DMC),DMC
10598,4792,MS (CVTS),CVTS
10599,4793,FCPS,
10600,4795,BCS (Health),Health
10601,4795,MS (CD),CD
10602,4798,MBBS,
10603,4798,FCPS (Neurosurgery),Neurosurgery
10604,4799,FCPS,
10605,4800,FCPS (OMS),OMS
10606,4801,BCS (Health),Health
10607,4801,MS (Orthodontics),Orthodontics
10608,4802,MBBS,
10609,4802,FCPS (Medicine),Medicine
10610,4802,FRCP (Glasgow),Glasgow
10611,4803,MBBS,
10612,4803,FCPS (Medicine),Medicine
10613,4804,MBBS,
10614,4805,MBBS,
10615,4805,FCPS (Medicine),Medicine
10616,4806,MBBS,
10617,4806,FCPS,
10618,4807,MBBS,
10619,4807,FCPS (Medicine),Medicine
10620,4807,BCS (Health),Health
10621,4807,MD (Internal Medicine),Internal Medicine
10622,4808,MBBS,
10623,4808,BCS (Health),Health
10624,4808,FCPS (Medicine),Medicine
10625,4809,MBBS,
10626,4809,BCS (Health),Health
10627,4809,FCPS (Medicine),Medicine
10628,4809,MRCP (PACES),PACES
10629,4810,MBBS (SSMC),SSMC
10630,4810,BCS (Health),Health
10631,4810,FCPS (Medicine),Medicine
10632,4811,MBBS,
10633,4811,FCPS (Medicine),Medicine
10634,4811,MD (Cardiology),Cardiology
10635,4812,MBBS,
10636,4812,BCS (Health),Health
10637,4812,FCPS (Medicine),Medicine
10638,4813,MBBS,
10639,4813,FCPS (Medicine),Medicine
10640,4814,MBBS,
10641,4814,FCPS (Medicine),Medicine
10642,4814,MD (Critical care Medicine),Critical care Medicine
10643,4815,MBBS,
10644,4815,BCS (Health),Health
10645,4815,MD (Rheumatology),Rheumatology
10646,4816,MBBS (SSMC),SSMC
10647,4816,BCS,
10648,4816,MS (Plastic Surgery),Plastic Surgery
10649,4817,MBBS,
10650,4817,FCPS (Hematology),Hematology
10651,4818,MBBS,
10652,4818,BCS (Health),Health
10653,4818,MD (Hematology),Hematology
10654,4819,MBBS,
10655,4819,MD (Hematology),Hematology
10656,4820,MBBS,
10657,4820,PhD,
10658,4820,Endocrinologist,
10659,4821,MBBS,
10660,4821,MRCP (UK),UK
10661,4821,MD (Endocrinology),Endocrinology
10662,4821,Endocrinologist,
10663,4822,MBBS,
10664,4822,MD (Endocrinology),Endocrinology
10665,4822,Endocrinologist,
10666,4823,MBBS,
10667,4823,MD (Endocrinology & Metabolism),Endocrinology & Metabolism
10668,4823,Endocrinologist,
10669,4824,MBBS,
10670,4824,MD (Radiation Oncology),Radiation Oncology
10671,4825,MBBS,
10672,4825,FCPS (Surgery),Surgery
10673,4826,MBBS,
10674,4826,FCPS (Surgery),Surgery
10675,4826,MS (Pediatrics Surgery),Pediatrics Surgery
10676,4827,MBBS,
10677,4827,FCPS (Surgery),Surgery
10678,4828,MBBS (DMC),DMC
10679,4829,MBBS (DMC),DMC
10680,4829,FCPS (Surgery),Surgery
10681,4830,MBBS,
10682,4830,MS (Surgery),Surgery
10683,4830,PHD,
10684,4831,MBBS,
10685,4831,FCPS (SURGER),SURGER
10686,4831,MS (COLORECTAL SURGERY),COLORECTAL SURGERY
10687,4832,MBBS (DMC),DMC
10688,4832,FCPS (SKIN & VD),SKIN & VD
10689,4833,MBBS,
10690,4833,BCS (Health),Health
10691,4833,FCPS (Skin & VD),Skin & VD
10692,4834,MBBS,
10693,4834,FCPS (Surgery),Surgery
10694,4834,FCPS (Thoracic Surgery),Thoracic Surgery
10695,4835,MBBS,
10696,4835,MD (Gastroenterology),Gastroenterology
10697,4836,MBBS,
10698,4836,FCPS (Medicine),Medicine
10699,4837,MBBS,
10700,4837,BCS (Health),Health
10701,4837,FCPS (Medicine),Medicine
10702,4838,MBBS,
10703,4838,BCS (Health),Health
10704,4838,FCPS (Medicine),Medicine
10705,4838,MD (Cardiology),Cardiology
10706,4839,MBBS,
10707,4839,BCS (Health),Health
10708,4839,FCPS (Medicine),Medicine
10709,4839,MD,
10710,4840,MBBS,
10711,4840,MD (Neurology),Neurology
10712,4841,MBBS,
10713,4841,BCS (Health),Health
10714,4841,MS (OBGYN),OBGYN
10715,4842,MBBS,
10716,4842,BCS (Health),Health
10717,4842,FCPS (Gynae & Obs),Gynae & Obs
10718,4843,MBBS,
10719,4843,BCS (Health),Health
10720,4843,FCPS (Medicine),Medicine
10721,4843,MRCP (Medicine),Medicine
10722,4844,MBBS,
10723,4844,BCS (Health),Health
10724,4844,FCPS,
10725,4844,MS (Gynae & Obs),Gynae & Obs
10726,4845,MBBS (DMC),DMC
10727,4845,FCPS (Medicine),Medicine
10728,4847,MBBS (BMC),BMC
10729,4848,MBBS,
10730,4848,FCPS (Pediatrics & Neonatalogy),Pediatrics & Neonatalogy
10731,4849,MBBS,
10732,4849,BCS (Health),Health
10733,4849,MRCP (London),London
10734,4849,"FCPS (Medicine, FP)","Medicine, FP"
10735,4849,MD (Gastroenterology),Gastroenterology
10736,4850,MBBS,
10737,4850,BCS (Health),Health
10738,4850,FCPS (Obs & Gynae),Obs & Gynae
10739,4851,MBBS,
10740,4851,BCS (Health),Health
10741,4851,FCPS (Gynaecology & Obs),Gynaecology & Obs
10742,4852,MBBS,
10743,4853,MBBS,
10744,4853,BCS (Health),Health
10745,4853,MS (ENT),ENT
10746,4854,MBBS,
10747,4854,BCS (Health),Health
10748,4854,FCPS (Neuosurgery),Neuosurgery
10749,4854,MS (Neuosurgery),Neuosurgery
10750,4855,MBBS,
10751,4856,MBBS,
10752,4856,MS (Ortho-Surgery),Ortho-Surgery
10753,4857,MBBS,
10754,4857,FCPS,
10755,4858,MBBS,
10756,4858,BCS (Health),Health
10757,4858,MS (Ortho),Ortho
10758,4859,MBBS,
10759,4859,BCS (Health),Health
10760,4859,FCPS,
10761,4860,MBBS,
10762,4860,BCS (Health),Health
10763,4860,MS (Ortho),Ortho
10764,4861,MBBS,
10765,4861,BCS (Health),Health
10766,4861,MD (Neurology),Neurology
10767,4862,MBBS,
10768,4862,MD (Neurology),Neurology
10769,4863,MBBS,
10770,4863,BCS (Health),Health
10771,4863,FCPS (Obs & Gynae) MRCOG Part-1 (UK),Obs & Gynae
10772,4863,DMEU,
10773,4864,MBBS (Dhaka),Dhaka
10774,4864,BCS (Health),Health
10775,4864,MS (Orthopedics),Orthopedics
10776,4865,MBBS,
10777,4865,MD (Cardiology),Cardiology
10778,4866,MBBS,
10779,4866,BCS (Health),Health
10780,4866,FCPS (Medicine),Medicine
10781,4866,MD (Neurology),Neurology
10782,4866,FCPS (USA),USA
10783,4867,MBBS (Dhaka),Dhaka
10784,4867,BCS (Health),Health
10785,4867,MS (Orthopedics),Orthopedics
10786,4868,MBBS (DU),DU
10787,4868,FCPS (Surgery),Surgery
10788,4869,MBBS,
10789,4869,FCPS (Child),Child
10790,4870,MBBS,
10791,4870,BCS (Health),Health
10792,4870,MD (Cardiology),Cardiology
10793,4871,MBBS,
10794,4871,BCS (Health),Health
10795,4871,FCPS (Gynae & Obs),Gynae & Obs
10796,4872,MBBS,
10797,4872,BCS (Health),Health
10798,4872,FCPS (Gynae & Obs),Gynae & Obs
10799,4873,MBBS,
10800,4873,MD,
10801,4874,MBBS (DMC),DMC
10802,4874,BCS (Health),Health
10803,4874,FCPS,
10804,4874,FRCP (UK),UK
10805,4875,MBBS,
10806,4875,FCPS (Paedi),Paedi
10807,4875,FRCP (UK),UK
10808,4875,MD (Pediatric Haematology & Oncology),Pediatric Haematology & Oncology
10809,4876,MBBS,
10810,4876,MD,
10811,4877,MBBS,
10812,4878,MBBS,
10813,4879,MBBS,
10814,4879,BCS (Health),Health
10815,4879,FCPS (Medicine),Medicine
10816,4880,MBBS,
10817,4880,BCS (Health),Health
10818,4881,MBBS,
10819,4881,MD (Hepatology),Hepatology
10820,4882,MBBS,
10821,4882,MD (Hepatology),Hepatology
10822,4883,MBBS,
10823,4883,FCPS (Physical Medicine),Physical Medicine
10824,4884,MBBS,
10825,4884,MS (Ortho),Ortho
10826,4885,MBBS (Dhaka),Dhaka
10827,4885,BCS (Health),Health
10828,4885,MS (Ortho-Surgery),Ortho-Surgery
10829,4886,MBBS,
10830,4886,MS (Ortho),Ortho
10831,4886,FCPS (USA),USA
10832,4887,MBBS,
10833,4888,MBBS,
10834,4888,BCS (Health),Health
10835,4888,FCPS (Medicine),Medicine
10836,4888,FCPS (Endocrinology),Endocrinology
10837,4888,Endocrinologist,
10838,4889,MBBS (Dhaka),Dhaka
10839,4889,BCS (Health),Health
10840,4889,MD (Nephrology),Nephrology
10841,4890,MBBS,
10842,4890,BCS (Health),Health
10843,4890,MD (Nephrology),Nephrology
10844,4891,MBBS (DMC),DMC
10845,4891,"MD (Nephrology, DMC)","Nephrology, DMC"
10846,4892,MBBS,
10847,4892,MS (Neuro-Surgery,"Neuro-Surgery, BSMMU"
10848,4893,PGT (OMS),OMS
10849,4893,CPR (DMC),DMC
10850,4895,MBBS (DMC),DMC
10851,4895,BCS (Health),Health
10852,4895,FCPS (Skin & Sexual),Skin & Sexual
10853,4897,MBBS,
10854,4897,BCS,
10855,4897,MD (Pead),Pead
10856,4897,MD (Paediatric Cardiology),Paediatric Cardiology
10857,4898,MBBS,
10858,4898,MD (USA),USA
10859,4898,FCPS (Medicine),Medicine
10860,4899,MBBS,
10861,4899,FCPS (Medicine),Medicine
10862,4900,MBBS,
10863,4900,BCS (Health),Health
10864,4900,FCPS (Medicine),Medicine
10865,4901,MBBS,
10866,4901,BCS (Health),Health
10867,4901,FCPS (Medicine),Medicine
10868,4901,MD,
10869,4902,MBBS,
10870,4902,BCS (Health),Health
10871,4902,FCPS (Medicine),Medicine
10872,4903,MBBS,
10873,4903,BCS (Health),Health
10874,4903,FCPS (Medicine),Medicine
10875,4904,MBBS,
10876,4904,MD (Cardiology),Cardiology
10877,4905,MBBS,
10878,4905,MD (Cardiology),Cardiology
10879,4906,MBBS,
10880,4906,BCS (Health),Health
10881,4906,MD (Cardiology),Cardiology
10882,4907,MBBS,
10883,4907,MD (Cardiology),Cardiology
10884,4908,MBBS,
10885,4908,BCS,
10886,4908,MD (Cardiology),Cardiology
10887,4909,MBBS,
10888,4909,MD (Cardiology),Cardiology
10889,4910,MBBS,
10890,4910,BCS,
10891,4910,MD (Cardiology),Cardiology
10892,4911,MBBS,
10893,4911,BCS,
10894,4911,FCPS (Medicine),Medicine
10895,4911,MD (Gastrolenterology),Gastrolenterology
10896,4912,MBBS,
10897,4912,FCPS (ENT),ENT
10898,4913,MBBS,
10899,4913,FCPS (ENT),ENT
10900,4914,MBBS,
10901,4914,BCS (Health),Health
10902,4914,MS,
10903,4915,MBBS,
10904,4915,FCPS (ENT),ENT
10905,4916,MBBS,
10906,4916,DO,
10907,4916,MS (EYE),EYE
10908,4917,MBBS,
10909,4917,MS (Ortho),Ortho
10910,4918,MBBS,
10911,4918,BCS,
10912,4918,FCPS (Orthopaedics),Orthopaedics
10913,4918,MS (Orthopaedics),Orthopaedics
10914,4919,MBBS,
10915,4919,MS (Ortho),Ortho
10916,4920,MBBS,
10917,4920,FCPS,
10918,4920,MS (OBGYN),OBGYN
10919,4921,MBBS,
10920,4921,BCS (Health),Health
10921,4922,MBBS,
10922,4922,BCS (Health),Health
10923,4922,FCPS (Gynae & Obs),Gynae & Obs
10924,4923,MBBS,
10925,4923,BCS (Health),Health
10926,4923,FCPS (Gynae & Obs),Gynae & Obs
10927,4923,"MRCOG (Final, London)","Final, London"
10928,4923,DMU,
10929,4924,MBBS (DMC),DMC
10930,4924,MS (Gynae & Obs),Gynae & Obs
10931,4925,MBBS,
10932,4925,BCS (Health),Health
10933,4925,FCPS,
10934,4926,MBBS,
10935,4926,MD (Psychiatry),Psychiatry
10936,4927,MBBS,
10937,4927,MD,
10938,4928,MBBS,
10939,4928,FCPS (SKIN & VD),SKIN & VD
10940,4929,MBBS,
10941,4929,MD,
10942,4930,MBBS,
10943,4930,FCPS (Dermatology),Dermatology
10944,4931,MBBS,
10945,4931,BCS (Health),Health
10946,4932,MBBS (DMC),DMC
10947,4932,FCPS (Skin & DV),Skin & DV
10948,4933,MBBS,
10949,4933,FCPS (Pediatrics),Pediatrics
10950,4933,FCPS (Pediatric Gastroenterology & Nutrition),Pediatric Gastroenterology & Nutrition
10951,4934,MBBS,
10952,4935,MBBS,
10953,4935,FCPS (Pediatric),Pediatric
10954,4935,MD (Pediatric Hematology & Oncology),Pediatric Hematology & Oncology
10955,4936,MBBS,
10956,4936,MD (Cardiology),Cardiology
10957,4937,MBBS,
10958,4937,BCS (Health),Health
10959,4937,MSc (HS),HS
10960,4938,MBBS (DMC),DMC
10961,4938,MD (Cardiology),Cardiology
10962,4939,MBBS,
10963,4939,FCPS (Dermatology),Dermatology
10964,4940,MBBS,
10965,4940,FCPS (Surgery),Surgery
10966,4941,MBBS,
10967,4941,BCS,
10968,4941,FCPS (Surgery),Surgery
10969,4942,MBBS,
10970,4942,BCS,
10971,4942,FCPS (Surgery),Surgery
10972,4943,MBBS,
10973,4943,MD (Nephrology),Nephrology
10974,4944,MBBS,
10975,4944,FCPS (Medicine),Medicine
10976,4945,MBBS,
10977,4945,MD (Nephrology),Nephrology
10978,4946,MBBS,
10979,4946,FRSTM & H (London),London
10980,4947,MBBS,
10981,4947,MMS (England),England
10982,4948,MBBS,
10983,4948,FCPS (Physical Medicine),Physical Medicine
10984,4949,MBBS,
10985,4949,MD (Physical Medicine & Rehabilitation),Physical Medicine & Rehabilitation
10986,4950,MBBS,
10987,4950,FCPS (Physical Medicine),Physical Medicine
10988,4951,MBBS,
10989,4951,BCS (Health),Health
10990,4951,MS (Urology),Urology
10991,4952,MBBS (DMC),DMC
10992,4952,FCPS (Medicine),Medicine
10993,4953,MBBS,
10994,4953,BCS,
10995,4954,MBBS,
10996,4958,MBBS,
10997,4958,MRCP (UK),UK
10998,4958,MD (Neurology),Neurology
10999,4959,MBBS,
11000,4959,MD (Neurology),Neurology
11001,4959,FCPS (Neuromedicine),Neuromedicine
11002,4960,MBBS (DMC),DMC
11003,4960,FCPS (Medicine),Medicine
11004,4960,BCS (Health),Health
11005,4961,MBBS,
11006,4961,BCS (Health),Health
11007,4961,MD,
11008,4961,Endocrinologist,
11009,4962,MBBS,
11010,4962,BCS (Health),Health
11011,4962,MS (CVTS),CVTS
11012,4963,MBBS,
11013,4963,BCS (Health),Health
11014,4963,MS (Neurosurgery),Neurosurgery
11015,4964,MBBS,
11016,4964,BCS (Health),Health
11017,4964,FCPS (Pediatrics),Pediatrics
11018,4965,MBBS,
11019,4965,BCS (Health),Health
11020,4965,FCPS,
11021,4965,MD (Paediatrics),Paediatrics
11022,4966,MBBS,
11023,4966,MD (Ped),Ped
11024,4967,MBBS (DMC),DMC
11025,4967,BCS (Health),Health
11026,4967,FCPS (Paed),Paed
11027,4968,MBBS,
11028,4968,MD,
11029,4969,MBBS,
11030,4969,FCPS (Paediatric),Paediatric
11031,4970,MBBS,
11032,4970,FCPS,
11033,4971,MBBS,
11034,4971,BCS (Health),Health
11035,4971,FCPS (Plastic & Reconstructive Surgery),Plastic & Reconstructive Surgery
11036,4972,MBBS,
11037,4972,Endocrinologist,
11038,4973,MBBS,
11039,4973,MS (Obs & Gynae),Obs & Gynae
11040,4973,MRCP,
11041,4974,MBBS,
11042,4974,FCPS (Gynae & Obs) CCD (BIRDEM),Gynae & Obs
11043,4975,MBBS,
11044,4975,MS,
11045,4975,FCPS (Gynae & Obs),Gynae & Obs
11046,4976,MBBS,
11047,4976,FCPS (Gynae),Gynae
11048,4977,MBBS,
11049,4977,FCPS,
11050,4978,MBBS,
11051,4978,MRCP (Gynae & Infertility),Gynae & Infertility
11052,4979,MBBS,
11053,4979,FCPS,
11054,4979,Advanced Diploma In ART & Reproductive Medicine (UK),UK
11055,4980,MBBS,
11056,4980,FCPS,
11057,4981,MBBS,
11058,4981,FCPS (OBGYN),OBGYN
11059,4982,MBBS,
11060,4982,FCPS (Medicine),Medicine
11061,4983,MBBS (DMC),DMC
11062,4983,FCPS (Medicine),Medicine
11063,4984,MBBS (DMC),DMC
11064,4984,FCPS (Medicine),Medicine
11065,4985,MBBS,
11066,4985,MD (Chest Medicine),Chest Medicine
11067,4986,MBBS,
11068,4986,BCS,
11069,4986,MD (Chest Diseases),Chest Diseases
11070,4987,MBBS,
11071,4987,FCPS (Hematology),Hematology
11072,4990,MBBS,
11073,4990,FCPS (Cardiology),Cardiology
11074,4991,MBBS,
11075,4991,FCPS (Medicine),Medicine
11076,4992,MBBS,
11077,4992,BCS (Health),Health
11078,4992,MD (Nephrology),Nephrology
11079,4993,MBBS (DMC),DMC
11080,4993,BCS (Health),Health
11081,4993,FCPS (Medicine),Medicine
11082,4994,MBBS,
11083,4994,BCS (Health),Health
11084,4994,FCPS (Medicine),Medicine
11085,4994,MD (Gastroenterology),Gastroenterology
11086,4995,MBBS,
11087,4995,BCS (Health),Health
11088,4995,FCPS (Medicine),Medicine
11089,4996,MBBS,
11090,4996,MD (Medicine),Medicine
11091,4997,MBBS,
11092,4997,MD (Internal Medicine),Internal Medicine
11093,4998,MBBS,
11094,4998,BCS (Health),Health
11095,4998,MD (Cardiology),Cardiology
11096,4999,MBBS,
11097,4999,BCS (Health),Health
11098,4999,MD (Cardiology),Cardiology
11099,5000,MBBS (DMC),DMC
11100,5000,MD (Cardiology),Cardiology
11101,5000,BCS (Health),Health
11102,5001,MBBS,
11103,5001,MD (Cardiology),Cardiology
11104,5002,MBBS,
11105,5003,MBBS,
11106,5004,MBBS,
11107,5004,MS (Ortho Surgery),Ortho Surgery
11108,5005,MBBS,
11109,5006,MBBS,
11110,5007,MBBS (DMC),DMC
11111,5007,MRCP (UK),UK
11112,5008,MBBS,
11113,5008,MD (Chest),Chest
11114,5009,MBBS,
11115,5009,MS (Plastic Surgery),Plastic Surgery
11116,5010,MBBS,
11117,5010,FCPS (Surgery),Surgery
11118,5010,MS (Plastic Surgery),Plastic Surgery
11119,5011,MBBS,
11120,5011,MD (Pediatrics),Pediatrics
11121,5012,MBBS,
11122,5012,FCPS (Pediatrics),Pediatrics
11123,5012,MD (Pediatric Neurology & Neurodevelopment),Pediatric Neurology & Neurodevelopment
11124,5013,MBBS,
11125,5013,FCPS (Pediatrics),Pediatrics
11126,5014,MBBS,
11127,5014,BCS (Health),Health
11128,5014,MS (Orthopedics),Orthopedics
11129,5015,MBBS,
11130,5016,MBBS (Dhaka),Dhaka
11131,5016,FCPS (Gynae & Obs),Gynae & Obs
11132,5017,MSc (Food & Nutrition),Food & Nutrition
11133,5018,MSc (Food & Nutrition),Food & Nutrition
11134,5019,MBBS,
11135,5019,FCPS (Neuro Surgery),Neuro Surgery
11136,5020,MBBS,
11137,5021,MBBS,
11138,5021,MS (Urology),Urology
11139,5022,MBBS,
11140,5022,MS (Urology),Urology
11141,5023,MBBS,
11142,5023,MD (Skin & VD),Skin & VD
11143,5024,MBBS,
11144,5024,MD (Skin & VD),Skin & VD
11145,5025,MBBS,
11146,5025,BCS (Health),Health
11147,5025,FCPS (Dermatology),Dermatology
11148,5026,MBBS,
11149,5026,FCPS (ENT),ENT
11150,5027,MBBS,
11151,5028,MBBS,
11152,5028,FCPS (ENT),ENT
11153,5029,MBBS,
11154,5029,FCPS (Hematology),Hematology
11155,5030,MBBS (DU),DU
11156,5030,FMD (USTC),USTC
11157,5030,Endocrinologist,
11158,5031,MBBS,
11159,5031,BCS (Health),Health
11160,5031,MD (Neuromedicine),Neuromedicine
11161,5032,MBBS,
11162,5032,MD (Neurology),Neurology
11163,5033,MBBS,
11164,5033,BCS (Health),Health
11165,5033,MD (Neurology),Neurology
11166,5033,MRCP (UK),UK
11167,5035,MDS (Prosthodontics),Prosthodontics
11168,5037,BCS (Health),Health
11169,5037,MS (Phase-A),Phase-A
11170,5037,"FCPS (Part-2, Oral & Maxillofacial Surgery)","Part-2, Oral & Maxillofacial Surgery"
11171,5038,BCS (Health),Health
11172,5038,MS (Conservation Dentistry Endodontics),Conservation Dentistry Endodontics
11173,5039,MBBS,
11174,5039,BCS (Health),Health
11175,5039,FCPS (Physical Medicine & Rehabilitation),Physical Medicine & Rehabilitation
11176,5040,MBBS,
11177,5040,BCS (Health),Health
11178,5040,FCPS,
11179,5041,MBBS,
11180,5041,BCS (Health),Health
11181,5041,MD (Endocrinology),Endocrinology
11182,5041,Endocrinologist,
11183,5042,MBBS,
11184,5043,MBBS (DMC),DMC
11185,5043,MD (Chest Medicine),Chest Medicine
11186,5043,FCPS (Medicine),Medicine
11187,5044,MBBS,
11188,5044,MD (Chest Medicine),Chest Medicine
11189,5045,MBBS,
11190,5045,BCS (Health),Health
11191,5045,MD (Chest Medicine),Chest Medicine
11192,5046,MBBS,
11193,5046,BCS (Health),Health
11194,5046,FCPS (Oncology),Oncology
11195,5047,MBBS,
11196,5047,BCS (Health),Health
11197,5047,MS (Surgical Oncology),Surgical Oncology
11198,5048,MBBS,
11199,5048,FCPS,
11200,5048,MS,
11201,5049,MBBS,
11202,5049,FCPS (Gynae & OBS),Gynae & OBS
11203,5049,MS (Gynae & OBS),Gynae & OBS
11204,5050,MBBS,
11205,5050,BCS (Health),Health
11206,5050,FCPS,
11207,5051,MBBS,
11208,5051,FCPS (Obs & Gynae),Obs & Gynae
11209,5052,MBBS (DU),DU
11210,5052,BCS (Health),Health
11211,5052,MS (Obs & Gynae),Obs & Gynae
11212,5053,MBBS,
11213,5053,MS (Obs & Gynae),Obs & Gynae
11214,5054,MBBS,
11215,5054,FCPS (ENT),ENT
11216,5054,MS (ENT),ENT
11217,5055,MBBS (DMC),DMC
11218,5055,MD (Neurology/Neuromedicine),Neurology/Neuromedicine
11219,5056,MBBS,
11220,5056,FCPS (Surgery),Surgery
11221,5056,MS (Neurosurgery),Neurosurgery
11222,5057,MBBS (DMC),DMC
11223,5057,FCPS (Medicine),Medicine
11224,5058,MBBS,
11225,5058,FCPS (Medicine),Medicine
11226,5059,MBBS,
11227,5059,FCPS (Medicine),Medicine
11228,5060,MBBS,
11229,5060,MD (Hepatology),Hepatology
11230,5061,MBBS (DMC),DMC
11231,5061,MD (Gastroenterology),Gastroenterology
11232,5062,MBBS,
11233,5063,MBBS,
11234,5065,FCPS,
11235,5066,MBBS,
11236,5066,MS (General Surgery),General Surgery
11237,5066,MS (Colorectal Surgery),Colorectal Surgery
11238,5067,MBBS,
11239,5067,MS (Cardiothoracic Surgery),Cardiothoracic Surgery
11240,5068,MBBS,
11241,5068,FCPS (Surgery),Surgery
11242,5068,MS (Cardiovascular & Thoracic Surgery),Cardiovascular & Thoracic Surgery
11243,5069,MBBS,
11244,5069,BCS (Health),Health
11245,5069,FCPS (Ped),Ped
11246,5069,MD (Ped),Ped
11247,5070,MBBS,
11248,5070,FCPS (Pediatrics),Pediatrics
11249,5070,MD (Pediatrics),Pediatrics
11250,5071,MBBS (DMC),DMC
11251,5072,MBBS (SSMC),SSMC
11252,5072,MS (CV&TS),CV&TS
11253,5073,MBBS,
11254,5073,BCS (Health),Health
11255,5073,MD (Hepatology),Hepatology
11256,5074,MBBS,
11257,5074,MD (Gastroenterology),Gastroenterology
11258,5074,FCPS (Medicine),Medicine
11259,5075,MBBS,
11260,5075,MD (Gastroenterology),Gastroenterology
11261,5076,MBBS,
11262,5076,MS (Hepatobiliary Surgery),Hepatobiliary Surgery
11263,5077,MBBS,
11264,5077,BCS (Health),Health
11265,5077,MD (Gastroenterology),Gastroenterology
11266,5077,FCPS (Medicine),Medicine
11267,5078,MBBS,
11268,5078,DO,
11269,5078,FCPS (Eye),Eye
11270,5079,MBBS,
11271,5079,MS (General Surgery),General Surgery
11272,5079,BCS (Health),Health
11273,5080,MBBS,
11274,5080,FCPS (Surgery),Surgery
11275,5081,MBBS,
11276,5081,MS (General Surgery),General Surgery
11277,5082,MBBS,
11278,5082,MD (Nephrology),Nephrology
11279,5083,MBBS,
11280,5083,MD,
11281,5083,DMU,
11282,5084,MBBS,
11283,5084,MD (Pathology),Pathology
11284,5085,MBBS,
11285,5087,MBBS,
11286,5087,FCPS (Medicine),Medicine
11287,5088,MBBS,
11288,5089,MBBS (DMC),DMC
11289,5089,FCPS (Medicine),Medicine
11290,5090,MBBS,
11291,5090,FCPS (Pediatrics),Pediatrics
11292,5090,FCPS (Pediatric Neurology),Pediatric Neurology
11293,5091,MBBS,
11294,5091,MD (Pediatrics),Pediatrics
11295,5092,MBBS,
11296,5092,MS (Urology),Urology
11297,5093,MBBS,
11298,5094,MBBS,
11299,5094,FCPS (Surgery),Surgery
11300,5095,MBBS,
11301,5095,FCPS (Surgery),Surgery
11302,5096,MBBS,
11303,5096,MS (General Surgery,"General Surgery, BSMMU"
11304,5097,MBBS,
11305,5097,FCPS (Surgery),Surgery
11306,5098,MBBS,
11307,5098,MD (BSMMU),BSMMU
11308,5099,MBBS,
11309,5100,MBBS (DMC),DMC
11310,5100,FCPS (Skin & VD),Skin & VD
11311,5101,MBBS,
11312,5101,FCPS (Dermatology),Dermatology
11313,5102,MBBS,
11314,5102,MD (Chest Diseases),Chest Diseases
11315,5103,MBBS,
11316,5103,MD (Psychiatry),Psychiatry
11317,5104,MBBS,
11318,5104,FCPS (Psych),Psych
11319,5108,MBBS (DMC),DMC
11320,5108,FCPS (Psychiatry),Psychiatry
11321,5109,MBBS,
11322,5109,MD,
11323,5110,MBBS,
11324,5110,MS (Gynae & Obs),Gynae & Obs
11325,5111,MBBS,
11326,5111,FCPS (Pediatrics),Pediatrics
11327,5112,MBBS,
11328,5112,MD,
11329,5113,MBBS,
11330,5113,BCS (Health),Health
11331,5113,MS (Thoracic Surgery),Thoracic Surgery
11332,5114,MBBS,
11333,5114,MD (Endocrinology),Endocrinology
11334,5114,Endocrinologist,
11335,5115,MBBS,
11336,5115,FCPS (Physical Medicine),Physical Medicine
11337,5116,MBBS,
11338,5116,BCS (Health),Health
11339,5116,MD (Nephrology),Nephrology
11340,5117,MBBS,
11341,5117,BCS (Health),Health
11342,5117,FCPS,
11343,5118,MBBS,
11344,5118,MD,
11345,5119,MBBS (CMS),CMS
11346,5119,BCS (Health) D-Card (NICVD),Health
11347,5119,MD (NICVD),NICVD
11348,5123,MBBS,
11349,5123,MS (Pediatric Surgery),Pediatric Surgery
11350,5124,MBBS,
11351,5125,MBBS,
11352,5126,MBBS (Dhaka),Dhaka
11353,5127,MBBS,
11354,5128,MBBS,
11355,5128,DO (BSMMU),BSMMU
11356,5128,MS (Eye,"Eye, BSMMU"
11357,5129,MBBS,
11358,5129,FCPS (Eye),Eye
11359,5129,MS (Eye) DU,Eye
11360,5130,MBBS,
11361,5130,FCPS (Radiotherapy),Radiotherapy
11362,5130,FRSH (London),London
11363,5131,MBBS,
11364,5131,BCS,
11365,5131,MS (Ortho) NITOR,Ortho
11366,5132,MBBS,
11367,5132,BCS (Health),Health
11368,5132,MD (Radiation Oncology),Radiation Oncology
11369,5133,MBBS,
11370,5133,BCS,
11371,5133,MD (Radiation Oncology),Radiation Oncology
11372,5134,MBBS (DU),DU
11373,5134,MD (Clinical and Radiation Oncology),Clinical and Radiation Oncology
11374,5135,MBBS,
11375,5135,BCS (Health) FCPS (Medicine) FCPS (Neurology),Health
11376,5136,MBBS,
11377,5136,MD (Neurology),Neurology
11378,5137,MBBS,
11379,5137,FCPS (Gynae & Obs),Gynae & Obs
11380,5138,MBBS (DEU),DEU
11381,5138,FCPS (Obs and Gynae),Obs and Gynae
11382,5139,MBBS,
11383,5139,BCS (Health),Health
11384,5139,FCPS (Gold Medalist) Surgery,Gold Medalist
11385,5139,MS (Colorectal Surgery),Colorectal Surgery
11386,5140,MBBS (SSMC),SSMC
11387,5140,BCS (Health),Health
11388,5141,MBBS,
11389,5141,FCPS,
11390,5141,BCS (Health),Health
11391,5142,MBBS,
11392,5142,FCPS (Pediatrics),Pediatrics
11393,5143,MBBS,
11394,5143,FCPS (Medicine),Medicine
11395,5143,MD (Chest),Chest
11396,5144,MBBS (DMC),DMC
11397,5144,BCS (Health),Health
11398,5144,FCPS (Radiotherapy),Radiotherapy
11399,5145,MBBS,
11400,5145,FCPS (Medicine),Medicine
11401,5145,MD (Gastroenterology),Gastroenterology
11402,5146,MBBS,
11403,5147,MBBS,
11404,5147,MD (Neurology),Neurology
11405,5148,MBBS,
11406,5148,MS (Neurosurgery,"Neurosurgery, BSMMU"
11407,5149,MBBS,
11408,5149,MD (Nephrology),Nephrology
11409,5150,MBBS,
11410,5150,FRSH (London),London
11411,5150,Diploma in Family Medicine,
11412,5150,PhD (Nephrology),Nephrology
11413,5150,MD (Nephrology),Nephrology
11414,5151,MBBS,
11415,5151,MD (Child),Child
11416,5152,MBBS,
11417,5152,FCPS (Pediatric),Pediatric
11418,5153,MBBS,
11419,5153,MD (Neonatology),Neonatology
11420,5154,MBBS,
11421,5154,FCPS (Pediatric),Pediatric
11422,5155,MBBS,
11423,5155,FCPS (Pediatric),Pediatric
11424,5156,MBBS,
11425,5156,Specialist Training (London),London
11426,5157,MBBS,
11427,5157,FCPS (Medicine),Medicine
11428,5158,MBBS (DU),DU
11429,5158,MRCP (UK),UK
11430,5159,MBBS,
11431,5159,FCPS (Medicine),Medicine
11432,5160,MBBS,
11433,5160,BCS (Health),Health
11434,5160,MD (Cardiology),Cardiology
11435,5161,MBBS,
11436,5161,MRCP (UK),UK
11437,5162,MBBS,
11438,5162,MRCP (UK),UK
11439,5163,MBBS (DMC),DMC
11440,5163,FCPS (Medicine),Medicine
11441,5164,MBBS,
11442,5164,BCS (Health),Health
11443,5164,MD (Rheumatology),Rheumatology
11444,5165,MBBS,
11445,5165,BCS (Health),Health
11446,5165,MD (Oncology),Oncology
11447,5166,MBBS,
11448,5166,MS (CVTS),CVTS
11449,5167,MBBS,
11450,5167,MD (Cardiology),Cardiology
11451,5168,MBBS,
11452,5168,FCPS (Medicine),Medicine
11453,5169,MBBS,
11454,5169,MSC (Clinical Embryology-India),Clinical Embryology-India
11455,5169,Diploma in reproductive Medicine & Infertility (Germany),Germany
11456,5170,MBBS,
11457,5170,"MSc (Reproductive Medicine and Infertility, London)","Reproductive Medicine and Infertility, London"
11458,5171,MBBS,
11459,5171,MD (Hematology),Hematology
11460,5172,MBBS (DMC),DMC
11461,5172,MD (Cardiology),Cardiology
11462,5173,MBBS,
11463,5173,BCS (Health),Health
11464,5173,FCPS (Medicine),Medicine
11465,5173,MD (Cardiology),Cardiology
11466,5174,MBBS,
11467,5174,BCS (Health),Health
11468,5174,MD (Cardiology),Cardiology
11469,5175,MBBS (DMC),DMC
11470,5175,MD (Cardiology),Cardiology
11471,5176,MBBS,
11472,5176,MD (Cardiology),Cardiology
11473,5177,MBBS,
11474,5178,MBBS,
11475,5178,FCPS (Pediatrics),Pediatrics
11476,5179,MBBS,
11477,5179,BCS (Health),Health
11478,5179,MD (Pediatrics),Pediatrics
11479,5180,MBBS,
11480,5180,MRCP (UK),UK
11481,5181,MBBS,
11482,5181,MD (Neonatology),Neonatology
11483,5182,MBBS,
11484,5182,FCPS (Pediatrics),Pediatrics
11485,5182,MD (Pediatrics),Pediatrics
11486,5183,MBBS,
11487,5183,FCPS (Pediatrics),Pediatrics
11488,5184,MBBS,
11489,5185,MBBS,
11490,5185,MD (Pediatric Nephrology),Pediatric Nephrology
11491,5186,MBBS,
11492,5186,FCPS (Surgery),Surgery
11493,5187,MBBS,
11494,5187,FCPS (Gynae & Obs.),Gynae & Obs.
11495,5187,MS (Gynae & Obs.),Gynae & Obs.
11496,5188,MBBS,
11497,5188,BCS (Health),Health
11498,5188,MD (Endocrinology),Endocrinology
11499,5188,Endocrinologist,
11500,5189,MBBS,
11501,5189,MD (Endocrinology),Endocrinology
11502,5189,Endocrinologist,
11503,5190,MBBS,
11504,5190,Endocrinologist,
11505,5191,MBBS,
11506,5191,Endocrinologist,
11507,5192,MBBS,
11508,5192,FCPS (ENT),ENT
11509,5193,MBBS,
11510,5193,FCPS (ENT),ENT
11511,5193,MS (ENT),ENT
11512,5194,MBBS,
11513,5194,BCS (Health),Health
11514,5194,FCPS (ENT),ENT
11515,5194,MS (ENT),ENT
11516,5195,MBBS (DU),DU
11517,5196,MBBS,
11518,5196,FCPS (Gynae & Obs.),Gynae & Obs.
11519,5197,MBBS,
11520,5197,FCPS (Gynae & Obs.),Gynae & Obs.
11521,5198,MBBS,
11522,5198,FCPS (Gynae & Obs.),Gynae & Obs.
11523,5199,MBBS,
11524,5199,FCPS (Gynae & Obs.),Gynae & Obs.
11525,5200,MBBS,
11526,5200,FCPS (Gynae & Obs.),Gynae & Obs.
11527,5201,MBBS,
11528,5201,DMUD,
11529,5201,FCPS (Gynae & Obs.),Gynae & Obs.
11530,5202,MBBS,
11531,5202,FCPS (Gynae & Obs.),Gynae & Obs.
11532,5203,MBBS,
11533,5203,FCPS (Gynae & Obs.),Gynae & Obs.
11534,5204,MBBS,
11535,5205,MBBS,
11536,5205,MS (ENT),ENT
11537,5206,MBBS,
11538,5206,FCPS (Gynae & Obs.),Gynae & Obs.
11539,5207,MBBS,
11540,5207,MS (EYE),EYE
11541,5208,MBBS,
11542,5208,FCPS (Medicine),Medicine
11543,5208,MD (Gastroenterology),Gastroenterology
11544,5209,MBBS,
11545,5209,FCPS (EYE),EYE
11546,5210,MBBS,
11547,5211,MBBS,
11548,5211,MS (ENT),ENT
11549,5212,MBBS,
11550,5212,BCS (Health),Health
11551,5212,FCPS (Medicine),Medicine
11552,5212,MD (Gastroenterology),Gastroenterology
11553,5213,MBBS,
11554,5213,BCS (Health),Health
11555,5213,MD (Gastroenterology),Gastroenterology
11556,5214,MBBS,
11557,5214,BCS (Health),Health
11558,5214,FCPS (Medicine),Medicine
11559,5214,MD (Gastroenterology),Gastroenterology
11560,5215,MBBS,
11561,5215,MS (OBGYN),OBGYN
11562,5216,MBBS,
11563,5216,MS (OBGYN),OBGYN
11564,5217,MBBS,
11565,5217,MS (OBGYN),OBGYN
11566,5218,MBBS,
11567,5218,FCPS (OBGYN),OBGYN
11568,5219,MBBS,
11569,5219,BCS (Health),Health
11570,5219,FCPS (OBGYN),OBGYN
11571,5220,MBBS,
11572,5220,BCS (Health),Health
11573,5220,FCPS (OBGYN),OBGYN
11574,5221,MBBS,
11575,5222,MBBS,
11576,5222,FCPS (OBGYN),OBGYN
11577,5223,MBBS,
11578,5223,DMU,
11579,5224,MBBS,
11580,5224,BCS (Health),Health
11581,5224,FCPS (OBGYN),OBGYN
11582,5225,MBBS,
11583,5226,MBBS,
11584,5226,FCPS (OBGYN),OBGYN
11585,5227,MBBS,
11586,5227,BCS (Health),Health
11587,5227,FCPS (Haematology),Haematology
11588,5228,MBBS,
11589,5228,FCPS (Medicine),Medicine
11590,5228,MD (Hepatology),Hepatology
11591,5229,MBBS,
11592,5229,MD (Nephrology),Nephrology
11593,5230,MBBS,
11594,5230,MD (Nephrology),Nephrology
11595,5231,MBBS,
11596,5233,MBBS (DMC),DMC
11597,5233,"MD (Endocrinology and Metabolism, BIRDEM)","Endocrinology and Metabolism, BIRDEM"
11598,5233,"Advanced Training in Endocrinology (Maya clinic, USA)","Maya clinic, USA"
11599,5233,Endocrinologist,
11600,5235,MBBS,
11601,5235,FCPS,
11602,5236,FCPS (Oral & Maxilofacial Surgery),Oral & Maxilofacial Surgery
11603,5237,MBBS,
11604,5237,BCS,
11605,5237,MS (Thoracic surgery),Thoracic surgery
11606,5238,MBBS,
11607,5238,(DU) MS (Cardiovascular and Thoracic Surgery),DU
11608,5239,MBBS,
11609,5239,"MD (Cardiology, NICVD)","Cardiology, NICVD"
11610,5240,MBBS,
11611,5241,MBBS,
11612,5242,MBBS,
11613,5242,FCPS (Plastic and Reconstructive Surgery),Plastic and Reconstructive Surgery
11614,5243,MBBS,
11615,5243,FCPS (Anesthesiology),Anesthesiology
11616,5243,BCS (Health),Health
11617,5244,MBBS,
11618,5244,MD (Anesthesiology),Anesthesiology
11619,5245,MBBS,
11620,5245,MD (Nephrology),Nephrology
11621,5246,MBBS,
11622,5246,MD (Nephrology),Nephrology
11623,5247,MBBS,
11624,5247,FCPS (Medicine),Medicine
11625,5248,MBBS (DMC),DMC
11626,5248,FCPS (Medicine),Medicine
11627,5248,MD (Internal Medicine),Internal Medicine
11628,5249,MBBS,
11629,5249,FCPS (Medicine),Medicine
11630,5250,MBBS,
11631,5250,BCS (Health),Health
11632,5250,FCPS (Medicine),Medicine
11633,5251,MBBS,
11634,5251,BCS (Health),Health
11635,5251,FCPS (Medicine),Medicine
11636,5252,MBBS,
11637,5252,FCPS (Surg),Surg
11638,5252,FCPS (Urology),Urology
11639,5253,MBBS,
11640,5253,MD (Critical Care Medicine),Critical Care Medicine
11641,5253,MRCP (UK),UK
11642,5254,MBBS,
11643,5254,BCS (Health),Health
11644,5254,FCPS (Medicine),Medicine
11645,5254,MRCP (UK),UK
11646,5255,MBBS (DMC),DMC
11647,5255,BCS (Health),Health
11648,5255,FCPS (Medicine),Medicine
11649,5256,MBBS,
11650,5256,BCS (Health),Health
11651,5256,FCPS (Medicine),Medicine
11652,5257,MBBS,
11653,5257,FCPS (Medicine),Medicine
11654,5257,MRCP (UK),UK
11655,5258,MBBS,
11656,5258,BCS (Health),Health
11657,5258,FCPS (Medicine),Medicine
11658,5259,MBBS,
11659,5259,FCPS (Medicine),Medicine
11660,5260,MBBS,
11661,5260,BCS (Health),Health
11662,5260,FCPS (Medicine),Medicine
11663,5261,MBBS (DMC),DMC
11664,5261,BCS (Health),Health
11665,5261,MD (Neurology),Neurology
11666,5262,MBBS,
11667,5263,MBBS,
11668,5264,MBBS,
11669,5264,DCH and FCPS,
11670,5265,MBBS (DU),DU
11671,5266,MBBS,
11672,5266,MD (Critical Care Medicine),Critical Care Medicine
11673,5267,MBBS,
11674,5267,FCPS,
11675,5268,MBBS,
11676,5268,MD (Nephrology),Nephrology
11677,5269,MBBS,
11678,5269,MS (Neurosurgery),Neurosurgery
11679,5270,MBBS,
11680,5270,MD (BSMMU),BSMMU
11681,5271,MBBS,
11682,5271,FCPS (Gynae),Gynae
11683,5272,MBBS,
11684,5272,Endocrinologist,
11685,5273,MBBS (DU),DU
11686,5273,MS (Thoracic Surgery-NIDCH),Thoracic Surgery-NIDCH
11687,5274,MBBS,
11688,5274,BCS (Health),Health
11689,5274,MD (Neurology),Neurology
11690,5275,MBBS,
11691,5275,BCS (Health),Health
11692,5275,MD (Neurology),Neurology
11693,5276,MBBS,
11694,5276,BCS (Health),Health
11695,5276,MD (Neurology),Neurology
11696,5277,MBBS,
11697,5277,MS (Neurosurgery),Neurosurgery
11698,5278,MBBS,
11699,5278,BCS (Health),Health
11700,5278,MS (Orthopedic),Orthopedic
11701,5278,AO Advanced (Indonesia),Indonesia
11702,5279,MBBS,
11703,5279,MS (Ortho),Ortho
11704,5280,MBBS (DMC),DMC
11705,5280,MS (ORTHO),ORTHO
11706,5281,MBBS,
11707,5281,BCS (Health),Health
11708,5281,MS (ORTHO),ORTHO
11709,5281,FCPS (ORTHO),ORTHO
11710,5282,MBBS,
11711,5282,MS (ORTHO).,ORTHO
11712,5283,MBBS,
11713,5283,MS (Ortho),Ortho
11714,5284,MBBS,
11715,5285,MBBS,
11716,5285,FCPS (Physical Medicine),Physical Medicine
11717,5286,MBBS,
11718,5286,BCS (Health),Health
11719,5286,MD (PMR-BSMMU),PMR-BSMMU
11720,5287,MBBS,
11721,5287,FCPS (Surgery),Surgery
11722,5287,FCPS (Plastic Surgery),Plastic Surgery
11723,5288,MBBS,
11724,5288,FCPS (Psychiatry),Psychiatry
11725,5289,MBBS,
11726,5289,BCS (Health),Health
11727,5289,MD (Rheumatology),Rheumatology
11728,5290,MBBS,
11729,5290,FCPS (SKIN & VD),SKIN & VD
11730,5291,MBBS (DMC),DMC
11731,5291,FCPS (SKIN & VD),SKIN & VD
11732,5292,MBBS,
11733,5292,BCS (Health),Health
11734,5292,MD (Dermatology),Dermatology
11735,5293,MBBS,
11736,5293,MS (Urology),Urology
11737,5294,MBBS,
11738,5294,MS (Urology),Urology
11739,5295,MBBS,
11740,5295,MS (Urology),Urology
11741,5296,MBBS,
11742,5296,FCPS (Surgery),Surgery
11743,5296,FCPS (Urology),Urology
11744,5297,MBBS,
11745,5297,"MD (Radiology & Imaging, DU)","Radiology & Imaging, DU"
11746,5298,MBBS,
11747,5298,BCS,
11748,5298,FCPS,
11749,5298,MD,
11750,5299,MBBS,
11751,5299,MS (Pediatric Surgery),Pediatric Surgery
11752,5300,MBBS (SSMC),SSMC
11753,5300,"MD (Chest Diseases, NIDCH)","Chest Diseases, NIDCH"
11754,5301,MBBS,
11755,5301,BCS (Health),Health
11756,5301,FCPS (Psychiatry),Psychiatry
11757,5302,MBBS,
11758,5302,MS (Thoracic Surgery),Thoracic Surgery
11759,5303,MBBS,
11760,5303,FCPS (Hematology),Hematology
11761,5304,MBBS,
11762,5304,MS (Ortho. Surgery),Ortho. Surgery
11763,5305,MBBS,
11764,5305,MS (ORTHO),ORTHO
11765,5306,MBBS,
11766,5306,FCPS,
11767,5307,MBBS,
11768,5307,FCPS (Med),Med
11769,5307,FRCP (Edin),Edin
11770,5307,FRCP (Glasgow),Glasgow
11771,5308,MBBS,
11772,5308,FCPS (Dermatology & Venereology),Dermatology & Venereology
11773,5309,MBBS,
11774,5309,MD (Skin & VD),Skin & VD
11775,5310,MBBS (DU),DU
11776,5310,MD (Neurology),Neurology
11777,5310,FCPS (Neurology),Neurology
11778,5311,MBBS,
11779,5311,MS (Surgery),Surgery
11780,5312,MBBS (Dhaka),Dhaka
11781,5312,MD (Neurology),Neurology
11782,5312,"MSc (CPHN, UK)","CPHN, UK"
11783,5313,MBBS,
11784,5313,MS (Neurosurgery),Neurosurgery
11785,5314,MBBS,
11786,5314,FCPS (Surgery),Surgery
11787,5315,MBBS,
11788,5315,FCPS (Surgery),Surgery
11789,5316,MBBS,
11790,5316,BCS (Health),Health
11791,5316,FCPS (Surgery),Surgery
11792,5317,MBBS (DMC),DMC
11793,5317,BCS (Health),Health
11794,5317,FCPS (Surgery),Surgery
11795,5318,MBBS,
11796,5318,MS (Urology),Urology
11797,5319,MBBS (DMC),DMC
11798,5319,FCPS (Surgery),Surgery
11799,5319,MS (Urology),Urology
11800,5320,MBBS,
11801,5320,BCS (Health),Health
11802,5320,FCPS (Surgery),Surgery
11803,5320,MS (Urology),Urology
11804,5321,MBBS,
11805,5321,BCS (Health),Health
11806,5321,MS (Urology),Urology
11807,5322,MBBS,
11808,5322,MS (Neurosurgery),Neurosurgery
11809,5323,MBBS,
11810,5323,MS (Neurosurgery),Neurosurgery
11811,5323,PhD (Japan),Japan
11812,5324,MBBS,
11813,5324,MRCP (UK),UK
11814,5325,MBBS,
11815,5325,MD (Nephrology),Nephrology
11816,5325,FRCP (UK),UK
11817,5326,MBBS,
11818,5326,MD,
11819,5326,FCPS,
11820,5327,MBBS,
11821,5327,MD (Neonatology),Neonatology
11822,5328,MBBS,
11823,5328,FCPS,
11824,5329,MBBS,
11825,5329,FCPS (Surgery),Surgery
11826,5330,MBBS (DMC),DMC
11827,5330,FCPS (Surgery),Surgery
11828,5331,MBBS,
11829,5331,FCPS (OBGYN),OBGYN
11830,5331,DMAS,
11831,5332,MBBS,
11832,5332,BCS (Health),Health
11833,5332,FCPS (OBGYN),OBGYN
11834,5333,MBBS,
11835,5333,FCPS (OBGYN),OBGYN
11836,5333,MS (OBGYN),OBGYN
11837,5334,MBBS,
11838,5334,FCPS (Obs & Gynae),Obs & Gynae
11839,5335,MBBS,
11840,5335,FCPS (Obs & Gyne),Obs & Gyne
11841,5336,MBBS,
11842,5336,FCPS (Gynecology & Obstetrics),Gynecology & Obstetrics
11843,5337,MBBS,
11844,5337,MD (Hepatology),Hepatology
11845,5338,MBBS (DMC),DMC
11846,5338,MD (Hepatology),Hepatology
11847,5339,MBBS,
11848,5339,MD (Gastroenterology),Gastroenterology
11849,5340,MBBS,
11850,5340,BCS (Health),Health
11851,5340,FCPS (ENT),ENT
11852,5340,MS (ENT),ENT
11853,5341,MBBS,
11854,5341,MD (Endocrinology & Metabolism,"Endocrinology & Metabolism, BSMMU"
11855,5341,Endocrinologist,
11856,5342,MBBS (DU),DU
11857,5342,DMU,
11858,5342,Endocrinologist,
11859,5343,MBBS,
11860,5343,Endocrinologist,
11861,5344,MBBS,
11862,5344,BCS (Health),Health
11863,5344,MD (Endocrinology & Metabolism),Endocrinology & Metabolism
11864,5344,Endocrinologist,
11865,5345,MBBS,
11866,5345,FCPS,
11867,5346,DDS (Conservative & Endodontics),Conservative & Endodontics
11868,5347,MBBS,
11869,5347,FCPS (Surgery),Surgery
11870,5347,MS (Colorectal Surgery),Colorectal Surgery
11871,5348,MBBS (MMC),MMC
11872,5348,MS (Cardiovascular & Thoracic Surgery,"Cardiovascular & Thoracic Surgery, BSMMU"
11873,5349,MBBS (MMC),MMC
11874,5349,BCS (Health),Health
11875,5349,MD (Cardiology),Cardiology
11876,5350,MBBS (CMC),CMC
11877,5350,BCS (Health),Health
11878,5350,MD (Cardiology),Cardiology
11879,5351,MBBS,
11880,5351,FCPS (Medicine),Medicine
11881,5352,MBBS (DU),DU
11882,5353,MBBS,
11883,5353,FCPS (Plastic Surgery),Plastic Surgery
11884,5354,MBBS,
11885,5354,FCPS (Surgery),Surgery
11886,5354,MS (Plastic Surgery),Plastic Surgery
11887,5355,MBBS,
11888,5355,FCPS (Anesthesiology),Anesthesiology
11889,5356,MBBS,
11890,5356,FCPS (Medicine),Medicine
11891,5356,MRCP (UK),UK
11892,5357,MBBS (DMC),DMC
11893,5357,FCPS (MED),MED
11894,5357,FRCP (Glasgow-UK),Glasgow-UK
11895,5358,MBBS,
11896,5358,MS,
11897,5359,MBBS,
11898,5359,FCPS,
11899,5360,MBBS,
11900,5360,FCPS,
11901,5361,MBBS,
11902,5361,FCPS (GYNAE&OBS),GYNAE&OBS
11903,5362,MBBS,
11904,5362,FCPS (Gynae),Gynae
11905,5363,MBBS,
11906,5364,MBBS,
11907,5364,FCPS,
11908,5365,MBBS,
11909,5365,FCPS,
11910,5366,MBBS,
11911,5366,MD,
11912,5367,MBBS,
11913,5367,FCPS,
11914,5368,MBBS,
11915,5368,MD,
11916,5369,MBBS,
11917,5369,FCPS,
11918,5369,MD,
11919,5370,MBBS,
11920,5370,MS (Paed. Surgery),Paed. Surgery
11921,5371,MBBS,
11922,5371,MS,
11923,5372,MBBS,
11924,5372,BCS (Health),Health
11925,5372,MS (Ortho),Ortho
11926,5373,MBBS,
11927,5373,MS,
11928,5374,MBBS,
11929,5374,MD (Nephrology),Nephrology
11930,5375,MBBS,
11931,5376,MBBS,
11932,5376,MD (Pediatric),Pediatric
11933,5377,MBBS,
11934,5377,MD (Pediatrics),Pediatrics
11935,5378,MBBS,
11936,5378,MD (Oncology),Oncology
11937,5378,MD,
11938,5379,MBBS,
11939,5379,MD,
11940,5380,MBBS,
11941,5380,FCPS,
11942,5381,MBBS,
11943,5381,BCS,
11944,5381,FCPS,
11945,5382,MBBS,
11946,5382,BCS,
11947,5382,FCPS,
11948,5383,MBBS,
11949,5384,MBBS,
11950,5384,FCPS,
11951,5385,MBBS,
11952,5385,FCPS,
11953,5386,MBBS,
11954,5387,MBBS,
11955,5387,FCPS,
11956,5388,MBBS,
11957,5389,MBBS (DMC),DMC
11958,5389,FCPS (ENT),ENT
11959,5390,MBBS,
11960,5390,FCPS,
11961,5391,MBBS,
11962,5391,FCPS,
11963,5392,MBBS,
11964,5392,FCPS,
11965,5392,FRCP,
11966,5393,MBBS,
11967,5394,MBBS,
11968,5394,BCS (Health),Health
11969,5395,MBBS,
11970,5395,MD,
11971,5397,MBBS,
11972,5397,DMRT (DU),DU
11973,5398,MBBS,
11974,5398,FCPS,
11975,5398,Ms (Neuosurgery),Neuosurgery
11976,5399,MBBS,
11977,5399,BCS (Health),Health
11978,5399,MS (Neurosurgery),Neurosurgery
11979,5400,MBBS,
11980,5400,FCPS,
11981,5401,MBBS,
11982,5401,MD,
11983,5401,Endocrinologist,
11984,5402,MBBS,
11985,5402,MD,
11986,5402,Endocrinologist,
11987,5403,MBBS,
11988,5403,FCPS (Physical Medicine),Physical Medicine
11989,5404,MBBS,
11990,5404,MS,
11991,5405,MBBS,
11992,5405,FCPS,
11993,5406,MBBS,
11994,5406,FCPS,
11995,5407,MBBS,
11996,5407,MD (Medicine),Medicine
11997,5408,MBBS,
11998,5408,MD (Hepatology),Hepatology
11999,5410,MS (Prosthodontics),Prosthodontics
12000,5411,MBBS,
12001,5411,FCPS (Medicine),Medicine
12002,5412,MBBS,
12003,5413,MBBS,
12004,5414,MBBS,
12005,5414,FCPS,
12006,5415,MBBS,
12007,5415,MS (Urology),Urology
12008,5416,MBBS,
12009,5416,FCPS (Surgery),Surgery
12010,5416,MS (Hepatobiliary Surgery),Hepatobiliary Surgery
12011,5417,MBBS,
12012,5417,BCS (Health),Health
12013,5417,PhD,
12014,5418,MBBS (DMC),DMC
12015,5418,MS (Urology),Urology
12016,5419,MBBS,
12017,5419,FCPS (Surgery),Surgery
12018,5420,MBBS (DMC),DMC
12019,5420,MD (Chest Diseases),Chest Diseases
12020,5421,MBBS,
12021,5421,FCPS (Hematology),Hematology
12022,5422,MBBS,
12023,5422,MD (Pediatrics),Pediatrics
12024,5423,MBBS,
12025,5423,FCPS (Anesthesiology),Anesthesiology
12026,5423,PhD (Japan),Japan
12027,5424,MBBS,
12028,5424,FCPS (Anesthesiology),Anesthesiology
12029,5425,MBBS,
12030,5425,FCPS (Anesthesiology),Anesthesiology
12031,5426,MBBS,
12032,5426,FCPS (Anesthesiology),Anesthesiology
12033,5427,MBBS,
12034,5427,FCPS (Anesthesiology),Anesthesiology
12035,5428,MBBS,
12036,5428,FCPS (Anesthesiology),Anesthesiology
12037,5429,MBBS,
12038,5429,MRCP (UK),UK
12039,5429,D-CARD (London),London
12040,5430,MBBS,
12041,5430,FCPS (Medicine),Medicine
12042,5431,MBBS,
12043,5431,MRCP (UK),UK
12044,5431,FRCP,
12045,5432,MBBS,
12046,5432,FCPS,
12047,5433,MBBS,
12048,5433,PhD (Japan),Japan
12049,5433,FRCP (Glasgow),Glasgow
12050,5434,MBBS,
12051,5435,MBBS,
12052,5435,MD (Cardiology),Cardiology
12053,5435,MRCP (UK),UK
12054,5436,MBBS,
12055,5436,FCPS (Anesthesiology),Anesthesiology
12056,5437,MBBS,
12057,5438,MBBS,
12058,5438,FCPS (Anesthesiology),Anesthesiology
12059,5439,MBBS,
12060,5439,FCPS (Pain Managment),Pain Managment
12061,5440,MBBS,
12062,5440,MS (Vascular Surgery),Vascular Surgery
12063,5441,MBBS,
12064,5441,MS (Ophthalmology),Ophthalmology
12065,5442,MBBS,
12066,5442,BCS,
12067,5442,MD (Hepatology),Hepatology
12068,5442,MRCPS,
12069,5443,MBBS,
12070,5443,FCPS (Surgery),Surgery
12071,5443,BCS,
12072,5444,MBBS,
12073,5444,MS (CVTS),CVTS
12074,5445,MBBS,
12075,5445,MS (CVTS),CVTS
12076,5446,MS (Prosthodontics),Prosthodontics
12077,5447,FCPS,
12078,5447,PhD (OMS-Japan),OMS-Japan
12079,5448,MBBS,
12080,5448,FCPS (Hematology),Hematology
12081,5449,FCPS,
12082,5450,MS (OMFS),OMFS
12083,5451,FCPS (Orthodontics & Dentofacial Orthopedics),Orthodontics & Dentofacial Orthopedics
12084,5452,MBBS,
12085,5452,FCPS (SKIN & VD),SKIN & VD
12086,5453,MBBS,
12087,5453,MD (Skin & VD),Skin & VD
12088,5453,FRCP (Glasgow),Glasgow
12089,5454,MBBS,
12090,5454,MS (Gen. Surgery),Gen. Surgery
12091,5455,MBBS,
12092,5455,BCS (Health),Health
12093,5455,FCPS (Endocrinology),Endocrinology
12094,5455,Endocrinologist,
12095,5456,MBBS,
12096,5456,MD (Physical Medicine & Rehabilitation),Physical Medicine & Rehabilitation
12097,5457,MBBS,
12098,5457,MD (Oncology),Oncology
12099,5458,MBBS,
12100,5458,FCPS (Psychiatry),Psychiatry
12101,5459,MBBS,
12102,5459,BCS (Health),Health
12103,5459,MD (Psychiatry),Psychiatry
12104,5460,MBBS,
12105,5460,FCPS (Surgery),Surgery
12106,5461,MBBS,
12107,5461,MD (Nephrology),Nephrology
12108,5462,MBBS,
12109,5462,MD (Nephrology),Nephrology
12110,5463,MBBS,
12111,5463,BCS,
12112,5463,MS (Neurosurgery),Neurosurgery
12113,5464,MBBS,
12114,5464,BCS,
12115,5464,MS (Neurosurgery),Neurosurgery
12116,5465,MBBS,
12117,5465,MD (Endocrinology),Endocrinology
12118,5465,Endocrinologist,
12119,5466,MBBS,
12120,5466,Diploma in Internal Medicine (UK),UK
12121,5466,MRCP (UK),UK
12122,5466,Endocrinologist,
12123,5467,MBBS (SSMC),SSMC
12124,5467,FCPS (Medicine),Medicine
12125,5467,FRCP (Glasgow),Glasgow
12126,5468,MBBS,
12127,5468,MS (PGIMER),PGIMER
12128,5469,MBBS,
12129,5469,FCPS (Medicine),Medicine
12130,5470,MBBS,
12131,5470,MSc (Biomedicine),Biomedicine
12132,5470,MD (Internal Medicine),Internal Medicine
12133,5471,MBBS,
12134,5471,MD (Internal Medicine),Internal Medicine
12135,5472,MBBS,
12136,5472,FCPS (Medicine),Medicine
12137,5473,MBBS (DMC),DMC
12138,5473,MRCP (UK),UK
12139,5474,MBBS,
12140,5474,FCPS (Medicine),Medicine
12141,5475,MBBS,
12142,5475,MD (Pediatrics),Pediatrics
12143,5475,MD (Pediatrics Nephrology),Pediatrics Nephrology
12144,5475,FRCP (UK),UK
12145,5476,MBBS,
12146,5476,FCPS (Child),Child
12147,5477,MBBS (DMC),DMC
12148,5477,MRCP (UK),UK
12149,5477,FRCP (Edinburgh),Edinburgh
12150,5478,MBBS (DMC),DMC
12151,5478,FCPS (Medicine),Medicine
12152,5478,MD (Nephrology),Nephrology
12153,5479,MBBS,
12154,5479,MD (Neurology),Neurology
12155,5480,MBBS,
12156,5480,BCS,
12157,5480,MD (Pulmonology),Pulmonology
12158,5481,MBBS,
12159,5481,BCS (Health),Health
12160,5481,MD (Dermatology),Dermatology
12161,5482,MBBS,
12162,5482,FCPS (Dermatology),Dermatology
12163,5483,MBBS,
12164,5483,MD (Dermatology),Dermatology
12165,5484,MBBS,
12166,5484,MRCP (UK),UK
12167,5485,MBBS,
12168,5485,FCPS (Surgery),Surgery
12169,5485,MS (Urogoloy),Urogoloy
12170,5486,MBBS,
12171,5486,BCS,
12172,5486,FCPS (ENT),ENT
12173,5487,MBBS,
12174,5488,MBBS,
12175,5488,BCS,
12176,5488,FCPS (ENT),ENT
12177,5488,MS (ENT),ENT
12178,5489,MBBS,
12179,5489,FCPS (ENT),ENT
12180,5489,MS (ENT),ENT
12181,5490,MBBS,
12182,5490,FCPS (Medicine),Medicine
12183,5490,MD (NEUROLOGY),NEUROLOGY
12184,5491,MBBS (DU),DU
12185,5491,FRCP (Edin),Edin
12186,5491,MRCP- Neurology (UK) MRCP (UK),UK
12187,5492,MBBS,
12188,5492,BCS,
12189,5492,FCPS (Medicine),Medicine
12190,5492,FCPS (Gastroenterology),Gastroenterology
12191,5493,MBBS,
12192,5493,BCS,
12193,5493,FCPS (Medicine),Medicine
12194,5493,MD (Gastro,"Gastro, BSMMU"
12195,5494,MBBS,
12196,5494,FCPS (Medicine),Medicine
12197,5494,MD (Gastro),Gastro
12198,5495,MBBS,
12199,5495,FCPS (Surgery),Surgery
12200,5495,MS (Neurosurgery),Neurosurgery
12201,5496,MBBS,
12202,5496,MS (Neurosurgery),Neurosurgery
12203,5497,MBBS,
12204,5497,FCPS (OBGYN),OBGYN
12205,5498,MBBS,
12206,5498,MD (Gastroenterology),Gastroenterology
12207,5499,MBBS,
12208,5499,FCPS (OBGYN),OBGYN
12209,5500,MBBS,
12210,5501,MBBS,
12211,5501,BCS,
12212,5501,MD (Child-Nephrology),Child-Nephrology
12213,5502,MBBS,
12214,5502,DO,
12215,5502,FCPS (ENT),ENT
12216,5503,MBBS,
12217,5503,BCS,
12218,5503,FCPS (Child Neurology),Child Neurology
12219,5503,MD (Pediatrics,"Pediatrics, BSMMU"
12220,5504,MBBS,
12221,5504,DNB (ORTHO),ORTHO
12222,5505,MBBS,
12223,5505,MS (ORTHO),ORTHO
12224,5506,MBBS,
12225,5506,FCPS (Surgery),Surgery
12226,5507,MBBS (India),India
12227,5507,MD (AIIMS),AIIMS
12228,5508,MBBS,
12229,5508,FCPS (Pediatrics),Pediatrics
12230,5509,MBBS,
12231,5509,FCPS (Psychiatry),Psychiatry
12232,5510,MBBS,
12233,5510,MD (USA),USA
12234,5511,MBBS,
12235,5512,MBBS,
12236,5512,MS (Urology),Urology
12237,5512,FCPS (Surgery),Surgery
12238,5512,MRCPS (Glasgow),Glasgow
12239,5513,MBBS,
12240,5513,FCPS (Anesthesiology),Anesthesiology
12241,5514,MBBS,
12242,5514,FCPS (Anesthesiology),Anesthesiology
12243,5515,MBBS,
12244,5515,MD (Radiotherapy),Radiotherapy
12245,5516,MBBS,
12246,5516,FCPS (Radiotherapy),Radiotherapy
12247,5517,MBBS,
12248,5518,MBBS (DMC),DMC
12249,5518,MD (Cardiology-NICVD),Cardiology-NICVD
12250,5519,MBBS (DMC),DMC
12251,5519,MRCP (UK),UK
12252,5520,MBBS (DMC),DMC
12253,5521,MBBS,
12254,5521,FCPS (Radiology & Imaging),Radiology & Imaging
12255,5522,MBBS,
12256,5522,BCS,
12257,5522,MD (Pediatric Gastroenterology & Liver Nutrition),Pediatric Gastroenterology & Liver Nutrition
12258,5523,MBBS,
12259,5523,FCPS (Medicine),Medicine
12260,5523,MD (Cardiology),Cardiology
12261,5523,MRCP,
12262,5524,MBBS,
12263,5524,FCPS (Medicine),Medicine
12264,5524,MD (Cardiology),Cardiology
12265,5525,MBBS,
12266,5525,MD (Cardiology),Cardiology
12267,5526,MBBS,
12268,5526,D-card (BSMMU). FCPS (Cardiology),BSMMU
12269,5527,MBBS,
12270,5527,BCS,
12271,5527,MD (Neurology),Neurology
12272,5528,MBBS,
12273,5528,BCS,
12274,5528,FCPS (Medicine),Medicine
12275,5528,MD (Neurology),Neurology
12276,5529,MBBS,
12277,5529,MD (Internal Medicine),Internal Medicine
12278,5529,FCPS (Cardiology),Cardiology
12279,5530,MBBS,
12280,5530,FCPS (Medical),Medical
12281,5530,FCPS (Cardiology),Cardiology
12282,5531,MBBS,
12283,5531,MRCP (UK),UK
12284,5532,MBBS,
12285,5532,MS,
12286,5532,FCPS (Surgery),Surgery
12287,5533,MBBS,
12288,5533,MD (Cardiology),Cardiology
12289,5534,MBBS,
12290,5534,MD (Cardiology),Cardiology
12291,5534,FCPS (Medicine),Medicine
12292,5535,MBBS,
12293,5535,MD (Nephrology),Nephrology
12294,5535,FCPS (Medicine),Medicine
12295,5536,MBBS,
12296,5536,Endocrinologist,
12297,5537,MBBS,
12298,5537,MD (Card),Card
12299,5538,MBBS,
12300,5538,MS (CVTS),CVTS
12301,5539,MBBS (DMC),DMC
12302,5539,MS (Ortho),Ortho
12303,5539,FRSH (London),London
12304,5540,MBBS (DMC),DMC
12305,5540,MS (Plastic Surgery),Plastic Surgery
12306,5541,MBBS,
12307,5541,FCPS (Skin & VD),Skin & VD
12308,5542,MBBS,
12309,5543,MBBS,
12310,5544,MBBS,
12311,5544,MS (ENT),ENT
12312,5545,MBBS,
12313,5545,FCPS (Skin & Sex),Skin & Sex
12314,5546,MBBS,
12315,5546,FCPS (Surgery),Surgery
12316,5546,FCPS (Plastic & Reconstructive Surgery),Plastic & Reconstructive Surgery
12317,5547,MBBS,
12318,5547,FCPS (Endocrinology & Metabolism),Endocrinology & Metabolism
12319,5547,Endocrinologist,
12320,5548,MBBS,
12321,5548,FCPS (Medicine),Medicine
12322,5548,MD (Rheumatology),Rheumatology
12323,5549,MBBS,
12324,5550,MBBS,
12325,5550,MS (CVTS),CVTS
12326,5551,MBBS,
12327,5551,MD,
12328,5552,MBBS,
12329,5552,"MSC (Clinical Dermatology, UK)","Clinical Dermatology, UK"
12330,5553,MBBS,
12331,5553,MS (Neurosurgery),Neurosurgery
12332,5554,MBBS,
12333,5554,MD (Chest),Chest
12334,5555,MBBS,
12335,5555,FCPS (Surgery),Surgery
12336,5556,MBBS,
12337,5556,FCPS (Medicine),Medicine
12338,5556,MD (Neuromedicine),Neuromedicine
12339,5557,MBBS,
12340,5557,BCS,
12341,5557,FCPS (Orbs & Gynae),Orbs & Gynae
12342,5558,MBBS,
12343,5558,BCS,
12344,5559,MBBS,
12345,5559,BCS,
12346,5559,MS (Ortho),Ortho
12347,5560,MBBS,
12348,5560,BCS,
12349,5560,MS (Ortho),Ortho
12350,5561,MBBS,
12351,5561,BCS,
12352,5562,MBBS,
12353,5562,MS (Ortho),Ortho
12354,5563,MBBS,
12355,5563,FCPS,
12356,5563,MS (Gynae),Gynae
12357,5564,MBBS,
12358,5564,FCPS (Gynae & Obs),Gynae & Obs
12359,5565,MBBS,
12360,5565,FCPS (Gynae & Orbs),Gynae & Orbs
12361,5566,MBBS,
12362,5566,MS (Obs & Gynae),Obs & Gynae
12363,5566,BCS,
12364,5567,MBBS,
12365,5567,FCPS (Gynae),Gynae
12366,5568,MBBS,
12367,5568,BCS,
12368,5568,FCPS (Gynae),Gynae
12369,5569,MBBS,
12370,5569,FCPS (Gynae),Gynae
12371,5569,MS (Gynae),Gynae
12372,5570,MBBS,
12373,5570,FCPS (Medicine),Medicine
12374,5570,BCS,
12375,5570,MD (Neurology),Neurology
12376,5571,MBBS,
12377,5571,BCS,
12378,5571,MS (Ortho),Ortho
12379,5572,MBBS,
12380,5572,MS (Ortho Surgery),Ortho Surgery
12381,5573,MBBS,
12382,5573,BCS (Health),Health
12383,5573,FCPS (Surgery),Surgery
12384,5573,MS (Colorectal Surgery),Colorectal Surgery
12385,5574,MBBS,
12386,5574,BCS (Health),Health
12387,5574,MS (Thoracic Surgery),Thoracic Surgery
12388,5575,MBBS,
12389,5575,BCS (Health),Health
12390,5575,FCPS (Pediatric Neurology),Pediatric Neurology
12391,5576,MBBS,
12392,5576,MD (Internal Medicine),Internal Medicine
12393,5577,MBBS,
12394,5577,FCPS,
12395,5578,MBBS,
12396,5578,FCPS (Medicine),Medicine
12397,5578,MD (Card),Card
12398,5579,MBBS,
12399,5579,FCPS,
12400,5579,BCS (Health),Health
12401,5580,MBBS,
12402,5580,FCPS (GYNEA & OBS),GYNEA & OBS
12403,5581,MBBS,
12404,5581,FCPS (Medicine),Medicine
12405,5582,MBBS,
12406,5582,FCPS (Radiotherapy),Radiotherapy
12407,5583,MBBS,
12408,5583,MD (Neurology),Neurology
12409,5584,MBBS (DU),DU
12410,5584,MD (Hematology),Hematology
12411,5584,MRCP (Internal Medicine) UK,Internal Medicine
12412,5585,MBBS (CMC),CMC
12413,5585,FCPS (Gyn & Obs),Gyn & Obs
12414,5586,MBBS,
12415,5586,BCS (Health),Health
12416,5587,MBBS,
12417,5587,MD,
12418,5587,FRCP (UK),UK
12419,5588,MBBS,
12420,5588,FCPS (Medicine),Medicine
12421,5588,MRCP (UK),UK
12422,5589,MBBS,
12423,5589,MS (Urology),Urology
12424,5590,MBBS,
12425,5590,FCPS (Surgery),Surgery
12426,5590,"Diploma (Urology, UK)","Urology, UK"
12427,5591,MBBS,
12428,5591,FCPS,
12429,5592,MBBS,
12430,5592,FCPS (Physical Medicine),Physical Medicine
12431,5593,MBBS,
12432,5593,FCPS (Medicine),Medicine
12433,5593,FRCP,
12434,5594,MBBS,
12435,5594,MS (Ortho),Ortho
12436,5595,MBBS,
12437,5595,FCPS (OBGYN),OBGYN
12438,5596,MBBS,
12439,5596,FCPS,
12440,5596,MD (Cardiology),Cardiology
12441,5597,MBBS,
12442,5597,MD (Nephrology),Nephrology
12443,5598,MBBS,
12444,5598,FCPS (OBGYN),OBGYN
12445,5599,MBBS,
12446,5599,FCPS (Med),Med
12447,5599,MD (Gastro),Gastro
12448,5600,MBBS,
12449,5600,FCPS (Chest Diseases),Chest Diseases
12450,5600,FRCP (UK),UK
12451,5601,MBBS,
12452,5602,MBBS,
12453,5602,MD (Neurology),Neurology
12454,5603,MBBS,
12455,5603,FCPS (Medicine),Medicine
12456,5603,FRCP (Glasgow),Glasgow
12457,5604,MBBS,
12458,5604,MD (Cardiology),Cardiology
12459,5605,MBBS,
12460,5605,FCPS (Gynae),Gynae
12461,5606,MBBS,
12462,5606,FCPS (Gynae),Gynae
12463,5607,MBBS (DMC),DMC
12464,5607,FCPS (Medicine),Medicine
12465,5607,MD (Cardiology),Cardiology
12466,5608,MBBS,
12467,5608,FCPS (Medicine),Medicine
12468,5608,MD (Cardiology),Cardiology
12469,5609,MBBS,
12470,5609,FCPS,
12471,5609,MD (Pediatric),Pediatric
12472,5609,MD (Neonatology),Neonatology
12473,5610,MBBS,
12474,5610,FCPS (Med),Med
12475,5610,MD (Gastro),Gastro
12476,5611,MBBS,
12477,5611,FCPS (Psychiatry),Psychiatry
12478,5612,MBBS,
12479,5612,MD,
12480,5612,FCPS (Paed),Paed
12481,5613,MBBS,
12482,5613,FCPS,
12483,5614,MBBS,
12484,5614,DMRT (BSMMU),BSMMU
12485,5614,FCPS (Radiotherapy),Radiotherapy
12486,5615,MBBS,
12487,5615,MSC (UK),UK
12488,5615,FRCP (Glasgow),Glasgow
12489,5615,FRCP (Edin),Edin
12490,5616,MBBS,
12491,5617,MBBS,
12492,5617,FCPS (Medicine),Medicine
12493,5618,MBBS,
12494,5618,BCS,
12495,5618,FCPS (Medicine),Medicine
12496,5618,MD (Internal Medicine),Internal Medicine
12497,5618,FCPS (Endocrinology),Endocrinology
12498,5618,Endocrinologist,
12499,5619,MBBS,
12500,5619,FCPS (Medicine),Medicine
12501,5620,MBBS,
12502,5620,BCS,
12503,5620,FCPS (Medicine),Medicine
12504,5621,MBBS,
12505,5622,MBBS,
12506,5622,FCPS (Radiology),Radiology
12507,5623,MBBS,
12508,5623,FCPS (Medicine),Medicine
12509,5624,MBBS,
12510,5624,MD (Cardiology),Cardiology
12511,5625,MBBS,
12512,5625,FCPS (Surgery),Surgery
12513,5626,MBBS,
12514,5626,FCPS (Medicine),Medicine
12515,5626,FRCP (Edin),Edin
12516,5627,MBBS (DMC),DMC
12517,5627,MS (ENT),ENT
12518,5628,MBBS,
12519,5628,FCPS (Physical medicine),Physical medicine
12520,5629,MBBS,
12521,5629,FCPS (Phy Med),Phy Med
12522,5630,MBBS,
12523,5630,FCPS (OBGYN),OBGYN
12524,5631,MBBS,
12525,5631,MD (oncology),oncology
12526,5632,MBBS,
12527,5633,MBBS,
12528,5633,Fellow Endocrinology (Australia),Australia
12529,5633,Endocrinologist,
12530,5634,MBBS (Dhaka),Dhaka
12531,5634,"FCPS (Medicine, BIRDEM)","Medicine, BIRDEM"
12532,5635,MBBS,
12533,5635,MD (Critical Care Medicine),Critical Care Medicine
12534,5636,MBBS (DMC),DMC
12535,5636,MD (Critical Care Medicine),Critical Care Medicine
12536,5637,MBBS,
12537,5637,FCPS (ARAB Board),ARAB Board
12538,5638,MBBS,
12539,5638,FCPS,
12540,5638,FRCP (Edin),Edin
12541,5639,MBBS,
12542,5639,FCPS (Medicine),Medicine
12543,5639,MD (Chest),Chest
12544,5640,MBBS,
12545,5640,MD (Cardiology),Cardiology
12546,5641,MBBS,
12547,5641,MS,
12548,5642,MBBS (DMC),DMC
12549,5642,FCPS (Reproductive Endocrinology and Infertility),Reproductive Endocrinology and Infertility
12550,5642,FCPS (Obs and Gynae),Obs and Gynae
12551,5642,MS (Obs and Gynae),Obs and Gynae
12552,5643,MBBS,
12553,5643,DNB (ORTHO),ORTHO
12554,5644,MBBS,
12555,5644,BCS,
12556,5644,MS (Urology),Urology
12557,5645,MBBS,
12558,5645,FCPS (Surgery),Surgery
12559,5646,MBBS,
12560,5647,MBBS,
12561,5648,MBBS,
12562,5649,MBBS,
12563,5649,BCS (Health),Health
12564,5649,MD (Rheumatology),Rheumatology
12565,5650,MBBS,
12566,5650,FCPS (Psychology),Psychology
12567,5651,MBBS,
12568,5651,FCPS (Physical Medicine),Physical Medicine
12569,5652,MBBS,
12570,5652,FCPS (PM&R),PM&R
12571,5653,MBBS,
12572,5653,FCPS (Physical Medicine & Rehabilitation),Physical Medicine & Rehabilitation
12573,5654,MBBS,
12574,5655,MBBS,
12575,5655,MS,
12576,5656,MBBS,
12577,5656,MS (Ortho),Ortho
12578,5657,MBBS,
12579,5657,MS (Ortho),Ortho
12580,5658,MBBS,
12581,5659,MBBS,
12582,5659,MS (ORTHO),ORTHO
12583,5660,MBBS,
12584,5660,MS (Surgical Oncology),Surgical Oncology
12585,5662,MBBS,
12586,5662,FCPS (Neurology),Neurology
12587,5663,MBBS,
12588,5663,MD (Neurology),Neurology
12589,5664,MBBS,
12590,5664,MD (Neurology),Neurology
12591,5665,MBBS,
12592,5665,FCPS (Medicine),Medicine
12593,5665,MD (Neuromedicine),Neuromedicine
12594,5666,MBBS,
12595,5666,FCPS (Medicine),Medicine
12596,5666,MD (Hepatology),Hepatology
12597,5667,MBBS (DMC),DMC
12598,5667,FCPS (Medicine),Medicine
12599,5667,MD (Neurology),Neurology
12600,5668,MBBS,
12601,5668,MS (Neurosurgery),Neurosurgery
12602,5669,MBBS,
12603,5669,FCPS (Medicine),Medicine
12604,5669,MD (Nephrology),Nephrology
12605,5670,MBBS,
12606,5670,MD (Nephrology),Nephrology
12607,5671,MBBS,
12608,5671,FCPS (Medicine),Medicine
12609,5672,MBBS,
12610,5672,FCPS (Medicine),Medicine
12611,5673,MBBS,
12612,5673,FCPS,
12613,5673,MRCP (Medicine),Medicine
12614,5674,MBBS,
12615,5674,"MS (Medicine, Canada)","Medicine, Canada"
12616,5675,MBBS,
12617,5675,FCPS (Medicine),Medicine
12618,5676,MBBS,
12619,5676,FCPS (Medicine),Medicine
12620,5677,MBBS,
12621,5677,FCPS (Hematology),Hematology
12622,5678,MBBS,
12623,5678,FCPS (Hematology),Hematology
12624,5679,MBBS,
12625,5679,FCPS (Obs & Gynae),Obs & Gynae
12626,5680,MBBS,
12627,5680,FCPS (Obs & Gynae),Obs & Gynae
12628,5681,MBBS,
12629,5681,FCPS (Obs & Gynae),Obs & Gynae
12630,5682,MBBS,
12631,5682,FCPS,
12632,5683,MBBS,
12633,5683,FCPS (Infertility),Infertility
12634,5683,FCPS (Gyane & Obs),Gyane & Obs
12635,5684,MBBS,
12636,5684,FCPS (Obs & Gynae),Obs & Gynae
12637,5685,MBBS,
12638,5685,FCPS (Obs & Gynae),Obs & Gynae
12639,5686,MBBS,
12640,5686,FCPS,
12641,5687,MBBS,
12642,5688,MBBS,
12643,5688,FCPS (OBGYN),OBGYN
12644,5689,MBBS,
12645,5690,MBBS,
12646,5690,FCPS (OBGYN),OBGYN
12647,5691,MBBS,
12648,5691,FCPS,
12649,5692,MBBS,
12650,5693,MBBS,
12651,5693,MD,
12652,5694,MBBS,
12653,5694,MS (General Surgery),General Surgery
12654,5695,MBBS,
12655,5695,MD (Gastroenterology),Gastroenterology
12656,5696,MBBS,
12657,5696,MRCP,
12658,5696,MD (Gastroenterology),Gastroenterology
12659,5697,MBBS,
12660,5697,MD (Gastroenterology),Gastroenterology
12661,5697,FCPS (Medicine),Medicine
12662,5698,MBBS,
12663,5698,FCPS (Ophthalmology),Ophthalmology
12664,5699,MBBS,
12665,5699,FCPS,
12666,5700,MBBS,
12667,5700,FCPS,
12668,5700,MS,
12669,5701,MBBS,
12670,5701,MS (ENT),ENT
12671,5702,MBBS,
12672,5702,FCPS (ENT),ENT
12673,5702,MS (ENT),ENT
12674,5703,MBBS,
12675,5703,FCPS,
12676,5703,MD (Endocrinology,"Endocrinology, BSMMU"
12677,5703,Endocrinologist,
12678,5704,MBBS,
12679,5704,Endocrinologist,
12680,5705,MBBS,
12681,5705,MD (Endocrinology),Endocrinology
12682,5705,Endocrinologist,
12683,5706,MBBS,
12684,5706,FCPS (Pediatrics),Pediatrics
12685,5707,MBBS,
12686,5707,FCPS,
12687,5708,MBBS,
12688,5709,MBBS,
12689,5709,FCPS (Pediatrics),Pediatrics
12690,5709,MD (Pediatrics),Pediatrics
12691,5710,MBBS,
12692,5710,FCPS (Pediatrics),Pediatrics
12693,5710,MD (Child Hematology & Oncology),Child Hematology & Oncology
12694,5711,BCS,
12695,5711,MS (Conservative Dentistry & Endodontics),Conservative Dentistry & Endodontics
12696,5712,MS,
12697,5715,BCS (Health),Health
12698,5717,MBBS,
12699,5717,MRCP (Medicine),Medicine
12700,5717,MD (Chest),Chest
12701,5718,MBBS,
12702,5718,MD (Internal Medicine),Internal Medicine
12703,5719,MBBS,
12704,5719,MD (Respiratory Medicine),Respiratory Medicine
12705,5720,MBBS,
12706,5720,MD (Chest),Chest
12707,5721,MBBS,
12708,5721,MD (Cardiology),Cardiology
12709,5722,MBBS,
12710,5722,MD (Cardiology),Cardiology
12711,5723,MBBS,
12712,5723,MD (Cardiology),Cardiology
12713,5724,MBBS,
12714,5724,FCPS (Cardiology),Cardiology
12715,5725,MBBS,
12716,5725,FCPS,
12717,5725,MD (Radiology),Radiology
12718,5726,MBBS,
12719,5726,FCPS (Urology),Urology
12720,5727,MBBS,
12721,5727,BCS,
12722,5727,MS,
12723,5728,MBBS (DU),DU
12724,5728,BCS (Health),Health
12725,5728,FCPS (Urology),Urology
12726,5729,MBBS,
12727,5729,MS (Urology),Urology
12728,5730,MBBS,
12729,5731,MBBS,
12730,5731,BCS (Health),Health
12731,5731,MD (Rheumatology),Rheumatology
12732,5732,MBBS,
12733,5732,MD,
12734,5733,MBBS,
12735,5733,"MS (Psychology, DU)","Psychology, DU"
12736,5734,MBBS,
12737,5735,MBBS,
12738,5735,M.Sc (London),London
12739,5736,MBBS (DMC),DMC
12740,5736,BCS (Health),Health
12741,5737,MBBS,
12742,5737,BCS (Health),Health
12743,5737,MD (Dermatology),Dermatology
12744,5738,MBBS,
12745,5738,BCS,
12746,5738,MD (Physical Medicine),Physical Medicine
12747,5739,MBBS,
12748,5739,BCS,
12749,5739,MD (Cardiology),Cardiology
12750,5740,MBBS,
12751,5740,MD (Physical Medicine),Physical Medicine
12752,5741,MBBS,
12753,5741,BCS (Health),Health
12754,5741,FCPS (Physical Medicine),Physical Medicine
12755,5742,MBBS,
12756,5742,MS (Surgical Oncology),Surgical Oncology
12757,5743,MBBS,
12758,5743,MS (Ortho),Ortho
12759,5744,MBBS,
12760,5744,FCPS (Padiatric),Padiatric
12761,5744,FCPS (Padiatric Neuro),Padiatric Neuro
12762,5745,MBBS,
12763,5745,MD (Pediatrics),Pediatrics
12764,5746,MBBS,
12765,5746,FCPS(Paediatrics),Paediatrics
12766,5747,MBBS (DMC),DMC
12767,5747,FCPS,
12768,5748,MBBS,
12769,5748,MS-Ortho (NITOR),NITOR
12770,5749,MBBS,
12771,5749,MS (Orthopedic),Orthopedic
12772,5749,FCPS (Physiatrics),Physiatrics
12773,5750,MBBS,
12774,5751,MBBS,
12775,5751,BCS (Health),Health
12776,5751,FCPS (Surgery),Surgery
12777,5752,MBBS,
12778,5752,MS (Ortho Surgery),Ortho Surgery
12779,5753,"MSc (Food & Nutritution, DU)","Food & Nutritution, DU"
12780,5754,MBBS,
12781,5754,BCS (Health),Health
12782,5754,FCPS (Medicine),Medicine
12783,5754,MD (Neurology),Neurology
12784,5755,MBBS,
12785,5755,BCS,
12786,5755,FCPS (Medicine),Medicine
12787,5755,"MD (Neuroloogy, DMC)","Neuroloogy, DMC"
12788,5756,MBBS,
12789,5756,BCS (Health),Health
12790,5756,"MD (Resident, Internal Medicine)","Resident, Internal Medicine"
12791,5756,FCPS (Medicne),Medicne
12792,5757,MBBS,
12793,5757,BUMS (DU),DU
12794,5758,MBBS (DMC),DMC
12795,5758,FCPS (Medicine),Medicine
12796,5759,MBBS,
12797,5759,FCPS (Medicine),Medicine
12798,5759,FRCP (Glasgow),Glasgow
12799,5760,MBBS,
12800,5760,FCPS (ENT),ENT
12801,5761,MBBS,
12802,5762,MBBS (DMC),DMC
12803,5762,FMD (USTC),USTC
12804,5763,MBBS (SSMC),SSMC
12805,5763,FCPS,
12806,5764,MBBS,
12807,5764,FCPS (Medicine),Medicine
12808,5765,MBBS,
12809,5765,BCS,
12810,5765,MS,
12811,5766,MBBS,
12812,5766,MD (Nephrology),Nephrology
12813,5767,MBBS,
12814,5767,MD (Nephrology),Nephrology
12815,5768,MBBS,
12816,5769,MBBS,
12817,5769,BCS,
12818,5769,FCPS (Medicine),Medicine
12819,5770,MBBS,
12820,5770,BCS,
12821,5770,FCPS (Medicine),Medicine
12822,5770,FCPS (Cardiology),Cardiology
12823,5771,MBBS,
12824,5771,BCS (Health),Health
12825,5771,FCPS (Hematology),Hematology
12826,5772,MBBS (RU),RU
12827,5772,BCS (Health),Health
12828,5772,FCPS,
12829,5772,MS (Gynae & Obs),Gynae & Obs
12830,5773,MBBS,
12831,5773,FCPS,
12832,5774,MBBS,
12833,5774,FCPS (Gynae & Obs-F.P),Gynae & Obs-F.P
12834,5775,MBBS,
12835,5775,FCPS,
12836,5775,MS,
12837,5776,MBBS,
12838,5776,BCS,
12839,5776,FCPS,
12840,5776,MS,
12841,5777,MBBS (Dhaka),Dhaka
12842,5777,BCS (Health),Health
12843,5777,FCPS,
12844,5778,MBBS,
12845,5778,FCPS (Obs & Gynae),Obs & Gynae
12846,5779,MBBS,
12847,5779,FCPS,
12848,5779,MS (OBGYN),OBGYN
12849,5780,MBBS (DMC),DMC
12850,5781,MBBS,
12851,5781,MD (Hepatology),Hepatology
12852,5782,MBBS,
12853,5782,MD (Gastroenterology),Gastroenterology
12854,5783,MBBS,
12855,5783,FCPS,
12856,5783,MD (Pediatrics),Pediatrics
12857,5784,MBBS,
12858,5784,FRCP,
12859,5785,MBBS,
12860,5785,BCS,
12861,5785,MD,
12862,5785,Endocrinologist,
12863,5786,MBBS,
12864,5786,BCS (Health),Health
12865,5786,MS (ENT),ENT
12866,5787,MBBS,
12867,5788,MBBS,
12868,5788,BCS,
12869,5788,FCPS,
12870,5788,MS,
12871,5789,MBBS (DMC),DMC
12872,5789,MS (ENT),ENT
12873,5790,MBBS (DMC),DMC
12874,5790,BCS (Health),Health
12875,5790,FCPS (ENT),ENT
12876,5790,MS (ENT),ENT
12877,5791,PGT (Endodontic),Endodontic
12878,5792,DDS (D-Prosthodontics),D-Prosthodontics
12879,5793,BCS (Health),Health
12880,5793,FCPS (Orthodonics & Dentofacial Orthopedics),Orthodonics & Dentofacial Orthopedics
12881,5797,FCPS,
12882,5798,MBBS (Dhaka),Dhaka
12883,5798,BCS (Health),Health
12884,5798,MD (Oncology),Oncology
12885,5799,MBBS,
12886,5799,BCS (Health),Health
12887,5799,MD (Pulmonology),Pulmonology
12888,5800,MBBS,
12889,5801,MBBS,
12890,5801,"PhD (Diabetes, Germany)","Diabetes, Germany"
12891,5802,MBBS,
12892,5802,BCS,
12893,5802,MS,
12894,5803,MBBS,
12895,5803,MS (Urology),Urology
12896,5804,MBBS,
12897,5804,FCPS (Surgery),Surgery
12898,5804,MS (Urology),Urology
12899,5805,MBBS,
12900,5805,MS (Urology),Urology
12901,5806,MBBS,
12902,5806,FCPS (Surgery),Surgery
12903,5807,MBBS,
12904,5807,BCS (Health),Health
12905,5807,FCPS (Surgery),Surgery
12906,5808,MBBS,
12907,5808,FCPS (Surgery),Surgery
12908,5809,MBBS,
12909,5810,MBBS,
12910,5810,BCS (Health),Health
12911,5810,MD (Dermatology),Dermatology
12912,5811,MBBS,
12913,5812,MBBS,
12914,5812,FCPS (Skin & DV),Skin & DV
12915,5813,MBBS (DMC),DMC
12916,5813,FCPS (Dermatology & Venereology),Dermatology & Venereology
12917,5814,MBBS,
12918,5814,BCS (Health),Health
12919,5814,FCPS,
12920,5814,MD (Skin & Sex),Skin & Sex
12921,5815,MBBS,
12922,5815,FCPS (Medicine),Medicine
12923,5815,MD (Rheumatology),Rheumatology
12924,5816,MBBS,
12925,5816,FCPS (Psych),Psych
12926,5816,FRCP (UK),UK
12927,5817,MBBS,
12928,5817,MD (Psych),Psych
12929,5818,MBBS,
12930,5818,FCPS (Physical Medicine & Rehabilitation),Physical Medicine & Rehabilitation
12931,5819,MBBS,
12932,5819,FCPS (Physical Medicine & Rehabitation),Physical Medicine & Rehabitation
12933,5819,BCS (Health),Health
12934,5820,MBBS,
12935,5820,FCPS (Physical Medicine & Rehabilitation),Physical Medicine & Rehabilitation
12936,5821,MBBS,
12937,5822,MBBS,
12938,5822,MS (Ortho),Ortho
12939,5823,MBBS,
12940,5823,BCS (Health),Health
12941,5823,MS (Ortho-Sugery),Ortho-Sugery
12942,5824,MBBS,
12943,5824,MS (Ortho),Ortho
12944,5825,MBBS,
12945,5825,MS (Ortho),Ortho
12946,5826,MBBS (DMC),DMC
12947,5826,BCS (Health),Health
12948,5826,MS (ORTHO),ORTHO
12949,5827,MBBS,
12950,5827,BCS (Health),Health
12951,5827,MS (Neurosurgery),Neurosurgery
12952,5828,MBBS,
12953,5828,MS (Neurosurgery),Neurosurgery
12954,5829,MBBS,
12955,5829,MD (Neurology),Neurology
12956,5830,MBBS (Dhaka),Dhaka
12957,5830,FCPS (Medicine),Medicine
12958,5830,MD (Neurology),Neurology
12959,5831,MBBS (DMC),DMC
12960,5831,MD (Neurology),Neurology
12961,5832,MBBS,
12962,5832,FCPS (Medicine),Medicine
12963,5833,MBBS,
12964,5833,BCS (Health),Health
12965,5833,FCPS (Medicine),Medicine
12966,5834,MBBS,
12967,5834,FCPS (Medicine),Medicine
12968,5834,BCS (Health),Health
12969,5835,MBBS,
12970,5835,FCPS (Medicine),Medicine
12971,5835,BCS (Health),Health
12972,5836,MBBS,
12973,5836,MRCP (UK),UK
12974,5836,MD (Nephrology,"Nephrology, BSMMU"
12975,5837,MBBS,
12976,5837,MD (Nephrology),Nephrology
12977,5838,MBBS,
12978,5838,FCPS (Medicine),Medicine
12979,5838,FCPS (Nephrology),Nephrology
12980,5839,MBBS (PG Hospital),PG Hospital
12981,5839,BCS (Health),Health
12982,5839,MS (Paediatric Surgery),Paediatric Surgery
12983,5839,FCPS (America),America
12984,5840,MBBS,
12985,5840,BCS (Health),Health
12986,5840,FCPS (Medicine),Medicine
12987,5840,MD (Hematology),Hematology
12988,5841,MBBS (CMC),CMC
12989,5841,FCPS (Hematology),Hematology
12990,5841,BCS (Health),Health
12991,5842,MBBS,
12992,5842,BCS (Health),Health
12993,5842,FCPS (Gyn & Obs),Gyn & Obs
12994,5843,MBBS,
12995,5843,FCPS (Obs & Gynae),Obs & Gynae
12996,5844,MBBS,
12997,5844,FCPS (Obs & Gynae),Obs & Gynae
12998,5845,MBBS,
12999,5845,FCPS (OBGYN),OBGYN
13000,5846,MBBS,
13001,5846,FCPS (OBGYN),OBGYN
13002,5847,MBBS,
13003,5847,MS (OBGYN),OBGYN
13004,5848,MBBS,
13005,5848,FCPS (OBGYN),OBGYN
13006,5849,MBBS,
13007,5849,FCPS (OBGYN),OBGYN
13008,5850,MBBS,
13009,5850,FCPS (OBGYN),OBGYN
13010,5851,MBBS,
13011,5851,BCS (Health),Health
13012,5851,FCPS (OBGYN),OBGYN
13013,5852,MBBS (DMC),DMC
13014,5852,FCPS (Medicine),Medicine
13015,5852,MD (Gastroenterology),Gastroenterology
13016,5853,MBBS,
13017,5853,FCPS (Medicine),Medicine
13018,5853,MD (Gastro),Gastro
13019,5854,MBBS (DMC),DMC
13020,5854,BCS (Health),Health
13021,5854,MD (Gastroenterology),Gastroenterology
13022,5855,MBBS,
13023,5855,FCPS (EYE),EYE
13024,5855,DO (BSMMU),BSMMU
13025,5856,MBBS,
13026,5856,MS (ENT),ENT
13027,5857,MBBS,
13028,5857,BCS (Health),Health
13029,5857,FCPS (ENT),ENT
13030,5857,MS (ENT),ENT
13031,5858,MBBS,
13032,5858,BCS (Health),Health
13033,5858,FCPS (ENT),ENT
13034,5858,MS (ENT),ENT
13035,5859,MBBS (Dhaka),Dhaka
13036,5859,FCPS (ENT),ENT
13037,5860,MBBS,
13038,5860,FCPS (ENT),ENT
13039,5861,MBBS,
13040,5861,MRSH (London),London
13041,5862,MBBS,
13042,5862,MD (Endocrinology),Endocrinology
13043,5862,Endocrinologist,
13044,5863,MBBS,
13045,5863,BCS (Health),Health
13046,5863,MD (Endocrinology),Endocrinology
13047,5863,Endocrinologist,
13048,5864,MBBS,
13049,5864,MD (Endocrine & Metabolism),Endocrine & Metabolism
13050,5864,Endocrinologist,
13051,5868,MS (Oral & Maxillofacial Surgeon),Oral & Maxillofacial Surgeon
13052,5869,FCPS,
13053,5870,PGT (OMS),OMS
13054,5871,MBBS,
13055,5871,BCS (Health),Health
13056,5871,MD (Hepatology,"Hepatology, BSMMU"
13057,5872,MBBS,
13058,5872,FCPS (Paed),Paed
13059,5873,MBBS,
13060,5873,FCPS (Pediatrics),Pediatrics
13061,5873,MD (Pediatric Neurology & Neurodevelopment),Pediatric Neurology & Neurodevelopment
13062,5874,MBBS,
13063,5874,FCPS (Ped),Ped
13064,5875,MBBS,
13065,5875,BCS,
13066,5875,FCPS (Ped),Ped
13067,5876,MBBS,
13068,5876,BCS (Health),Health
13069,5876,FCPS (Pediatrics),Pediatrics
13070,5877,MBBS (DU),DU
13071,5877,MD (Pediatrics),Pediatrics
13072,5878,MBBS,
13073,5878,FCPS (Ped),Ped
13074,5878,DMED (UK),UK
13075,5879,MBBS,
13076,5879,FCPS (Pediatrics),Pediatrics
13077,5880,MBBS (Dhaka),Dhaka
13078,5881,MBBS,
13079,5881,BCS (Health),Health
13080,5881,MD (Chest),Chest
13081,5882,MBBS,
13082,5882,BCS (Health),Health
13083,5882,MD (Cardiology),Cardiology
13084,5883,MBBS,
13085,5883,FCPS (Medicine),Medicine
13086,5883,MD (Cardiology),Cardiology
13087,5884,MBBS,
13088,5884,BCS (Health),Health
13089,5884,MS (CTS),CTS
13090,5885,MBBS (DMC),DMC
13091,5885,MD (Cardiology),Cardiology
13092,5886,MBBS,
13093,5886,MD (Cardiology),Cardiology
13094,5887,MBBS,
13095,5887,BCS (Health),Health
13096,5887,FCPS (Surgery),Surgery
13097,5887,MS (Colorectal Surgery),Colorectal Surgery
13098,5888,MBBS,
13099,5889,MBBS,
13100,5889,MD (Oncology),Oncology
13101,5890,MBBS,
13102,5890,MD (Oncology),Oncology
13103,5891,MBBS (C.M.C),C.M.C
13104,5891,MS (Cardio-Vascular & Thoracic Surgery),Cardio-Vascular & Thoracic Surgery
13105,5891,BCS (Health),Health
13106,5892,MBBS,
13107,5892,BCS (Health),Health
13108,5892,MS (Cardio-Vascular & Thoracic Surgery),Cardio-Vascular & Thoracic Surgery
13109,5893,MBBS (DMC),DMC
13110,5893,MS (BSMMU),BSMMU
13111,5894,MBBS,
13112,5894,MS (Cardiovascular Surgery),Cardiovascular Surgery
13113,5895,MBBS (SSMC),SSMC
13114,5895,BCS (Health),Health
13115,5895,MS (Urology),Urology
13116,5896,MBBS,
13117,5896,MS (Urology),Urology
13118,5897,MBBS,
13119,5897,FCPS (Urology),Urology
13120,5898,MBBS,
13121,5898,MS (Urology),Urology
13122,5899,MBBS,
13123,5899,MS (Thoracic Surgery),Thoracic Surgery
13124,5900,MBBS,
13125,5900,FCPS (Surgery),Surgery
13126,5901,MBBS,
13127,5901,FCPS (Surgery),Surgery
13128,5902,MBBS,
13129,5902,FCPS (Surgery),Surgery
13130,5903,MBBS,
13131,5903,MS (Surgery),Surgery
13132,5904,MBBS,
13133,5904,FCPS (Surgery),Surgery
13134,5905,MBBS,
13135,5905,FCPS (Surgery),Surgery
13136,5906,MBBS,
13137,5906,MS (Surgery),Surgery
13138,5907,MBBS,
13139,5907,FCPS (Surgery),Surgery
13140,5908,MBBS,
13141,5908,FCPS (Medicine),Medicine
13142,5909,MBBS,
13143,5909,FCPS (Dermatology),Dermatology
13144,5910,MBBS,
13145,5910,FCPS (Skin & VD),Skin & VD
13146,5911,MBBS,
13147,5911,PhD,
13148,5911,FRCP,
13149,5912,MBBS,
13150,5912,FCPS (Ortho),Ortho
13151,5913,MBBS,
13152,5913,MD (Rheumatology),Rheumatology
13153,5914,MBBS (MMC),MMC
13154,5914,BCS (Health),Health
13155,5914,MD (Rheumatology),Rheumatology
13156,5916,MS (Psychology),Psychology
13157,5917,MBBS,
13158,5917,FCPS (Psych),Psych
13159,5918,MBBS,
13160,5918,MS (Plastic Surgery),Plastic Surgery
13161,5919,MBBS,
13162,5919,BCS (Health),Health
13163,5919,MS (Plastic Surgery),Plastic Surgery
13164,5920,"MSS (CSW, DU)","CSW, DU"
13165,5921,MBBS,
13166,5921,BCS (Health),Health
13167,5921,FCPS (Physical Medicine),Physical Medicine
13168,5922,MBBS,
13169,5922,BCS (Health),Health
13170,5922,FCPS (Physical Medicine),Physical Medicine
13171,5923,MBBS,
13172,5923,FCPS (Physical Medicine),Physical Medicine
13173,5924,MBBS,
13174,5924,MS (Pediatric Surgery),Pediatric Surgery
13175,5925,MBBS,
13176,5926,MBBS (DMC),DMC
13177,5926,FCPS (Pediatric),Pediatric
13178,5926,Endocrinology (Birdem),Birdem
13179,5927,MBBS,
13180,5927,FCPS (Pediatric),Pediatric
13181,5928,MBBS,
13182,5928,MD (Pediatric),Pediatric
13183,5929,MBBS,
13184,5929,FCPS (Child),Child
13185,5930,MBBS,
13186,5930,FCPS (Pediatrics),Pediatrics
13187,5931,MBBS,
13188,5932,MBBS,
13189,5932,BCS,
13190,5932,MS (Ortho),Ortho
13191,5932,FCPS,
13192,5933,MBBS,
13193,5933,MS (Ortho),Ortho
13194,5934,MBBS,
13195,5934,MS (Ortho),Ortho
13196,5935,MBBS (DMC),DMC
13197,5935,MS (Orthopedics),Orthopedics
13198,5936,MBBS,
13199,5937,MBBS (DMC),DMC
13200,5937,MS (Ortho),Ortho
13201,5938,MBBS,
13202,5938,BCS (Health),Health
13203,5939,MBBS,
13204,5939,MS (Ortho Surgery),Ortho Surgery
13205,5940,MBBS (RU),RU
13206,5940,DMRT (DU),DU
13207,5941,MSc (Food & Nutrition),Food & Nutrition
13208,5942,MSc (Food & Nutrition). CCND (Observer Ship),Food & Nutrition
13209,5943,MSc (Applied Nutrition & Food Tech),Applied Nutrition & Food Tech
13210,5944,MBBS,
13211,5944,BCS (Health),Health
13212,5944,MD (Neuromedicine),Neuromedicine
13213,5945,MBBS,
13214,5945,BCS (Health),Health
13215,5945,MD (Neuromedicine),Neuromedicine
13216,5946,MBBS,
13217,5946,BCS (Health),Health
13218,5946,MD (Neuro- Medicine),Neuro- Medicine
13219,5947,BCS (Health),Health
13220,5947,FCPS (Medicine),Medicine
13221,5948,MBBS,
13222,5949,MBBS (DMC),DMC
13223,5949,MD (Chest),Chest
13224,5949,FRCP (UK),UK
13225,5950,MBBS,
13226,5950,BCS (Health),Health
13227,5950,FCPS (Medicine),Medicine
13228,5951,MBBS,
13229,5951,MD (Medicine),Medicine
13230,5952,MBBS,
13231,5952,"MRCPS (Medicine, UK)","Medicine, UK"
13232,5952,MD (Gastroenterology),Gastroenterology
13233,5953,MBBS,
13234,5953,BCS (Health),Health
13235,5953,MD (Medicine),Medicine
13236,5954,MBBS,
13237,5954,BCS (Health),Health
13238,5954,FCPS (Medicine),Medicine
13239,5954,MD (Cardiology),Cardiology
13240,5955,MBBS (Dhaka),Dhaka
13241,5955,FCPS (Medicine),Medicine
13242,5956,MBBS,
13243,5956,BCS (Health),Health
13244,5956,FCPS (Medicine),Medicine
13245,5957,MBBS,
13246,5957,MD (Medicine),Medicine
13247,5958,MBBS,
13248,5958,BCS (Health),Health
13249,5958,MS (Neurosurgery),Neurosurgery
13250,5959,MBBS,
13251,5959,BCS (Health),Health
13252,5959,MS (Neurosurgery),Neurosurgery
13253,5960,MBBS,
13254,5960,MS (Neurosurgery),Neurosurgery
13255,5961,MBBS,
13256,5961,BCS (Health),Health
13257,5961,MS (Neurosurgery),Neurosurgery
13258,5962,MBBS,
13259,5962,MS (Neurosurgery),Neurosurgery
13260,5963,MBBS,
13261,5963,FCPS (Medicine),Medicine
13262,5964,MBBS,
13263,5964,BCS (Health),Health
13264,5964,MD (Nephrology),Nephrology
13265,5965,MBBS,
13266,5965,FCPS (Medicine),Medicine
13267,5965,MCPS (Medicine). MD (Nephrology),Medicine
13268,5966,MBBS,
13269,5966,MD (Nephrology),Nephrology
13270,5967,MBBS,
13271,5967,BCS (Health),Health
13272,5967,MD (Kidney),Kidney
13273,5968,MBBS,
13274,5968,MD (Nephrology),Nephrology
13275,5969,MBBS,
13276,5969,FCPS (Hematology),Hematology
13277,5970,MBBS,
13278,5970,BCS,
13279,5970,MS (Hepato-Biliary),Hepato-Biliary
13280,5971,MBBS,
13281,5971,MS (Hepatobiliary),Hepatobiliary
13282,5972,MBBS,
13283,5972,FCPS (Gynae & Obs),Gynae & Obs
13284,5973,MBBS,
13285,5973,FCPS (Gynae & Obs),Gynae & Obs
13286,5974,MBBS,
13287,5974,FCPS (Gynae & Obs),Gynae & Obs
13288,5975,MBBS,
13289,5975,FCPS (Gynae & Obs),Gynae & Obs
13290,5976,MBBS,
13291,5976,DMUD,
13292,5976,FCPS,
13293,5977,MBBS,
13294,5977,FCPS (Gynae & Obs),Gynae & Obs
13295,5978,MBBS,
13296,5978,FCPS (Gynae & Obs),Gynae & Obs
13297,5979,MBBS,
13298,5979,BCS (Health),Health
13299,5979,FCPS (Gynae & Obs),Gynae & Obs
13300,5980,MBBS,
13301,5981,MBBS (DU),DU
13302,5981,BCS (Health),Health
13303,5981,FCPS (Gynac & Obs),Gynac & Obs
13304,5982,MBBS,
13305,5982,DMSU,
13306,5983,MBBS,
13307,5983,FCPS (OBGYN),OBGYN
13308,5984,MBBS,
13309,5984,FCPS (OBGYN),OBGYN
13310,5985,MBBS,
13311,5985,MS (OBGYN),OBGYN
13312,5986,MBBS,
13313,5986,FCPS (OBGYN),OBGYN
13314,5987,MBBS,
13315,5987,BCS (Health),Health
13316,5987,FCPS (OBGYN),OBGYN
13317,5988,MBBS,
13318,5988,BCS (Health),Health
13319,5988,FCPS (Reproductive Endocrinology & Infertility),Reproductive Endocrinology & Infertility
13320,5989,MBBS,
13321,5989,FCPS (OBGYN),OBGYN
13322,5989,"Trained on Evidence Based Obstetrics (Australia, Indonesia)","Australia, Indonesia"
13323,5990,MBBS (DMC),DMC
13324,5990,BCS (Health),Health
13325,5990,Md (Gastroenterology),Gastroenterology
13326,5991,MBBS,
13327,5991,BCS,
13328,5991,Md (Gastroenterology),Gastroenterology
13329,5992,MBBS,
13330,5992,FCPS (Gastroenterology),Gastroenterology
13331,5993,MBBS,
13332,5993,MD (Gastroenterology),Gastroenterology
13333,5994,MBBS,
13334,5994,DO (Eye),Eye
13335,5995,MBBS,
13336,5995,MS (Ophthalmology),Ophthalmology
13337,5996,MBBS (DMC),DMC
13338,5996,DO (DU),DU
13339,5996,FCPS (EYE),EYE
13340,5997,MBBS,
13341,5997,DO (EYE),EYE
13342,5998,MBBS,
13343,5998,BCS (Health),Health
13344,5998,MS (EYE),EYE
13345,5999,MBBS (DMC),DMC
13346,5999,DO (DU),DU
13347,5999,FCPS (EYE),EYE
13348,6000,MBBS (DMC),DMC
13349,6000,FCPS (EYE),EYE
13350,6001,MBBS,
13351,6002,MBBS,
13352,6002,FCPS (ENT),ENT
13353,6003,MBBS,
13354,6003,BCS (Health),Health
13355,6003,FCPS (ENT),ENT
13356,6004,MBBS (DU),DU
13357,6004,FCPS (ENT),ENT
13358,6005,MBBS,
13359,6005,BCS (Health),Health
13360,6005,MS (ENT) & HNS,ENT
13361,6006,MBBS,
13362,6007,MBBS (CU),CU
13363,6007,MS,
13364,6007,PhD,
13365,6008,MBBS (DMC),DMC
13366,6008,BCS (Health),Health
13367,6008,FCPS (ENT),ENT
13368,6009,MBBS,
13369,6009,MD (Endocrinology),Endocrinology
13370,6009,BCS,
13371,6009,MD,
13372,6009,Endocrinologist,
13373,6010,MBBS,
13374,6010,MD (Endocrinology),Endocrinology
13375,6010,Endocrinologist,
13376,6011,MSS,
13377,6012,BMDC,
13378,6013,MBBS,
13379,6013,FCPS (Surgery),Surgery
13380,6014,MBBS (DMC),DMC
13381,6014,FCPS (Surgery),Surgery
13382,6014,MS (Colorectal Surgery),Colorectal Surgery
13383,6015,MBBS (Dhaka),Dhaka
13384,6015,MD (Pediatrics),Pediatrics
13385,6016,MBBS,
13386,6016,MD (Pediatric),Pediatric
13387,6017,MBBS,
13388,6017,MD (Pediatric),Pediatric
13389,6018,MBBS,
13390,6018,BCS (Health),Health
13391,6018,FCPS (Pediatrics),Pediatrics
13392,6019,MBBS,
13393,6019,FCPS (Child),Child
13394,6020,MBBS,
13395,6020,BCS (Health),Health
13396,6020,MD,
13397,6021,MBBS (DMC),DMC
13398,6021,BCS (Health),Health
13399,6021,MRCP (UK),UK
13400,6021,MD (Cardiology),Cardiology
13401,6022,MBBS (DMC),DMC
13402,6022,BCS (Health),Health
13403,6022,MD (Cardiology),Cardiology
13404,6023,MBBS (SOMC),SOMC
13405,6023,MD (Cardiology),Cardiology
13406,6024,MBBS,
13407,6024,(DMC),DMC
13408,6024,FCPS (Cardiology),Cardiology
13409,6025,MBBS,
13410,6025,BCS (Health),Health
13411,6025,MD (Cardiology),Cardiology
13412,6026,MBBS,
13413,6026,MD (Cardiology),Cardiology
13414,6027,MBBS,
13415,6027,MD (Cardiology),Cardiology
13416,6028,MBBS,
13417,6028,BCS (Health),Health
13418,6028,FCPS (Cardiology),Cardiology
13419,6029,MBBS,
13420,6029,BCS (Health),Health
13421,6029,FCPS (Medicine),Medicine
13422,6029,MD (Cardiology),Cardiology
13423,6030,MBBS,
13424,6030,MD (Chest Diseases),Chest Diseases
13425,6031,MBBS,
13426,6031,BCS (Health),Health
13427,6031,MD (Chest Diseases),Chest Diseases
13428,6032,MBBS,
13429,6032,MD (Chest),Chest
13430,6032,FCPS (USA),USA
13431,6033,MBBS,
13432,6034,MBBS,
13433,6034,FCPS (Anesthesiology),Anesthesiology
13434,6035,MBBS,
13435,6035,BCS (Health),Health
13436,6035,MS (CVTS),CVTS
13437,6036,MBBS,
13438,6036,BCS (Health),Health
13439,6036,FCPS (Surgery),Surgery
13440,6036,MS (Urology),Urology
13441,6037,MBBS,
13442,6037,FCPS (Surgery),Surgery
13443,6038,MBBS (DMC),DMC
13444,6038,FCPS (Dermatology & VD),Dermatology & VD
13445,6039,MBBS,
13446,6039,FCPS (Dermatology),Dermatology
13447,6040,MBBS,
13448,6040,BCS (Health),Health
13449,6040,MD (Rheumatology),Rheumatology
13450,6043,MBBS,
13451,6043,FCPS (Physical Medicine),Physical Medicine
13452,6044,MBBS (Dhaka),Dhaka
13453,6044,MS (Ortho),Ortho
13454,6045,MBBS,
13455,6045,MS,
13456,6046,MBBS,
13457,6046,BCS,
13458,6046,FCPS (Medicine),Medicine
13459,6046,MD (Neurology),Neurology
13460,6047,MBBS,
13461,6047,MD,
13462,6048,MBBS,
13463,6049,MBBS,
13464,6049,BCS (Health),Health
13465,6049,MS (Neurosurgery),Neurosurgery
13466,6050,MBBS,
13467,6050,BCS (Health),Health
13468,6050,FCPS,
13469,6051,MBBS,
13470,6051,FCPS (Medicine),Medicine
13471,6052,MBBS,
13472,6052,BCS (Health),Health
13473,6052,MRCP (UK),UK
13474,6052,MD (Haematology),Haematology
13475,6053,MBBS,
13476,6053,MRCP (USA),USA
13477,6053,MSc,
13478,6053,MRCP (UK),UK
13479,6054,MBBS,
13480,6054,FCPS (Medicine),Medicine
13481,6054,MD (Medicine),Medicine
13482,6055,MBBS,
13483,6055,MRCP (UK),UK
13484,6055,MRCP (London),London
13485,6055,FRCP (Glasg),Glasg
13486,6055,FRCP (Edin),Edin
13487,6056,MBBS,
13488,6056,MRCP (UK),UK
13489,6056,FRCP (London),London
13490,6057,MBBS,
13491,6057,FCPS (Medicine),Medicine
13492,6057,MD (Nephrology),Nephrology
13493,6058,MBBS,
13494,6058,BCS (Health),Health
13495,6058,FCPS (Gynae & Obs),Gynae & Obs
13496,6059,MBBS,
13497,6060,MBBS,
13498,6060,FCPS,
13499,6060,BCS (Health),Health
13500,6061,MBBS (DMC),DMC
13501,6061,BCS (Health),Health
13502,6061,FCPS (Gynee & Obs),Gynee & Obs
13503,6062,MBBS,
13504,6062,FCPS (OBGYN),OBGYN
13505,6063,MBBS,
13506,6063,FCPS (General Surgery),General Surgery
13507,6064,MBBS,
13508,6064,FCPS (Surgery),Surgery
13509,6065,MBBS,
13510,6065,FCPS (Gastroenterology),Gastroenterology
13511,6065,MD (Gastroenterology),Gastroenterology
13512,6066,MBBS,
13513,6066,FCPS,
13514,6067,MBBS,
13515,6067,FCPS (Eye),Eye
13516,6068,MBBS,
13517,6068,MS (ENT),ENT
13518,6069,MBBS,
13519,6069,Endocrinologist,
13520,6070,MBBS,
13521,6070,FCPS (Endocrinology),Endocrinology
13522,6070,Endocrinologist,
13523,6071,MBBS,
13524,6071,MD (USA),USA
13525,6072,MBBS,
13526,6072,MD,
13527,6073,MBBS (DU),DU
13528,6073,BCS (Health),Health
13529,6073,"MD (Child Health, DU)","Child Health, DU"
13530,6074,MBBS,
13531,6074,BCS (Health),Health
13532,6074,FCPS (Child),Child
13533,6075,MBBS (DMC),DMC
13534,6075,FCPS (Pediatrics),Pediatrics
13535,6076,MBBS (Dhaka),Dhaka
13536,6076,MRCP (UK) FRCP (Glasgow),UK
13537,6076,FRCP (Edinburg),Edinburg
13538,6079,MBBS,
13539,6079,FCPS,
13540,6080,MBBS,
13541,6081,MBBS,
13542,6081,BCS (Health),Health
13543,6081,MD (Chest),Chest
13544,6082,MBBS,
13545,6082,MD (Cardiology),Cardiology
13546,6083,MBBS,
13547,6083,MD (Cardiology),Cardiology
13548,6084,MBBS (DMC),DMC
13549,6084,MD (Cardiology),Cardiology
13550,6085,MBBS,
13551,6085,MD (Cardiology),Cardiology
13552,6086,MBBS,
13553,6086,"PhD (Plastic Surgery, Japan)","Plastic Surgery, Japan"
13554,6087,MBBS (DMC),DMC
13555,6087,BCS,
13556,6087,MD (Paediatrics),Paediatrics
13557,6088,MBBS,
13558,6088,FCPS (Paedi),Paedi
13559,6089,MS Nutrition (USA),USA
13560,6091,MBBS,
13561,6091,FCPS (Medicine),Medicine
13562,6091,Md (Nephrology),Nephrology
13563,6092,MBBS,
13564,6092,FCPS (Surgery),Surgery
13565,6093,MBBS,
13566,6093,FCPS (Laparoscopic & Hepato-Billiary),Laparoscopic & Hepato-Billiary
13567,6094,MBBS,
13568,6094,BCS (Health),Health
13569,6094,FCPS (Medicine),Medicine
13570,6094,MD (Gastroenterology),Gastroenterology
13571,6095,MBBS (DMC),DMC
13572,6095,FCPS (Medicine),Medicine
13573,6095,FCPS (Gastro),Gastro
13574,6096,MBBS,
13575,6096,FCPS (Med),Med
13576,6096,Endocrinologist,
13577,6097,MBBS,
13578,6097,MD (Endocrinology),Endocrinology
13579,6097,Endocrinologist,
13580,6098,MBBS,
13581,6099,MBBS,
13582,6099,BCS (Health),Health
13583,6100,MBBS,
13584,6100,BCS (Health),Health
13585,6100,MS (Urology),Urology
13586,6101,MBBS,
13587,6101,BCS (Health),Health
13588,6101,MS (Urology),Urology
13589,6102,MBBS,
13590,6102,MS (CVTS),CVTS
13591,6103,MBBS,
13592,6103,MS (CVTS),CVTS
13593,6104,MBBS,
13594,6104,BCS (Health),Health
13595,6104,MS (Cardio Vascular & Thoracic Surgery),Cardio Vascular & Thoracic Surgery
13596,6105,MBBS,
13597,6105,BCS (Health),Health
13598,6105,MS (Cardiovascular Surgery),Cardiovascular Surgery
13599,6106,MBBS,
13600,6106,FCPS (Cardiology),Cardiology
13601,6106,FCPS (Medicine),Medicine
13602,6107,MBBS,
13603,6107,FCPS (Surgery),Surgery
13604,6107,DMU,
13605,6108,MBBS,
13606,6108,PHD (Surgery),Surgery
13607,6109,MBBS,
13608,6109,FCPS,
13609,6110,MBBS,
13610,6110,FCPS (Surgery),Surgery
13611,6111,MBBS,
13612,6112,MBBS,
13613,6112,MS (Surgery),Surgery
13614,6113,MBBS,
13615,6113,FCPS (Surgery),Surgery
13616,6114,MBBS,
13617,6114,MS (Ortho),Ortho
13618,6115,MBBS (DMC),DMC
13619,6115,BCS,
13620,6115,MS (Neu. Sur.),Neu. Sur.
13621,6116,MBBS,
13622,6116,MS (Neurosurgery),Neurosurgery
13623,6117,MBBS,
13624,6117,FCPS (Gynac & Obs),Gynac & Obs
13625,6117,FCPS (Gynaecological Oncology),Gynaecological Oncology
13626,6118,MBBS,
13627,6118,FCPS (Gynae & Obs),Gynae & Obs
13628,6119,MBBS,
13629,6119,FCPS (Gynae),Gynae
13630,6120,MBBS,
13631,6121,MBBS,
13632,6121,FCPS (OBGYN),OBGYN
13633,6121,MS (OBGYN),OBGYN
13634,6122,MBBS,
13635,6123,MBBS,
13636,6123,MRCPH (UK),UK
13637,6124,MBBS,
13638,6124,FCPS (Pediatrics),Pediatrics
13639,6124,Fellow Pediatric Cardiology (AIMS),AIMS
13640,6125,FCPS (Oral & Maxillofacial),Oral & Maxillofacial
13641,6126,BCS (Health),Health
13642,6126,MS (Oral & Maxillofacial),Oral & Maxillofacial
13643,6127,BCS (Health),Health
13644,6128,MS (BSMMU),BSMMU
13645,6130,MS,
13646,6131,MBBS,
13647,6132,MBBS,
13648,6132,MRCP (UK),UK
13649,6133,MBBS (DMC),DMC
13650,6133,MD (Cardiology),Cardiology
13651,6134,MBBS,
13652,6134,MS (Cvts),Cvts
13653,6134,FCPS (Surgery),Surgery
13654,6135,MBBS,
13655,6135,MS (CTS),CTS
13656,6136,MBBS,
13657,6136,MD (Cardio),Cardio
13658,6137,MBBS,
13659,6137,FCPS (Surgery),Surgery
13660,6137,MS (CVTS),CVTS
13661,6138,MBBS,
13662,6138,MD,
13663,6138,FCPS,
13664,6139,MBBS,
13665,6139,MD (Oncology),Oncology
13666,6140,MBBS,
13667,6140,FCPS (Surgery),Surgery
13668,6140,"MS (Urology, DU)","Urology, DU"
13669,6141,MBBS,
13670,6141,BCS (Health),Health
13671,6141,FCPS (Surgery),Surgery
13672,6142,MBBS,
13673,6142,FCPS (Surgery),Surgery
13674,6143,MBBS,
13675,6143,FCPS (Surgery),Surgery
13676,6144,MBBS,
13677,6145,MBBS,
13678,6145,MD (Rheumatology),Rheumatology
13679,6146,MBBS,
13680,6146,MD (Internal Medicine),Internal Medicine
13681,6146,MD (Rheumatology),Rheumatology
13682,6147,MBBS,
13683,6147,FCPS (Psychiatry),Psychiatry
13684,6148,MBBS,
13685,6148,FCPS (Physical Medicine),Physical Medicine
13686,6148,PhD (CU),CU
13687,6149,MBBS,
13688,6149,FCPS (Surgery),Surgery
13689,6150,MBBS,
13690,6150,BCS (Health),Health
13691,6150,MS (Pediatric Surgery),Pediatric Surgery
13692,6151,MBBS,
13693,6151,MS,
13694,6151,FCPS,
13695,6152,MBBS,
13696,6152,MS (Ortho Surgery),Ortho Surgery
13697,6153,MBBS,
13698,6153,MS (Ortho Surgery),Ortho Surgery
13699,6154,MBBS,
13700,6154,MS (Ortho Surgery),Ortho Surgery
13701,6155,MBBS,
13702,6155,MS (Ortho),Ortho
13703,6156,MBBS,
13704,6156,BCS (Health),Health
13705,6156,MS (Neurosurgery),Neurosurgery
13706,6157,MBBS,
13707,6157,MS (Neuro Surgery),Neuro Surgery
13708,6158,MBBS,
13709,6158,BCS (Health),Health
13710,6158,FCPS (Medicine),Medicine
13711,6158,MD (Neurology),Neurology
13712,6159,MBBS,
13713,6159,BCS (Health),Health
13714,6159,MD (Neurology),Neurology
13715,6160,MBBS,
13716,6160,FCPS (Medicine),Medicine
13717,6161,BUMS (DU),DU
13718,6162,MBBS,
13719,6162,FCPS (Medicine),Medicine
13720,6163,MBBS,
13721,6163,MD (Internal Medicine),Internal Medicine
13722,6164,MBBS,
13723,6164,BCS (Health),Health
13724,6164,FCPS (Medicine),Medicine
13725,6164,MD (Cardiology),Cardiology
13726,6165,MBBS,
13727,6165,BCS (Health),Health
13728,6165,FCPS (Medicine),Medicine
13729,6166,MBBS,
13730,6166,MRCP (UK),UK
13731,6166,FRCP (London),London
13732,6167,MBBS,
13733,6167,FCPS (Medicine),Medicine
13734,6167,MD (Nephrology),Nephrology
13735,6168,MBBS,
13736,6168,FCPS (Medicine),Medicine
13737,6168,MD (Nephrology),Nephrology
13738,6169,MBBS,
13739,6169,MD (Nephrology),Nephrology
13740,6170,MBBS (DMC),DMC
13741,6170,FCPS (Hematology),Hematology
13742,6171,MBBS,
13743,6171,FCPS (Hematology),Hematology
13744,6172,MBBS,
13745,6172,BCS (Health),Health
13746,6172,MS (Gynae & Obs),Gynae & Obs
13747,6173,MBBS,
13748,6173,FCPS (OBGYN),OBGYN
13749,6174,MBBS,
13750,6174,FCPS (OBGYN),OBGYN
13751,6174,MS (Thesis),Thesis
13752,6175,MBBS,
13753,6175,FCPS (OBGYN),OBGYN
13754,6176,MBBS,
13755,6176,FCPS (OBGYN),OBGYN
13756,6177,MBBS,
13757,6177,FCPS (OBGYN),OBGYN
13758,6178,MBBS,
13759,6178,MD,
13760,6179,MBBS,
13761,6179,FCPS (OBGYN),OBGYN
13762,6180,MBBS,
13763,6180,FCPS (OBGYN),OBGYN
13764,6181,MBBS,
13765,6181,FCPS (OBGYN),OBGYN
13766,6182,MBBS,
13767,6182,FCPS (Medicine),Medicine
13768,6182,MD (Gastroenterology),Gastroenterology
13769,6183,MBBS,
13770,6183,MD (Gastroenterology),Gastroenterology
13771,6184,MBBS,
13772,6184,PhD,
13773,6184,FRSH (London),London
13774,6184,MAMS (Vienna),Vienna
13775,6185,MBBS,
13776,6185,FCPS (ENT),ENT
13777,6185,MAMS (Vienna),Vienna
13778,6186,MBBS,
13779,6186,FCPS (ENT),ENT
13780,6187,MBBS,
13781,6187,FCPS (ENT),ENT
13782,6187,MS (ENT),ENT
13783,6188,MBBS,
13784,6188,FCPS (ENT),ENT
13785,6188,MS (ENT) Special Training on Micro Ear Surgery & Endoscopic Sinus Surgery,ENT
13786,6188,Training on VIMS & KKR Institute,
13787,6189,MBBS,
13788,6189,FCPS (Medicine),Medicine
13789,6189,MD (Endocrinology),Endocrinology
13790,6189,Endocrinologist,
13791,6190,MBBS,
13792,6190,MD (Endocrinology),Endocrinology
13793,6190,Endocrinologist,
13794,6192,MSc (UK),UK
13795,6193,FCPS (Prosthodontics),Prosthodontics
13796,6194,FCPS (Orthodontics),Orthodontics
13797,6197,PhD (Japan),Japan
13798,6198,MBBS,
13799,6198,FCPS (Surgery),Surgery
13800,6198,MS (Neuro-Surgery),Neuro-Surgery
13801,6199,MBBS,
13802,6199,MD (Pediatrics),Pediatrics
13803,6200,MBBS,
13804,6200,MD (Child),Child
13805,6201,MBBS (Dhaka),Dhaka
13806,6201,FCPS (Medicine),Medicine
13807,6202,MBBS,
13808,6202,FCPS (Paediatric),Paediatric
13809,6203,MBBS,
13810,6203,"FRCP (Edin, UK).","Edin, UK"
13811,6204,MBBS (DMC),DMC
13812,6204,MRCP (UK),UK
13813,6204,FRCP (Edinburgh),Edinburgh
13814,6205,MBBS,
13815,6205,MD (Chest Diseases),Chest Diseases
13816,6206,MBBS (DMC),DMC
13817,6206,MD (Chest),Chest
13818,6207,MBBS,
13819,6207,MD (Cardiology),Cardiology
13820,6208,MBBS,
13821,6208,FCPS (Medicine),Medicine
13822,6208,MD (Cardiology),Cardiology
13823,6209,MBBS,
13824,6209,MD,
13825,6210,MBBS,
13826,6210,"MRCP (Medicine, Ireland)","Medicine, Ireland"
13827,6210,Md (Cardiology),Cardiology
13828,6211,MBBS (DMC),DMC
13829,6211,BCS (Health),Health
13830,6211,MD (Chest),Chest
13831,6212,MBBS,
13832,6212,MD (Cardiology),Cardiology
13833,6213,MBBS (DMC),DMC
13834,6213,FRSH (London),London
13835,6214,MBBS,
13836,6214,MD (Cardiology),Cardiology
13837,6215,MBBS,
13838,6215,MD (Cardiology),Cardiology
13839,6216,MBBS,
13840,6216,FCPS (Anesthesiology),Anesthesiology
13841,6217,MBBS,
13842,6217,BCS (Health),Health
13843,6217,MD (Medical Oncology),Medical Oncology
13844,6218,MBBS (DMC),DMC
13845,6218,MD (Hematology),Hematology
13846,6219,MBBS,
13847,6219,BCS (Health),Health
13848,6219,FCPS (Surgery),Surgery
13849,6219,MS (Urology),Urology
13850,6220,MBBS,
13851,6220,BCS (Health),Health
13852,6220,MD (Rheumatology),Rheumatology
13853,6221,MBBS,
13854,6221,BCS (Health),Health
13855,6221,FCPS (Physical Medicine),Physical Medicine
13856,6222,MBBS,
13857,6222,BCS (Health),Health
13858,6222,FCPS (Paed),Paed
13859,6222,MD (Paed),Paed
13860,6223,MBBS (DMC),DMC
13861,6223,FCPS (Gynae),Gynae
13862,6224,MBBS,
13863,6224,FCPS (Medicine),Medicine
13864,6224,BCS (Health),Health
13865,6225,MBBS,
13866,6225,BCS (Health),Health
13867,6225,FCPS (Medicine),Medicine
13868,6226,MBBS (Dhaka),Dhaka
13869,6226,MRCP (UK),UK
13870,6226,FCPS (Medicine),Medicine
13871,6227,MBBS,
13872,6227,BCS (Health),Health
13873,6227,FCPS (Medicine),Medicine
13874,6228,MBBS,
13875,6228,BCS (Health),Health
13876,6228,FCPS (Surgery),Surgery
13877,6229,MBBS,
13878,6229,BCS (Health),Health
13879,6230,MBBS,
13880,6230,FCPS (Surgery),Surgery
13881,6231,MBBS,
13882,6231,MD (Gastroenterology),Gastroenterology
13883,6232,MBBS (Dhaka),Dhaka
13884,6232,BCS (Health),Health
13885,6232,MD (Gastro,"Gastro, BSMMU"
13886,6233,MBBS (R.U),R.U
13887,6233,DMU,
13888,6234,MBBS,
13889,6235,MBBS,
13890,6235,FCPS,
13891,6236,MBBS (SOMC),SOMC
13892,6237,MBBS(Dhaka),Dhaka
13893,6238,MBBS,
13894,6238,MD (Neurology,"Neurology, BSMMU"
13895,6239,MBBS,
13896,6239,BCS (Health),Health
13897,6239,MD (Cardiology),Cardiology
13898,6240,MBBS(DU),DU
13899,6241,MBBS,
13900,6241,BCS (Health),Health
13901,6242,MBBS (DMC),DMC
13902,6242,"MD (Card, NICVD)","Card, NICVD"
13903,6243,MBBS (Dhaka),Dhaka
13904,6243,MD,
13905,6243,FRCP (UK),UK
13906,6244,MBBS,
13907,6245,MBBS (DMC),DMC
13908,6245,FCPS (Dermatology),Dermatology
13909,6246,MBBS,
13910,6246,MS (Ortho),Ortho
13911,6247,MBBS,
13912,6247,MS (Neurosurgery),Neurosurgery
13913,6248,MBBS,
13914,6248,FCPS (Medicine),Medicine
13915,6248,MD (Neuromedicine),Neuromedicine
13916,6249,MBBS,
13917,6249,MD (Neurology),Neurology
13918,6250,MBBS,
13919,6250,MD (Nuclear Medicine),Nuclear Medicine
13920,6251,MBBS,
13921,6251,MD (Nephrology),Nephrology
13922,6252,MBBS,
13923,6252,FCPS (Medicine),Medicine
13924,6252,MD (Nephrology),Nephrology
13925,6253,MBBS,
13926,6253,BCS (Health),Health
13927,6253,FCPS (OBGYN),OBGYN
13928,6254,MBBS,
13929,6254,FCPS (OBGYN),OBGYN
13930,6254,FCPS (Gynecological Oncology),Gynecological Oncology
13931,6255,MBBS,
13932,6255,BCS (Health),Health
13933,6255,FCPS (OBGYN),OBGYN
13934,6256,MBBS,
13935,6256,FCPS (OBGYN),OBGYN
13936,6256,DMED (UK),UK
13937,6257,MBBS,
13938,6257,MS (ENT),ENT
13939,6258,MBBS,
13940,6258,CDMU,
13941,6259,MBBS,
13942,6259,DOC,
13943,6260,MBBS,
13944,6261,MBBS,
13945,6261,FCPS (ENT),ENT
13946,6261,MS (ENT),ENT
13947,6262,MBBS,
13948,6262,BCS (Health),Health
13949,6262,MD (Endocrinology),Endocrinology
13950,6262,Endocrinologist,
13951,6263,MBBS,
13952,6263,FCPS (Child),Child
13953,6263,MD (Neonatal),Neonatal
13954,6264,MBBS,
13955,6264,BCS (Health),Health
13956,6264,FCPS,
13957,6264,MD (Child),Child
13958,6265,MBBS,
13959,6265,MS (Urology),Urology
13960,6266,MBBS,
13961,6266,MS (Urology),Urology
13962,6267,MBBS,
13963,6267,FCPS (Surgery),Surgery
13964,6268,MBBS,
13965,6268,BCS (Health),Health
13966,6268,FCPS (Surgery),Surgery
13967,6269,MBBS,
13968,6269,MD (Derma),Derma
13969,6269,MRCP (Glasgow),Glasgow
13970,6270,MBBS,
13971,6270,FCPS (Skin & Sex),Skin & Sex
13972,6270,FRCP (UK),UK
13973,6271,MBBS,
13974,6271,FCPS (Dermatology),Dermatology
13975,6272,MBBS,
13976,6272,FCPS (Psychiatry),Psychiatry
13977,6273,MBBS,
13978,6273,FCPS (Surgery),Surgery
13979,6273,Diploma in Burns & Plastic Surgery (China),China
13980,6274,MBBS,
13981,6274,FCPS (Physical Medicine),Physical Medicine
13982,6275,MBBS,
13983,6276,MBBS,
13984,6277,MBBS,
13985,6277,BCS (Health),Health
13986,6277,MS (Ortho-Surgery),Ortho-Surgery
13987,6278,MBBS,
13988,6278,MD (USA),USA
13989,6279,MBBS (Sri Lanka),Sri Lanka
13990,6280,MBBS (DU),DU
13991,6280,"MSc. (Clinical Neurology, London, UK)","Clinical Neurology, London, UK"
13992,6281,MBBS,
13993,6282,MBBS (Rajshahi),Rajshahi
13994,6284,MBBS,
13995,6284,FCPS (Paediatrics) MD (Paediatric Neurology-Final Part),Paediatrics
13996,6285,MBBS,
13997,6285,FCPS (Gynae & Obs),Gynae & Obs
13998,6286,MBBS,
13999,6286,FCPS (Plastic & Reconstructive Surgery) Advanced Training in USA,Plastic & Reconstructive Surgery
14000,6287,MBBS,
14001,6287,M Phil (Nucl Med) PhD (BUET) Research Fellow (Australia),Nucl Med
14002,6288,MBBS,
14003,6288,MD(Cardiology),Cardiology
14004,6289,MBBS,
14005,6290,MBBS (DU),DU
14006,6290,BCS (Health),Health
14007,6290,MS (Ortho),Ortho
14008,6291,MBBS,
14009,6291,MS(ORTHO),ORTHO
14010,6291,PHD(USA),USA
14011,6292,MBBS (DMC),DMC
14012,6292,FCPS (Ortho),Ortho
14013,6292,MS (Ortho),Ortho
14014,6292,BCS (Health),Health
14015,6293,MBBS (DMC),DMC
14016,6293,MS (Obs & Gynae-BSMMU),Obs & Gynae-BSMMU
14017,6293,BCS (Health),Health
14018,6294,MBBS (DU),DU
14019,6294,BCS (Health),Health
14020,6294,FCPS,
14021,6295,MBBS,
14022,6295,"MD (OBGYN, India)","OBGYN, India"
14023,6295,FTMOH (London),London
14024,6295,FRDH (London),London
14025,6295,WCH (London),London
14026,6296,MBBS,
14027,6296,BCS (Health),Health
14028,6296,"MRCP (Medicine, UK)","Medicine, UK"
14029,6296,MD (Cardiology),Cardiology
14030,6297,MBBS (DU),DU
14031,6297,Diploma in Dermatology (UK),UK
14032,6298,MBBS (Dhaka),Dhaka
14033,6298,BCS (Health),Health
14034,6298,FCPS (Medicine),Medicine
14035,6298,MRCP (UK),UK
14036,6299,MBBS (DMC),DMC
14037,6299,MD (Hepatology),Hepatology
14038,6300,MBBS,
14039,6300,FCPS (Pediatrics),Pediatrics
14040,6301,MBBS,
14041,6301,MS (Pediatric Surgery),Pediatric Surgery
14042,6302,MBBS,
14043,6302,BCS (Health),Health
14044,6302,MD (Chest Pain),Chest Pain
14045,6303,MBBS,
14046,6303,BCS (Health),Health
14047,6303,FCPS (Oral & Maxillofacial Surgery),Oral & Maxillofacial Surgery
14048,6304,MBBS,
14049,6304,FCPS (Psychiatry),Psychiatry
14050,6305,MBBS,
14051,6305,FCPS (Medicine),Medicine
14052,6305,MD (Nephrology),Nephrology
14053,6306,MBBS,
14054,6306,MS (General Surgery),General Surgery
14055,6307,MBBS,
14056,6307,BCS (Health),Health
14057,6307,MD (Cardiology)-BSMMU FCPS (Medicine),Cardiology
14058,6308,MBBS (DU),DU
14059,6309,MBBS,
14060,6309,FCPS (Skin & Sex),Skin & Sex
14061,6310,MBBS (DMC),DMC
14062,6310,MD (Cardiology),Cardiology
14063,6311,MBBS,
14064,6311,MS (Hepatobiliary Surgery),Hepatobiliary Surgery
14065,6312,MBBS,
14066,6312,BCS (Health),Health
14067,6312,MS (Neurosurgery),Neurosurgery
14068,6313,MBBS (DMC),DMC
14069,6313,MD (Child),Child
14070,6313,BCS (Health),Health
14071,6314,MBBS,
14072,6314,MS (Orthopedics),Orthopedics
14073,6315,MBBS,
14074,6315,FCPS (Medicine),Medicine
14075,6315,MD (Rheumatology),Rheumatology
14076,6316,MBBS,
14077,6316,BCS (health),health
14078,6316,FCPS (Gyne & Obs),Gyne & Obs
14079,6317,MBBS (DMC),DMC
14080,6317,FCPS (Gyne & Obs),Gyne & Obs
14081,6317,FCPS (Reproductive Endocrinology & Infertility),Reproductive Endocrinology & Infertility
14082,6318,MBBS,
14083,6318,FCPS (Medicine),Medicine
14084,6318,and MD (Gastroenterology),Gastroenterology
14085,6319,MBBS,
14086,6319,MD (Gastroenterology),Gastroenterology
14087,6320,MBBS,
14088,6320,MS(Ortho),Ortho
14089,6321,MBBS,
14090,6321,MS (Ortho-Trauma),Ortho-Trauma
14091,6322,MBBS,
14092,6322,Ms (Ortho),Ortho
14093,6323,MBBS,
14094,6323,MS (Neurosurgery),Neurosurgery
14095,6324,MBBS,
14096,6324,BCS (Health),Health
14097,6324,MD (Neuromedicine),Neuromedicine
14098,6325,MBBS,
14099,6325,FCPS (Medicine),Medicine
14100,6326,MBBS,
14101,6326,MD (Neurology),Neurology
14102,6327,MBBS,
14103,6327,MD (Neurology),Neurology
14104,6328,MBBS,
14105,6328,FCPS (Medicine),Medicine
14106,6328,FRCP (Glasgow),Glasgow
14107,6329,MBBS,
14108,6329,FCPS (Medicine),Medicine
14109,6329,MRCP (UK),UK
14110,6330,MBBS,
14111,6330,FCPS (Medicine),Medicine
14112,6331,MBBS (Dhaka),Dhaka
14113,6331,FCPS (Medicine),Medicine
14114,6331,"FCPS (Nephrology, Pakistan)","Nephrology, Pakistan"
14115,6331,FRCP (Ireland),Ireland
14116,6332,MBBS,
14117,6332,BCS (Health),Health
14118,6332,FCPS (Medicine),Medicine
14119,6333,MBBS,
14120,6333,FCPS,
14121,6333,MD,
14122,6333,FRCP,
14123,6334,MBBS,
14124,6334,FCPS (Medicine),Medicine
14125,6335,MBBS,
14126,6335,MS (OBGYN),OBGYN
14127,6336,MBBS,
14128,6336,FCPS (OBS & GAYNE),OBS & GAYNE
14129,6337,MBBS,
14130,6337,FCPS,
14131,6337,MS (Gynae),Gynae
14132,6338,MBBS,
14133,6338,BCS (Health),Health
14134,6338,FCPS (Gynae & Obs),Gynae & Obs
14135,6339,MBBS,
14136,6339,FCPS (Obs and Gynecology),Obs and Gynecology
14137,6340,MBBS,
14138,6340,FCPS,
14139,6340,MRCOG (Part-1) London,Part-1
14140,6341,MBBS,
14141,6341,BCS (Health),Health
14142,6341,FCPS (OBGYN),OBGYN
14143,6342,MBBS (DMC),DMC
14144,6342,FCPS (OBGYN),OBGYN
14145,6343,MBBS,
14146,6343,FCPS,
14147,6343,MS (OBGYN),OBGYN
14148,6344,MBBS,
14149,6344,FCPS (OBGYN),OBGYN
14150,6345,MBBS,
14151,6345,FCPS (Gyne),Gyne
14152,6346,MBBS,
14153,6346,FCPS (OBGYN),OBGYN
14154,6347,MBBS (DU),DU
14155,6347,FCPS (OBGYN),OBGYN
14156,6347,DOWH (Ireland),Ireland
14157,6347,MRCOG (London),London
14158,6347,MD (Colombo),Colombo
14159,6348,MBBS,
14160,6348,BCS (Health),Health
14161,6348,FCPS (OBGYN),OBGYN
14162,6349,MBBS,
14163,6349,FCPS (OBGYN),OBGYN
14164,6350,MBBS,
14165,6350,FCPS (OBGYN),OBGYN
14166,6350,FCPS (Infertility),Infertility
14167,6351,MBBS (Dhaka),Dhaka
14168,6351,FCPS (Medicine),Medicine
14169,6351,MD (Gastroenterology),Gastroenterology
14170,6352,MBBS (DMC),DMC
14171,6352,BCS (Health),Health
14172,6352,MD (Gastroenterology),Gastroenterology
14173,6353,MBBS,
14174,6353,BCS (Health),Health
14175,6353,MD (Hepatology),Hepatology
14176,6353,"MRCP (Medicine, UK)","Medicine, UK"
14177,6354,MBBS,
14178,6354,BCS (Health),Health
14179,6354,MD (Hepatology),Hepatology
14180,6355,MBBS,
14181,6355,FCPS (Medicine),Medicine
14182,6355,FRCP (Glasgow),Glasgow
14183,6356,MBBS,
14184,6356,FCPS (Medicine),Medicine
14185,6356,FCPS (Gastroenterology),Gastroenterology
14186,6357,MBBS,
14187,6357,FCPS (Medicine),Medicine
14188,6358,MBBS,
14189,6359,MBBS,
14190,6359,DO (DU),DU
14191,6359,MS (EYE),EYE
14192,6360,MBBS,
14193,6360,BCS (Health),Health
14194,6360,FCPS (ENT),ENT
14195,6361,MBBS,
14196,6362,MBBS,
14197,6362,FCPS (ENT),ENT
14198,6363,MBBS,
14199,6363,MS (ENT),ENT
14200,6364,MBBS,
14201,6364,Endocrinologist,
14202,6365,MBBS,
14203,6365,MD (Endocrine Medicine),Endocrine Medicine
14204,6365,Endocrinologist,
14205,6366,MBBS,
14206,6366,FCPS (Medicine),Medicine
14207,6367,MBBS,
14208,6368,MBBS,
14209,6368,FCPS (Surgery),Surgery
14210,6368,MS (Colorectal Surgery),Colorectal Surgery
14211,6369,MBBS (Dhaka),Dhaka
14212,6370,MBBS,
14213,6370,FCPS (Pediatric),Pediatric
14214,6371,MBBS,
14215,6371,FCPS (Pediatrics),Pediatrics
14216,6372,MBBS,
14217,6372,FCPS (Pediatrics),Pediatrics
14218,6372,MD (Neonatology),Neonatology
14219,6373,MBBS,
14220,6373,FCPS (Medicine),Medicine
14221,6373,MD (Chest),Chest
14222,6374,MBBS,
14223,6374,MD (Chest),Chest
14224,6375,MBBS,
14225,6375,MD (Cardiology),Cardiology
14226,6376,MBBS,
14227,6376,MD (Cardiology),Cardiology
14228,6377,MBBS (DMC),DMC
14229,6377,MD (Cardiology),Cardiology
14230,6378,MBBS,
14231,6378,MD (Cardiology),Cardiology
14232,6379,MBBS,
14233,6379,MD (Cardiology),Cardiology
14234,6379,FCPS (Medicine),Medicine
14235,6380,MBBS (SSMC),SSMC
14236,6380,MD (Medical Oncology),Medical Oncology
14237,6381,MBBS,
14238,6382,MBBS,
14239,6382,BCS,
14240,6382,FCPS (Rheumatology),Rheumatology
14241,6383,MBBS,
14242,6383,BCS,
14243,6383,FCPS (Surgery),Surgery
14244,6384,MBBS,
14245,6384,FCPS (Surgery),Surgery
14246,6385,MBBS,
14247,6385,FCPS,
14248,6385,MS,
14249,6386,MBBS,
14250,6386,MD (Pedatrics),Pedatrics
14251,6387,MBBS (Health),Health
14252,6387,BCS (Health),Health
14253,6387,MD (Child),Child
14254,6388,MBBS,
14255,6388,PhD,
14256,6388,FRCP (Glasgow),Glasgow
14257,6389,MBBS,
14258,6389,FRCP (UK),UK
14259,6389,MS (USA),USA
14260,6389,DTM&H (London),London
14261,6390,MBBS,
14262,6390,MS (Surgery),Surgery
14263,6391,MBBS,
14264,6391,FCPS (Breast-Surgery),Breast-Surgery
14265,6392,MBBS (DU),DU
14266,6393,MBBS,
14267,6393,FCPS,
14268,6393,MRCP,
14269,6394,MBBS,
14270,6394,BCS,
14271,6394,FCPS (Medicine),Medicine
14272,6394,"MRCP (M, England)","M, England"
14273,6395,MBBS,
14274,6396,MBBS,
14275,6397,MBBS,
14276,6397,MS,
14277,6398,MBBS,
14278,6398,PhD (USA),USA
14279,6399,MBBS (Dhaka),Dhaka
14280,6399,BCS (Health),Health
14281,6400,MBBS (Dhaka),Dhaka
14282,6400,BCS (Health),Health
14283,6400,MS (Orthopedic & Traumatology),Orthopedic & Traumatology
14284,6401,MBBS,
14285,6401,MS (Ortho),Ortho
14286,6402,MBBS,
14287,6402,MS (Ortho),Ortho
14288,6403,MBBS,
14289,6403,FCPS (Hematology),Hematology
14290,6404,MBBS,
14291,6404,MD (Hepatology),Hepatology
14292,6405,MBBS,
14293,6405,FCPS,
14294,6405,BCS,
14295,6405,MD,
14296,6406,MBBS,
14297,6406,MD (Hepatology),Hepatology
14298,6407,MBBS,
14299,6407,MD (Gastro),Gastro
14300,6408,MBBS,
14301,6408,FCPS (Gynae),Gynae
14302,6409,MBBS,
14303,6409,MD,
14304,6410,MBBS,
14305,6410,MD,
14306,6410,Endocrinologist,
14307,6411,MBBS,
14308,6411,MS (Urology),Urology
14309,6412,MBBS,
14310,6413,MBBS,
14311,6413,BCS,
14312,6413,MS (BSMMU),BSMMU
14313,6414,MBBS,
14314,6414,MS,
14315,6414,BCS (Health),Health
14316,6415,MBBS,
14317,6415,MS (ENT),ENT
14318,6416,MBBS,
14319,6416,FCPS (ENT),ENT
14320,6417,MBBS,
14321,6417,MS (ENT),ENT
14322,6418,MBBS,
14323,6418,Endocrinologist,
14324,6419,MBBS,
14325,6419,FCPS (Surgery),Surgery
14326,6419,MS,
14327,6419,BCS (Health),Health
14328,6419,Endocrinologist,
14329,6420,MBBS,
14330,6420,FCPS (Surgery),Surgery
14331,6420,MS,
14332,6421,MBBS,
14333,6422,MBBS,
14334,6422,MD (Chest Diseases),Chest Diseases
14335,6423,MBBS,
14336,6423,MD (CHEST),CHEST
14337,6424,MBBS,
14338,6425,MBBS,
14339,6425,FCPS (Surgery),Surgery
14340,6425,MS (Urology),Urology
14341,6426,MBBS,
14342,6426,MD (Nephrology),Nephrology
14343,6427,MBBS,
14344,6427,FCPS (Medicine),Medicine
14345,6427,MD (Nephrology),Nephrology
14346,6428,MBBS,
14347,6428,FCPS (Medicine),Medicine
14348,6428,MD (Nephrology),Nephrology
14349,6429,MBBS,
14350,6429,BCS (Health),Health
14351,6429,MS (Urology),Urology
14352,6430,MBBS,
14353,6430,BCS (Health),Health
14354,6430,MS (Urology),Urology
14355,6431,MBBS,
14356,6431,MS (Urology),Urology
14357,6432,MBBS,
14358,6433,MBBS,
14359,6434,MBBS,
14360,6434,FCPS (Dermatrology),Dermatrology
14361,6435,MBBS,
14362,6435,FCPS (Dermatology),Dermatology
14363,6435,MD,
14364,6436,MBBS (Dhaka),Dhaka
14365,6436,MS (Pediatric Surgery),Pediatric Surgery
14366,6437,MBBS,
14367,6437,MS (Neurosurgery),Neurosurgery
14368,6438,MBBS,
14369,6438,MS (Neurosurgery),Neurosurgery
14370,6438,FCPS (Surgery),Surgery
14371,6439,MBBS,
14372,6439,BCS (Health),Health
14373,6439,MS (Neurosurgery),Neurosurgery
14374,6440,MBBS,
14375,6440,MS (Neurosurgery),Neurosurgery
14376,6441,MBBS,
14377,6441,FCPS (Medicine),Medicine
14378,6442,MBBS,
14379,6442,BCS (Health),Health
14380,6442,FCPS (Medicine),Medicine
14381,6443,MBBS,
14382,6443,BCS (Health),Health
14383,6443,FCPS (Medicine),Medicine
14384,6444,MBBS,
14385,6444,FCPS,
14386,6445,MBBS,
14387,6446,MBBS,
14388,6446,MD (Medicine),Medicine
14389,6447,MSC (Food & Nutrition),Food & Nutrition
14390,6448,MBBS,
14391,6449,MBBS,
14392,6449,FCPS (Medicine),Medicine
14393,6450,MBBS,
14394,6451,MBBS,
14395,6451,BCS (Health),Health
14396,6451,FCPS (Medicine),Medicine
14397,6452,MBBS,
14398,6452,FCPS (Medicine),Medicine
14399,6453,MBBS,
14400,6453,MD (Medicine),Medicine
14401,6454,MBBS,
14402,6454,MD (Hepatology),Hepatology
14403,6455,MBBS (DMC),DMC
14404,6455,BCS (Health),Health
14405,6455,FCPS (Obs & Gynae),Obs & Gynae
14406,6456,MBBS (DMC),DMC
14407,6456,BCS (Health),Health
14408,6456,FCPS (Obs & Gynae),Obs & Gynae
14409,6457,MBBS,
14410,6457,FCPS,
14411,6458,MBBS,
14412,6458,MS (Gynae),Gynae
14413,6459,MBBS,
14414,6459,FCPS (OBGYN),OBGYN
14415,6460,MBBS,
14416,6460,FCPS,
14417,6460,MS (Gyne),Gyne
14418,6461,MBBS,
14419,6461,FCPS (Gynae & Obs),Gynae & Obs
14420,6462,MBBS,
14421,6462,BCS,
14422,6462,FCPS (Gynae),Gynae
14423,6463,MBBS,
14424,6463,BCS (Health),Health
14425,6463,FCPS (Gynecology),Gynecology
14426,6464,MBBS,
14427,6464,BCS,
14428,6464,FCPS (Gynae),Gynae
14429,6464,FCPS (Feito maternal Medicine),Feito maternal Medicine
14430,6465,MBBS,
14431,6466,MBBS,
14432,6466,FCPS (OBGYN),OBGYN
14433,6467,MBBS,
14434,6467,FAMS (Viena),Viena
14435,6468,MBBS,
14436,6468,MD (Cardiology),Cardiology
14437,6469,MBBS,
14438,6469,BCS (Health),Health
14439,6469,MD (Cardiology),Cardiology
14440,6470,MBBS (CMC),CMC
14441,6470,FCPS (Continue),Continue
14442,6471,MBBS,
14443,6471,MD (cardiology),cardiology
14444,6472,MBBS,
14445,6472,MS (Cardiology),Cardiology
14446,6473,MBBS (Dhaka),Dhaka
14447,6473,MD (Oncology),Oncology
14448,6474,MBBS,
14449,6474,DMRT,
14450,6475,MBBS,
14451,6475,MS (Urology),Urology
14452,6476,MBBS,
14453,6476,BCS (Health),Health
14454,6476,MS (Urology),Urology
14455,6477,MBBS,
14456,6477,MS (Urology) Training in Urology (Singapore),Urology
14457,6478,MBBS,
14458,6478,FCPS (Dermatology),Dermatology
14459,6479,MBBS,
14460,6479,FCPS (SKIN & SEX),SKIN & SEX
14461,6479,FRCP (UK),UK
14462,6480,MBBS,
14463,6480,BCS (Health),Health
14464,6480,MD,
14465,6481,MBBS,
14466,6481,BCS (Health),Health
14467,6481,MS (Pediatric Surgery),Pediatric Surgery
14468,6482,MBBS (Dhaka),Dhaka
14469,6483,MBBS (Dhaka),Dhaka
14470,6483,BCS (Health),Health
14471,6484,MBBS,
14472,6484,MS (Orthopedic),Orthopedic
14473,6484,BCS (Health),Health
14474,6485,MBBS (DU),DU
14475,6485,BCS (Health),Health
14476,6485,MS-Orthopedic,
14477,6486,MBBS,
14478,6486,BCS (Health),Health
14479,6486,MS (Ortho-Sugery),Ortho-Sugery
14480,6487,MBBS,
14481,6487,FCPS (Surgery),Surgery
14482,6487,MS (Neurosurgery),Neurosurgery
14483,6487,MRCPS (Glasgow),Glasgow
14484,6488,MBBS,
14485,6488,MD (Neuromedicine),Neuromedicine
14486,6489,MBBS,
14487,6489,MD (Nephrlogy),Nephrlogy
14488,6490,MBBS,
14489,6490,BCS (Health),Health
14490,6490,MD (Nephrology),Nephrology
14491,6491,MBBS,
14492,6491,MD (Hematology),Hematology
14493,6492,MBBS,
14494,6492,BCS (Health),Health
14495,6492,FCPS (Gyne & Obs.),Gyne & Obs.
14496,6493,MBBS (Dhaka),Dhaka
14497,6493,"MS (Gynae & Obs; CMU, DMU)","Gynae & Obs; CMU, DMU"
14498,6494,MBBS,
14499,6495,MBBS,
14500,6495,BCS (Health),Health
14501,6495,FCPS (OBGYN),OBGYN
14502,6496,MBBS,
14503,6496,FCPS (Gyneay & Obs),Gyneay & Obs
14504,6497,MBBS,
14505,6497,FCPS (Gyne & Obs.),Gyne & Obs.
14506,6497,MS (Gyne & Obs.),Gyne & Obs.
14507,6498,FCPS,
14508,6498,MBBS,
14509,6499,MBBS,
14510,6499,FCPS (OBGYN),OBGYN
14511,6500,MBBS,
14512,6500,FRSH (Lndon),Lndon
14513,6501,MBBS (Dhaka),Dhaka
14514,6501,FCPS (ENT),ENT
14515,6501,MS (ENT),ENT
14516,6502,MBBS,
14517,6502,FCPS (ENT),ENT
14518,6503,MBBS (DMC),DMC
14519,6503,MD (Endocrinology & Metabolism),Endocrinology & Metabolism
14520,6503,Endocrinologist,
14521,6504,MBBS,
14522,6504,BCS (Health),Health
14523,6504,MD (Endocrinology),Endocrinology
14524,6504,Endocrinologist,
14525,6505,MBBS (DMC),DMC
14526,6505,FCPS (Medicine),Medicine
14527,6505,MD (Endocrinology),Endocrinology
14528,6505,Endocrinologist,
14529,6506,MBBS,
14530,6506,MD (Paediatrics Gastroentrology),Paediatrics Gastroentrology
14531,6507,MBBS,
14532,6507,FCPS (Medicine),Medicine
14533,6507,FCPS (Neuro Medicine),Neuro Medicine
14534,6508,MBBS,
14535,6508,BCS (Health),Health
14536,6508,MD (Neurology),Neurology
14537,6509,MBBS,
14538,6509,BCS (Health),Health
14539,6509,FCPS (Child),Child
14540,6509,MD (Infant),Infant
14541,6510,MBBS (DMC),DMC
14542,6510,FCPS (Child),Child
14543,6510,FCPS (Child Neurology),Child Neurology
14544,6510,MD (Child),Child
14545,6510,BCS (Health),Health
14546,6511,MBBS,
14547,6512,MBBS,
14548,6512,BCS (Health),Health
14549,6512,MS (Medicine),Medicine
14550,6513,MBBS,
14551,6513,BCS (Health),Health
14552,6513,FCPS (Pulmonology),Pulmonology
14553,6514,MBBS,
14554,6514,BCS (Health),Health
14555,6514,MD (Cardiology),Cardiology
14556,6514,FCPS (Medicine),Medicine
14557,6514,MD (Rheumatic fever),Rheumatic fever
14558,6515,MBBS,
14559,6515,BCS (Health),Health
14560,6515,FCPS (Medicine),Medicine
14561,6515,MSC (London),London
14562,6516,MBBS (DMC),DMC
14563,6516,BCS (Health),Health
14564,6516,FCPS (Medicine),Medicine
14565,6517,MBBS (DMC),DMC
14566,6517,BCS (Health),Health
14567,6517,FCPS (Medicine),Medicine
14568,6517,MD (Gastro),Gastro
14569,6518,MBBS,
14570,6518,FCPS (Medicine),Medicine
14571,6519,MBBS,
14572,6519,MD (Cardiology),Cardiology
14573,6520,MBBS,
14574,6520,MD (Medicine),Medicine
14575,6520,FCPS (Cardiology),Cardiology
14576,6521,MBBS,
14577,6521,BCS (Health),Health
14578,6521,FCPS (Medicine),Medicine
14579,6521,MD (Cardiology),Cardiology
14580,6522,MBBS,
14581,6522,BCS (Health),Health
14582,6522,MD (Medical Oncology),Medical Oncology
14583,6523,MBBS,
14584,6523,FCPS (Surgery),Surgery
14585,6524,MBBS,
14586,6524,FCPS (Surgery),Surgery
14587,6525,MBBS (DMC),DMC
14588,6525,FCPS (Surgery),Surgery
14589,6526,MBBS,
14590,6526,FCPS (Surgery),Surgery
14591,6527,MBBS,
14592,6527,FCPS (Dermatology),Dermatology
14593,6528,MBBS,
14594,6528,FCPS (Skin/Dermatology),Skin/Dermatology
14595,6529,MBBS,
14596,6529,MAMS (Vienna),Vienna
14597,6530,MBBS,
14598,6531,MBBS,
14599,6532,MBBS,
14600,6533,MBBS (Dhaka),Dhaka
14601,6534,MBBS (Dhaka),Dhaka
14602,6534,BCS (Health),Health
14603,6534,FCPS (Surgery),Surgery
14604,6535,MBBS (DU),DU
14605,6536,MBBS (DMC),DMC
14606,6536,MS (ORTHO),ORTHO
14607,6537,MBBS (CMC),CMC
14608,6537,MS (ORTHOSURGERY-NITOR),ORTHOSURGERY-NITOR
14609,6538,MBBS,
14610,6538,MS (ORTHOPEDIC SURGERY),ORTHOPEDIC SURGERY
14611,6539,MBBS,
14612,6539,BCS (Health),Health
14613,6539,MS (Orthopedics),Orthopedics
14614,6540,MBBS,
14615,6540,MS (ORTHO),ORTHO
14616,6541,MBBS. MCPS (Surgery),Surgery
14617,6541,MS (Ortho Surgery),Ortho Surgery
14618,6542,MBBS,
14619,6542,MD (Neurology),Neurology
14620,6543,MBBS,
14621,6543,FCPS (Surgery),Surgery
14622,6543,MS (Neurosurgery),Neurosurgery
14623,6544,MBBS,
14624,6544,MD (Neurology),Neurology
14625,6545,MBBS,
14626,6545,MD (Neurology,"Neurology, BSMMU"
14627,6546,MBBS,
14628,6546,BCS (Health),Health
14629,6546,FCPS (Medicine),Medicine
14630,6547,MBBS,
14631,6547,FCPS (Medicine),Medicine
14632,6548,MBBS,
14633,6548,MD (Internal Medicine),Internal Medicine
14634,6549,MBBS (DMC),DMC
14635,6549,"MD (Nephrology, DMC)","Nephrology, DMC"
14636,6550,MBBS,
14637,6550,MD (NEPHRO),NEPHRO
14638,6551,MBBS,
14639,6551,MD (Nephrology),Nephrology
14640,6552,MBBS,
14641,6552,FCPS (Hematology),Hematology
14642,6553,MBBS (ShSMC),ShSMC
14643,6553,BCS (Health),Health
14644,6553,DMU,
14645,6553,"Ms (Thesis, Gynae and Obs)","Thesis, Gynae and Obs"
14646,6553,FCPS (Gynae and Obs),Gynae and Obs
14647,6554,MBBS,
14648,6554,FCPS (Obs & Gynae),Obs & Gynae
14649,6555,MBBS,
14650,6555,MPH (DMU),DMU
14651,6556,MBBS,
14652,6556,BCS,
14653,6556,FCPS (Gynae&Obs),Gynae&Obs
14654,6557,MBBS,
14655,6557,FCPS (Obs & Gynae),Obs & Gynae
14656,6558,MBBS,
14657,6558,BCS (Health),Health
14658,6558,FCPS (OBGYN),OBGYN
14659,6559,MBBS,
14660,6559,FCPS (OBGYN),OBGYN
14661,6560,MBBS,
14662,6561,MBBS,
14663,6561,FCPS (OBGYN),OBGYN
14664,6562,MBBS,
14665,6562,FCPS (OBGYN),OBGYN
14666,6563,MBBS,
14667,6563,FCPS (OBGYN),OBGYN
14668,6564,MBBS (DMC),DMC
14669,6564,MS (OBGYN),OBGYN
14670,6565,MBBS (DU),DU
14671,6565,"MRCP (Medicine & Gastro, UK)","Medicine & Gastro, UK"
14672,6565,"MSc (Gastroenterology, London, UK)","Gastroenterology, London, UK"
14673,6566,MBBS,
14674,6566,MD (Hepatology),Hepatology
14675,6567,MBBS,
14676,6567,MD (Hepatology),Hepatology
14677,6568,MBBS,
14678,6568,MD (Gastroenterology),Gastroenterology
14679,6569,MBBS,
14680,6569,FCPS (ENT),ENT
14681,6570,MBBS,
14682,6570,FCPS (ENT),ENT
14683,6571,MBBS,
14684,6571,FCPS (ENT),ENT
14685,6572,MBBS,
14686,6572,FCPS (ENT),ENT
14687,6573,MBBS,
14688,6573,BCS (Health),Health
14689,6573,MD-Endocrinology & Metabolism (BSMMU),BSMMU
14690,6573,Endocrinologist,
14691,6574,MBBS,
14692,6574,MD (Endocrinology),Endocrinology
14693,6574,Endocrinologist,
14694,6575,MBBS,
14695,6575,MD,
14696,6576,MBBS,
14697,6577,MBBS,
14698,6577,MD (Pediatrics),Pediatrics
14699,6578,MBBS,
14700,6578,FCPS (CHILD),CHILD
14701,6580,MBBS,
14702,6580,MD (CMU),CMU
14703,6581,MBBS (DU),DU
14704,6582,DR. MD. SHAFIQUL ISLAM DEWAN MBBS,
14705,6582,BCS (Health) PGT (Medicine & Cardiology) FCPS (Medicine)- Final Part MD (Pulmonology)-Phase B,Health
14706,6583,MBBS,
14707,6583,FCPS (Medicine-Final Part),Medicine-Final Part
14708,6584,MBBS,
14709,6584,BCS (Health),Health
14710,6585,MBBS,
14711,6586,MBBS,
14712,6586,FCPS (CHILD),CHILD
14713,6587,MBBS,
14714,6587,BCS,
14715,6587,MD (Medicine),Medicine
14716,6588,MBBS (SSMC),SSMC
14717,6588,BCS (Health),Health
14718,6588,FCPS (Medicine),Medicine
14719,6589,MBBS,
14720,6589,FMD,
14721,6590,MBBS (Dhaka),Dhaka
14722,6590,BCS (Health),Health
14723,6590,FCPS (Medi),Medi
14724,6591,MBBS,
14725,6591,MD (Internal Medi),Internal Medi
14726,6592,MBBS,
14727,6592,FCPS,
14728,6593,MBBS,
14729,6593,FCPS (Medicine),Medicine
14730,6594,MBBS,
14731,6594,FCPS (Medicine),Medicine
14732,6594,MD (Cardiology),Cardiology
14733,6594,MRCP (UK),UK
14734,6595,MBBS,
14735,6595,FCPS (Medicine),Medicine
14736,6595,MD (Cardiology),Cardiology
14737,6595,FRCP (Edin),Edin
14738,6596,MBBS,
14739,6596,FCPS (Psychiatry),Psychiatry
14740,6597,MBBS,
14741,6597,MS (Urology),Urology
14742,6597,MRCPS (UK),UK
14743,6598,MBBS,
14744,6598,FCPS (Skin & VD),Skin & VD
14745,6599,MBBS,
14746,6600,MBBS,
14747,6601,MBBS,
14748,6602,MBBS,
14749,6603,MBBS,
14750,6603,FCPS (Psychiatry),Psychiatry
14751,6604,MBBS,
14752,6604,BCS (Health),Health
14753,6604,FCPS (Physical Medicine),Physical Medicine
14754,6605,MBBS,
14755,6605,PhD (Neurosurgery),Neurosurgery
14756,6606,MBBS,
14757,6606,BCS (Health),Health
14758,6606,MD (Neurology),Neurology
14759,6607,MBBS,
14760,6607,BCS (Health),Health
14761,6607,FCPS (Medicine),Medicine
14762,6607,MD (Neurology),Neurology
14763,6608,MBBS,
14764,6608,MD (Internal Medicine),Internal Medicine
14765,6609,MBBS,
14766,6609,FCPS (Medicine),Medicine
14767,6609,FCPS (Neurology) MRCP (UK),Neurology
14768,6610,MBBS,
14769,6610,FCPS (Medicine),Medicine
14770,6611,MBBS,
14771,6611,FCPS (Medicine),Medicine
14772,6611,FRCP (EDIN),EDIN
14773,6611,FRCP (Glasgow),Glasgow
14774,6612,MBBS,
14775,6612,FCPS (Medicine),Medicine
14776,6612,MD (Internal Medicine),Internal Medicine
14777,6612,FRCP (UK),UK
14778,6613,MBBS (BMC),BMC
14779,6613,FCPS (Haematology),Haematology
14780,6614,MBBS,
14781,6614,FCPS (Haematology),Haematology
14782,6615,MBBS,
14783,6615,FCPS (Gynea & Obs),Gynea & Obs
14784,6616,MBBS,
14785,6616,BCS (Health),Health
14786,6616,FCPS (Obs & Gynae),Obs & Gynae
14787,6617,MBBS,
14788,6617,FCPS (Gynae & Obs),Gynae & Obs
14789,6618,MBBS,
14790,6618,FCPS (Gynaecology & Obs),Gynaecology & Obs
14791,6618,BCS (Health),Health
14792,6619,MBBS,
14793,6619,FCPS (Gynae & Obs),Gynae & Obs
14794,6619,FCPS (Gynae & Oncology),Gynae & Oncology
14795,6619,DMU (Ultra),Ultra
14796,6620,MBBS,
14797,6621,MBBS,
14798,6621,BCS (Health),Health
14799,6621,FCPS (OBGYN),OBGYN
14800,6622,MBBS,
14801,6622,BCS (Helth),Helth
14802,6622,FCPS (Gynaecology & Obs),Gynaecology & Obs
14803,6623,MBBS (MMC),MMC
14804,6623,BCS (Health),Health
14805,6623,FCPS (Gyne & Obs),Gyne & Obs
14806,6624,MBBS (DMC),DMC
14807,6624,BCS (Health),Health
14808,6624,MS (OBGYN),OBGYN
14809,6624,DMUD,
14810,6625,MBBS,
14811,6625,FCPS (Gyne),Gyne
14812,6626,MBBS,
14813,6626,FCPS (OBGYN),OBGYN
14814,6627,MBBS,
14815,6627,FCPS (Medicine),Medicine
14816,6627,MD (Gastroenterology),Gastroenterology
14817,6628,MBBS (Dhaka),Dhaka
14818,6628,BCS (Health),Health
14819,6628,MD (Gastroenterology) (BSMMU),Gastroenterology
14820,6628,MRCP (America),America
14821,6629,MBBS (DMC),DMC
14822,6629,MD (Gastro),Gastro
14823,6630,MBBS,
14824,6630,FAMS,
14825,6631,MBBS,
14826,6631,FCPS (Surgery),Surgery
14827,6631,"Advanced Training (Colorectal, Endoscopic & Laser Surgery)","Colorectal, Endoscopic & Laser Surgery"
14828,6632,MBBS,
14829,6632,BCS (Health),Health
14830,6632,MD (Pediatrics),Pediatrics
14831,6633,MBBS,
14832,6633,MD (Chest),Chest
14833,6634,MBBS,
14834,6634,BCS (Health),Health
14835,6634,MD (Chest Disease),Chest Disease
14836,6635,MBBS,
14837,6636,MBBS (Dhaka),Dhaka
14838,6636,BCS (Health),Health
14839,6636,PHD (Resource Fellow),Resource Fellow
14840,6637,MBBS,
14841,6638,MBBS,
14842,6638,MD (Cardiology),Cardiology
14843,6639,MBBS,
14844,6639,BCS (Health),Health
14845,6639,MD (Dermatology),Dermatology
14846,6640,MBBS,
14847,6641,MBBS,
14848,6641,FCPS,
14849,6641,MD (Cardiology),Cardiology
14850,6642,MBBS (DMC),DMC
14851,6643,MBBS,
14852,6643,MSC,
14853,6644,MBBS,
14854,6644,MD (Dermatology),Dermatology
14855,6645,MBBS,
14856,6645,BCS (Health),Health
14857,6645,MD (Psychiatry),Psychiatry
14858,6646,MBBS,
14859,6646,FCPS (Surgery),Surgery
14860,6646,MS (Plastic Surgery),Plastic Surgery
14861,6647,MBBS,
14862,6647,MS (ORTHO),ORTHO
14863,6648,MBBS,
14864,6649,MBBS,
14865,6649,FCPS (Surgery),Surgery
14866,6649,MS (Neurosurgery),Neurosurgery
14867,6650,MBBS,
14868,6650,BCS (Health),Health
14869,6650,FCPS (Neurosurgery),Neurosurgery
14870,6651,MBBS,
14871,6651,FCPS (Medicine),Medicine
14872,6652,MBBS,
14873,6652,FCPS (Medicine),Medicine
14874,6652,MD (Neurology),Neurology
14875,6653,MBBS,
14876,6653,BCS (Health),Health
14877,6653,MD (Neurology),Neurology
14878,6654,MBBS,
14879,6654,BCS (Health),Health
14880,6654,MD (Neurology),Neurology
14881,6655,MBBS,
14882,6655,FCPS (Medicine),Medicine
14883,6656,MBBS (DMC),DMC
14884,6656,FCPS (Medicine),Medicine
14885,6657,MBBS,
14886,6657,MD (Internal Medicine),Internal Medicine
14887,6658,MBBS,
14888,6658,FCPS (Medicine),Medicine
14889,6659,MBBS (DMC),DMC
14890,6659,FCPS (Medicine),Medicine
14891,6660,MBBS,
14892,6660,MD (Nephrology),Nephrology
14893,6661,MBBS (DMC),DMC
14894,6661,FCPS (Medicine),Medicine
14895,6661,MD (Hepatology),Hepatology
14896,6662,MBBS,
14897,6662,BCS (Health),Health
14898,6662,FCPS (OBGYN),OBGYN
14899,6663,MBBS,
14900,6663,FCPS (OBGYN),OBGYN
14901,6664,MBBS,
14902,6664,BCS (Health),Health
14903,6664,FCPS (OBGYN),OBGYN
14904,6665,MBBS,
14905,6665,FCPS (OBGYN),OBGYN
14906,6665,MS (OBGYN),OBGYN
14907,6666,MBBS,
14908,6666,FCPS (OBGYN),OBGYN
14909,6666,MS (OBGYN),OBGYN
14910,6667,MBBS,
14911,6668,MBBS,
14912,6668,FCPS (Medicine),Medicine
14913,6668,MD (Gastroenterology),Gastroenterology
14914,6669,MBBS,
14915,6669,FCPS (ENT),ENT
14916,6670,MBBS,
14917,6670,Endocrinologist,
14918,6671,MBBS,
14919,6671,MRCP (UK),UK
14920,6671,MRCP,
14921,6671,FRCP (UK),UK
14922,6672,MBBS,
14923,6672,FCPS (CHILD),CHILD
14924,6673,MBBS,
14925,6673,FCPS (Pediatrics),Pediatrics
14926,6674,MBBS,
14927,6674,BCS,
14928,6674,FCPS,
14929,6674,MD,
14930,6675,MBBS,
14931,6675,MD (BSMMU),BSMMU
14932,6676,MBBS,
14933,6676,BCS (Health),Health
14934,6676,MD (Chest),Chest
14935,6677,MBBS,
14936,6678,MBBS,
14937,6679,MBBS,
14938,6679,FCPS (Medicine),Medicine
14939,6679,MD (Cardiology),Cardiology
14940,6680,MBBS,
14941,6680,MD (Cardiology),Cardiology
14942,6681,MBBS,
14943,6681,BCS (Health),Health
14944,6681,MD (Oncology),Oncology
14945,6682,MBBS,
14946,6682,MD (Aneas),Aneas
14947,6682,FCPS (Aneas),Aneas
14948,6683,MBBS,
14949,6683,FCPS (Surgery),Surgery
14950,6683,MS (Urology),Urology
14951,6684,MBBS,
14952,6684,BCS (Health),Health
14953,6684,FCPS (Surgery),Surgery
14954,6685,MBBS,
14955,6685,FCPS (Surgery),Surgery
14956,6686,MBBS,
14957,6686,FCPS (Surgery),Surgery
14958,6687,MBBS,
14959,6687,FCPS (Surgery),Surgery
14960,6688,MBBS,
14961,6688,FCPS (Surgery),Surgery
14962,6689,MBBS,
14963,6689,FCPS (Surgery),Surgery
14964,6690,MBBS (DMC),DMC
14965,6690,FCPS (Surgery),Surgery
14966,6691,MBBS,
14967,6691,FCPS (Surgery),Surgery
14968,6692,MBBS,
14969,6692,FCPS (Skin & VD),Skin & VD
14970,6693,MBBS,
14971,6693,FCPS (Skin & VD),Skin & VD
14972,6694,MBBS,
14973,6694,MD (Medicine),Medicine
14974,6695,MBBS,
14975,6695,FCPS (Medicine),Medicine
14976,6695,MD (Rheumatology),Rheumatology
14977,6696,MBBS,
14978,6696,FCPS (Medicine),Medicine
14979,6697,MBBS,
14980,6697,FCPS (Psychiatry),Psychiatry
14981,6698,MBBS,
14982,6698,PhD (Psychiatry),Psychiatry
14983,6699,MBBS,
14984,6699,FCPS (Physical Medicine & Rehabilitation),Physical Medicine & Rehabilitation
14985,6700,MBBS (Dhaka),Dhaka
14986,6700,MS (Pediatric Surgery),Pediatric Surgery
14987,6701,MBBS,
14988,6701,FCPS (Surgery),Surgery
14989,6701,MS (Paediatric Surgery),Paediatric Surgery
14990,6702,MBBS,
14991,6702,BCS (Health),Health
14992,6702,MS (ORTHO),ORTHO
14993,6703,MBBS,
14994,6703,FCPS (Surgery),Surgery
14995,6704,MBBS,
14996,6704,MS (ORTHO),ORTHO
14997,6705,MBBS,
14998,6705,MS (ORTHO),ORTHO
14999,6706,MBBS,
15000,6706,MS (ORTHO),ORTHO
15001,6707,MBBS (DMC),DMC
15002,6707,MS (ORTHO),ORTHO
15003,6708,MBBS,
15004,6708,MS (ORTHO),ORTHO
15005,6709,MBBS,
15006,6709,FCPS (Ortho Surgery),Ortho Surgery
15007,6709,MS (Ortho Surgery),Ortho Surgery
15008,6710,MBBS,
15009,6710,MS (ORTHO),ORTHO
15010,6711,MBBS,
15011,6711,MS (ORTHO),ORTHO
15012,6712,MBBS (SSMC),SSMC
15013,6712,MS (Neurosurgery),Neurosurgery
15014,6713,MBBS,
15015,6713,MS (Neurosurgery),Neurosurgery
15016,6713,"PhD (Neurosurgery) Trained in Neuro Intervention & Stroke (Japan, India & Germany)",Neurosurgery
15017,6714,MBBS (DMC),DMC
15018,6714,MS (Neurosurgery) Fellow Endovascular Neurosurgery & Stroke (Mumbai),Neurosurgery
15019,6715,MBBS,
15020,6715,MS (Neurosurgery),Neurosurgery
15021,6716,MBBS,
15022,6716,FCPS (Medicine) Fellow Neurology,Medicine
15023,6717,MBBS,
15024,6717,MD (Neurology),Neurology
15025,6718,MBBS,
15026,6718,MD (Neurology),Neurology
15027,6719,MBBS,
15028,6719,BCS (Health),Health
15029,6719,MD (Neurology),Neurology
15030,6720,MBBS,
15031,6720,FCPS (Medicine),Medicine
15032,6721,MBBS,
15033,6721,FCPS (Medicine),Medicine
15034,6722,MBBS,
15035,6722,FCPS (Medicine),Medicine
15036,6723,MBBS (DMC),DMC
15037,6723,FCPS (Medicine),Medicine
15038,6723,MRCP (UK),UK
15039,6724,MBBS,
15040,6724,FCPS (Medicine),Medicine
15041,6725,MBBS,
15042,6725,MRCP (UK),UK
15043,6726,MBBS (MMC),MMC
15044,6726,FCPS (Medicine),Medicine
15045,6727,MBBS (Dhaka),Dhaka
15046,6727,FCPS (Medicine),Medicine
15047,6727,FRCP (UK),UK
15048,6728,MBBS (DMC),DMC
15049,6728,FCPS (Medicine),Medicine
15050,6729,MBBS,
15051,6729,FCPS (Medicine),Medicine
15052,6730,MBBS,
15053,6730,FCPS,
15054,6730,FRCP (GLASGOW),GLASGOW
15055,6730,FRCP (EDIN),EDIN
15056,6731,MBBS,
15057,6731,FCPS (Medicine),Medicine
15058,6731,MD (Internal Medicine),Internal Medicine
15059,6731,FRCP (UK),UK
15060,6732,MBBS,
15061,6732,FCPS (Medicine),Medicine
15062,6732,PhD (USA) WHO Fellow (Thailand),USA
15063,6733,MBBS,
15064,6733,FCPS (Medicine),Medicine
15065,6733,MD (Internal Medicine),Internal Medicine
15066,6734,MBBS,
15067,6734,FCPS (Medicine),Medicine
15068,6734,FRCP (UK),UK
15069,6735,MBBS,
15070,6735,FCPS (Internal Medicine),Internal Medicine
15071,6736,MBBS (Dhaka),Dhaka
15072,6736,FCPS (Medicine),Medicine
15073,6737,MBBS,
15074,6737,MD (Nephrology),Nephrology
15075,6738,MBBS (DMC),DMC
15076,6738,MD (Nephrology),Nephrology
15077,6739,MBBS (Dhaka),Dhaka
15078,6739,MD (Nephrology),Nephrology
15079,6740,MBBS,
15080,6740,MD (Nephrology),Nephrology
15081,6741,MBBS,
15082,6741,FCPS,
15083,6741,MSc (UK),UK
15084,6741,FRCP (UK),UK
15085,6742,MBBS,
15086,6742,FCPS (Medicine),Medicine
15087,6742,MRCP (UK),UK
15088,6742,PhD (Nephrology-UK),Nephrology-UK
15089,6743,MBBS,
15090,6743,FCPS (Hematology),Hematology
15091,6744,MBBS,
15092,6744,BCS (Health),Health
15093,6744,FCPS (Hematology),Hematology
15094,6745,MBBS (DMC),DMC
15095,6745,FCPS (OBGYN),OBGYN
15096,6745,FCPS (Reproductive Endocrinology & Infertility),Reproductive Endocrinology & Infertility
15097,6746,MBBS,
15098,6746,FCPS (Gynae & Obs),Gynae & Obs
15099,6747,MBBS,
15100,6747,FCPS (OBGYN),OBGYN
15101,6747,FCPS (Gynecological Oncology),Gynecological Oncology
15102,6748,MBBS,
15103,6748,FCPS (OBGYN),OBGYN
15104,6749,MBBS,
15105,6749,FCPS (OBGYN),OBGYN
15106,6750,MBBS,
15107,6750,FCPS (OBGYN),OBGYN
15108,6751,MBBS,
15109,6751,FCPS (OBGYN),OBGYN
15110,6752,MBBS,
15111,6752,FCPS (OBGYN),OBGYN
15112,6752,MS (OBGYN),OBGYN
15113,6753,MBBS,
15114,6753,FCPS (OBGYN),OBGYN
15115,6754,MBBS,
15116,6754,FCPS (OBGYN),OBGYN
15117,6754,MS (OBGYN),OBGYN
15118,6755,MBBS,
15119,6755,FCPS (OBGYN),OBGYN
15120,6756,MBBS,
15121,6756,FCPS (OBGYN),OBGYN
15122,6756,MS (OBGYN),OBGYN
15123,6757,MBBS,
15124,6757,FCPS (OBGYN),OBGYN
15125,6758,MBBS,
15126,6758,FCPS (OBGYN),OBGYN
15127,6759,MBBS,
15128,6759,FCPS (Medicine),Medicine
15129,6759,MD (Gastroenterology),Gastroenterology
15130,6760,MBBS,
15131,6760,FCPS,
15132,6761,MBBS,
15133,6761,FCPS (Gastroenterology),Gastroenterology
15134,6762,MBBS,
15135,6762,FCPS (EYE),EYE
15136,6763,MBBS,
15137,6763,MS (ENT),ENT
15138,6764,MBBS (DMC),DMC
15139,6764,BCS (Health),Health
15140,6764,FCPS (ENT),ENT
15141,6765,MBBS (DMC),DMC
15142,6765,FCPS (ENT),ENT
15143,6766,MBBS,
15144,6766,FCPS (ENT),ENT
15145,6767,MBBS,
15146,6767,BCS (Health),Health
15147,6768,MBBS,
15148,6768,FCPS (ENT),ENT
15149,6769,MBBS,
15150,6769,FCPS (ENT),ENT
15151,6770,MBBS,
15152,6770,MPhil (Endocrinology),Endocrinology
15153,6770,MD (Medicine),Medicine
15154,6770,Endocrinologist,
15155,6771,MBBS (DMC),DMC
15156,6771,BCS (Health),Health
15157,6771,FCPS (Medicine),Medicine
15158,6771,MD (Endocrinology),Endocrinology
15159,6771,Endocrinologist,
15160,6772,MBBS,
15161,6772,MD (EM),EM
15162,6772,MRCP (UK),UK
15163,6772,MSc (CANADA),CANADA
15164,6772,Endocrinologist,
15165,6773,MBBS,
15166,6773,BCS (Health),Health
15167,6773,MD (Endocrinology),Endocrinology
15168,6773,Endocrinologist,
15169,6774,MBBS,
15170,6774,MD (Endocrinology),Endocrinology
15171,6774,Endocrinologist,
15172,6775,MBBS,
15173,6775,BCS (Health),Health
15174,6775,FCPS (Pediatric Neurology),Pediatric Neurology
15175,6775,FCPS (Pediatrics),Pediatrics
15176,6775,MD (Pediatrics),Pediatrics
15177,6776,MBBS,
15178,6776,FCPS (Surgery),Surgery
15179,6777,MBBS (DMC),DMC
15180,6777,FCPS (Pediatrics),Pediatrics
15181,6777,MD (Neonatology),Neonatology
15182,6778,MBBS,
15183,6778,FCPS (Pediatrics),Pediatrics
15184,6779,MBBS,
15185,6779,FCPS (CHILD),CHILD
15186,6780,MBBS,
15187,6780,FCPS (CHILD),CHILD
15188,6781,MBBS,
15189,6781,FCPS (Neonatology),Neonatology
15190,6782,MBBS,
15191,6783,MBBS (DMC),DMC
15192,6783,FCPS (Pediatrics),Pediatrics
15193,6783,MRCP (UK),UK
15194,6784,MBBS,
15195,6784,MD (Pediatrics),Pediatrics
15196,6784,FRCP (UK),UK
15197,6785,MBBS,
15198,6785,MSc (Japan),Japan
15199,6786,MBBS,
15200,6786,MD (Chest Diseases),Chest Diseases
15201,6787,MBBS,
15202,6787,MD (Cardiology),Cardiology
15203,6788,MBBS (DMC),DMC
15204,6788,MRCP (UK),UK
15205,6789,MBBS,
15206,6789,BCS (Health),Health
15207,6790,MBBS,
15208,6790,MD (Cardiology),Cardiology
15209,6791,MBBS,
15210,6791,FCPS (Medicine),Medicine
15211,6791,MD (Cardiology),Cardiology
15212,6792,MBBS,
15213,6792,MD (Cardiology),Cardiology
15214,6793,MBBS,
15215,6793,MD (Cardiology),Cardiology
15216,6793,FRCP,
15217,6794,MBBS,
15218,6794,MD (Cardiology),Cardiology
15219,6795,MBBS,
15220,6795,MD (Cardiology),Cardiology
15221,6795,FRCP (Edin). FACC (USA),Edin
15222,6795,FRCP,
15223,6796,MBBS,
15224,6796,BCS (Health),Health
15225,6796,FCPS (Medicine),Medicine
15226,6796,MD (Cardiology),Cardiology
15227,6797,MBBS,
15228,6797,MD (Cardiology),Cardiology
15229,6798,MBBS,
15230,6798,BCS (Health),Health
15231,6798,MD (Cardiology),Cardiology
15232,6799,MBBS,
15233,6799,MD (Cardiology),Cardiology
15234,6800,MBBS,
15235,6800,FCPS (Cardiology),Cardiology
15236,6801,MBBS,
15237,6802,MBBS,
15238,6802,DMRT,
15239,6803,MBBS (DU),DU
15240,6804,MBBS (Dhaka),Dhaka
15241,6805,MBBS,
15242,6805,FCPS (Radiotherapy),Radiotherapy
15243,6806,MBBS,
15244,6806,BCS (Health),Health
15245,6806,FCPS (Radiotherapy),Radiotherapy
15246,6807,MBBS,
15247,6807,FCPS (Radiotherapy),Radiotherapy
15248,6808,MBBS,
15249,6808,BCS (Health),Health
15250,6808,MD (Radiation Oncology),Radiation Oncology
15251,6809,MBBS,
15252,6809,FCPS (Radiotherapy),Radiotherapy
15253,6810,MBBS,
15254,6811,MBBS,
15255,6811,MD (Radiation Oncology),Radiation Oncology
15256,6812,MBBS,
15257,6812,DMRT,
15258,6812,MSC,
15259,6812,FRCP,
15260,6813,MBBS,
15261,6813,FCPS (Pediatrics),Pediatrics
15262,6813,MD (Neonatology),Neonatology
15263,6814,MPT (BHPI-CRP) MSS (Geriatric-DU),BHPI-CRP
15264,6815,MBBS (DU),DU
15265,6815,BCS (Health),Health
15266,6815,FCPS (Anesthesiology),Anesthesiology
15267,6816,MBBS,
15268,6816,FCPS (Anesthesiology),Anesthesiology
15269,6817,MBBS,
15270,6817,MD (Oncology),Oncology
15271,6818,MBBS,
15272,6818,DO,
15273,6818,FCPS (Ophthalmology),Ophthalmology
15274,6819,MBBS,
15275,6819,MRCP (UK),UK
15276,6820,MBBS,
15277,6820,BCS (Health),Health
15278,6820,MD (Pulmonology),Pulmonology
15279,6821,MBBS (CoMeC),CoMeC
15280,6821,MD (Physical Medicine & Rehabilitation,"Physical Medicine & Rehabilitation, BSMMU"
15281,6822,MBBS,
15282,6822,DO,
15283,6823,MBBS,
15284,6823,MS (Neuro Surgery),Neuro Surgery
15285,6824,MS (orthopedic surgery,"orthopedic surgery, BSMMU"
15286,6825,MBBS (DMC),DMC
15287,6825,FCPS (Radiotherapy),Radiotherapy
15288,6826,MBBS,
15289,6826,FCPS (Surgery),Surgery
15290,6826,MS (Urology),Urology
15291,6827,MBBS,
15292,6827,BCS (Health),Health
15293,6827,MD (Skin & VD),Skin & VD
15294,6828,MBBS,
15295,6828,MRCP (UK),UK
15296,6828,Endocrinologist,
15297,6829,MBBS,
15298,6829,BCS (Health),Health
15299,6829,MS (Urology),Urology
15300,6830,MBBS (DMC),DMC
15301,6830,BCS (Health),Health
15302,6830,FCPS (Surgery),Surgery
15303,6831,MBBS,
15304,6831,BCS (Health),Health
15305,6832,MBBS,
15306,6832,BCS (Health),Health
15307,6832,MD (Endocrinology),Endocrinology
15308,6832,Endocrinologist,
15309,6833,MBBS,
15310,6833,MD (Pediatric Gastroenterologist),Pediatric Gastroenterologist
15311,6834,MBBS,
15312,6834,BCS (Health),Health
15313,6834,FCPS (Child),Child
15314,6835,MBBS,
15315,6835,FCPS (CHILD),CHILD
15316,6836,MBBS (DU),DU
15317,6836,BCS (Health),Health
15318,6836,MD (Nephrology),Nephrology
15319,6837,MBBS,
15320,6837,BCS (Health),Health
15321,6837,MD (Nephrology),Nephrology
15322,6838,MBBS,
15323,6838,BCS (Health),Health
15324,6838,MD (Gastroenterology),Gastroenterology
15325,6839,MBBS,
15326,6839,BCS (Health),Health
15327,6839,FCPS (Medicine),Medicine
15328,6839,MD (Gastroenterology),Gastroenterology
15329,6840,MBBS,
15330,6840,BCS (Health),Health
15331,6840,FCPS (Medicine),Medicine
15332,6840,MD (Gastroenterology),Gastroenterology
15333,6841,MBBS,
15334,6841,BCS (Health),Health
15335,6841,MD (Neurology),Neurology
15336,6842,MBBS,
15337,6842,FCPS (Gynae & Obs),Gynae & Obs
15338,6843,MBBS,
15339,6843,FCPS (Gynae & Obs),Gynae & Obs
15340,6844,MBBS (DMC),DMC
15341,6844,BCS (Health),Health
15342,6844,MS (Gynaecology & Obs),Gynaecology & Obs
15343,6844,DMUD,
15344,6845,MBBS,
15345,6845,FCPS (Obs. & Gynae),Obs. & Gynae
15346,6846,MBBS,
15347,6846,FCPS (OBGYN),OBGYN
15348,6846,DMU Fellow in Infertility & Reproductive Medicine,
15349,6847,MBBS (DMC),DMC
15350,6847,MD (Cardiology),Cardiology
15351,6848,MBBS (DMC),DMC
15352,6848,BCS (Health),Health
15353,6848,FCPS (Medicine),Medicine
15354,6848,FRCP (London),London
15355,6849,MBBS,
15356,6849,BCS (Health),Health
15357,6849,FCPS (Medicine),Medicine
15358,6850,MBBS,
15359,6850,BCS (Health),Health
15360,6850,FCPS (Medicine),Medicine
15361,6851,MBBS (Dhaka),Dhaka
15362,6851,BCS (Health),Health
15363,6851,FCPS (Medicine),Medicine
15364,6852,MBBS,
15365,6852,BCS (Health),Health
15366,6852,FCPS (Medicine),Medicine
15367,6852,MRCP (London),London
15368,6853,MBBS,
15369,6853,MS (ORTHO),ORTHO
15370,6854,MBBS,
15371,6854,MS (Orthopedics),Orthopedics
15372,6855,MBBS,
15373,6855,BCS (Health),Health
15374,6855,FCPS (Medicine),Medicine
15375,6855,MD (Cardiology),Cardiology
15376,6856,MBBS,
15377,6856,BCS (Health),Health
15378,6856,FCPS (Reproductive Endocrinology & Infertility),Reproductive Endocrinology & Infertility
15379,6856,FCPS (Gynae & Obs),Gynae & Obs
15380,6857,MBBS (DU),DU
15381,6858,MBBS (DU),DU
15382,6859,MBBS,
15383,6860,MBBS,
15384,6861,MBBS,
15385,6861,MRCP (P1),P1
15386,6862,MBBS,
15387,6862,MD (Paediatric),Paediatric
15388,6862,FCPS (Pediatric Neurology),Pediatric Neurology
15389,6863,MBBS,
15390,6863,MS (Orthopaedics & Traumatology),Orthopaedics & Traumatology
15391,6864,MBBS,
15392,6865,MBBS,
15393,6865,FCPS (Gynae and Obs),Gynae and Obs
15394,6866,MBBS,
15395,6867,MBBS,
15396,6867,Diploma (Ultrasonograph),Ultrasonograph
15397,6868,MBBS,
15398,6869,MBBS,
15399,6869,FCPS (Gynae and Obs),Gynae and Obs
15400,6870,MBBS,
15401,6870,FCPS (Obs & Gynae),Obs & Gynae
15402,6871,MBBS,
15403,6871,FCPS (Obs & Gynecology),Obs & Gynecology
15404,6872,MBBS,
15405,6872,FCPS (Medicine),Medicine
15406,6872,MD (Neurology),Neurology
15407,6873,MBBS,
15408,6873,MD (Neurology),Neurology
15409,6874,MBBS,
15410,6874,MD (Nephrology),Nephrology
15411,6875,MBBS,
15412,6875,MRCP (UK),UK
15413,6876,MBBS,
15414,6876,FCPS (Medicine),Medicine
15415,6877,MBBS,
15416,6877,FCPS (Gynae and Obs),Gynae and Obs
15417,6877,FCPS (Gyne Oncology),Gyne Oncology
15418,6878,MBBS,
15419,6878,MS (Surgery),Surgery
15420,6879,MBBS,
15421,6879,FCPS (Surgery),Surgery
15422,6880,MBBS,
15423,6880,MD (Gastro),Gastro
15424,6880,FRCP (Glasgow,
15425,6880,FCPS (Med)),Med
15426,6881,MBBS,
15427,6881,MRCP - RCP,
15428,6881,Endocrinologist,
15429,6882,MBBS,
15430,6883,MBBS,
15431,6883,MD (Cardiology),Cardiology
15432,6884,MBBS,
15433,6884,FCPS (Dermatology & Venereolgy),Dermatology & Venereolgy
15434,6885,MBBS,
15435,6885,MD (Cardiology),Cardiology
15436,6885,FCPS (Internal Medicine),Internal Medicine
15437,6886,MBBS,
15438,6886,MS (General Surgery),General Surgery
15439,6887,MBBS,
15440,6887,MD (Pulmonology),Pulmonology
15441,6888,MBBS,
15442,6888,FCPS (Paed),Paed
15443,6889,MBBS,
15444,6889,FCPS (OBS&Gynae),OBS&Gynae
15445,6890,MBBS,
15446,6890,FRCP (UK)' MACP (USA),UK
15447,6891,MBBS,
15448,6891,FCPS,
15449,6892,MBBS,
15450,6892,BCS (Health),Health
15451,6892,MD (Endocrinology),Endocrinology
15452,6892,Endocrinologist,
15453,6893,MBBS,
15454,6893,FCPS (ENT),ENT
15455,6894,MBBS,
15456,6894,FCPS (Medicine),Medicine
15457,6894,MD (Neurology),Neurology
15458,6895,MBBS,
15459,6895,FCPS (Medicine),Medicine
15460,6895,MD (Gastroenterology),Gastroenterology
15461,6895,FRCP (UK),UK
15462,6896,MBBS,
15463,6896,FCPS (Medicine),Medicine
15464,6896,MD (Gastroenterology),Gastroenterology
15465,6897,MBBS,
15466,6897,FCPS (Medicine),Medicine
15467,6898,MBBS,
15468,6898,FCPS (Surgery),Surgery
15469,6898,MS (Surgery),Surgery
15470,6899,MBBS,
15471,6899,FCPS (Surgery),Surgery
15472,6900,MBBS (DMC),DMC
15473,6900,FCPS (General Surgery),General Surgery
15474,6900,MS (Surgical Oncology),Surgical Oncology
15475,6901,MBBS,
15476,6901,MD (Neuromedicine),Neuromedicine
15477,6902,MBBS,
15478,6902,FCPS (Gynae & Obs),Gynae & Obs
15479,6902,Diploma In Reproductive Medicine & Embryology (Germany),Germany
15480,6903,MBBS,
15481,6903,MD (Chest),Chest
15482,6904,MBBS,
15483,6904,MD (Chest),Chest
15484,6905,MBBS (Dhaka),Dhaka
15485,6905,MS (Pediatric Surgery),Pediatric Surgery
15486,6906,MBBS,
15487,6906,FCPS (Pediatrics),Pediatrics
15488,6906,MD (Pediatrics),Pediatrics
15489,6907,MBBS,
15490,6907,MD (Nephrology),Nephrology
15491,6908,MBBS,
15492,6908,MD (Medical Oncology),Medical Oncology
15493,6909,MBBS,
15494,6909,FCPS (Radiotherapy),Radiotherapy
15495,6910,MBBS,
15496,6910,FCPS (Radiation Oncology),Radiation Oncology
15497,6910,DMRT (Radiotherapy),Radiotherapy
15498,6911,MBBS,
15499,6911,MS (Urology),Urology
15500,6912,MBBS,
15501,6912,FCPS (Surgery),Surgery
15502,6912,MS (Urology),Urology
15503,6913,MBBS,
15504,6913,FCPS (Surgery),Surgery
15505,6913,MS (Urology),Urology
15506,6914,MBBS,
15507,6914,MD (Cardiology),Cardiology
15508,6914,FRCP,
15509,6915,MBBS,
15510,6915,MRCP,
15511,6915,MD (NICVD),NICVD
15512,6915,MSc (Cardiology),Cardiology
15513,6916,MBBS,
15514,6916,FCPS (Medicine),Medicine
15515,6916,FCPS (Infection & Tropical Diseases),Infection & Tropical Diseases
15516,6916,MD (Critical Care),Critical Care
15517,6917,MBBS,
15518,6917,MD (Internal Medicine),Internal Medicine
15519,6918,MBBS,
15520,6918,MS (ENT),ENT
15521,6919,MBBS (DMC),DMC
15522,6919,MD,
15523,6919,FCPS,
15524,6920,MBBS (Hons.),Hons.
15525,6920,FCPS (Medicine),Medicine
15526,6920,MD (Cardiology),Cardiology
15527,6921,MBBS (DMC),DMC
15528,6921,FCPS (Surgery),Surgery
15529,6922,MS (Maxillo-Facial Surgery),Maxillo-Facial Surgery
15530,6923,MBBS,
15531,6923,PhD (Japan),Japan
15532,6924,MBBS,
15533,6924,MS (Thoracic Surgery),Thoracic Surgery
15534,6925,MBBS (DMC),DMC
15535,6925,FCPS (Hematology),Hematology
15536,6926,MBBS,
15537,6926,FCPS (Hematology),Hematology
15538,6926,FRCP (Edin),Edin
15539,6927,MBBS,
15540,6927,MS (Ortho),Ortho
15541,6928,MBBS (DMC),DMC
15542,6929,MBBS,
15543,6929,MS (Ortho),Ortho
15544,6930,MBBS,
15545,6930,MS (OBGYN),OBGYN
15546,6931,MBBS (DMC),DMC
15547,6931,BCS (Health),Health
15548,6931,MD (Chest),Chest
15549,6932,MBBS,
15550,6932,BCS (Health),Health
15551,6932,MD (Cardiology),Cardiology
15552,6933,MBBS,
15553,6933,FCPS (Cardiology),Cardiology
15554,6933,MRCP (UK),UK
15555,6934,MBBS,
15556,6935,MBBS,
15557,6935,FCPS (Child Health),Child Health
15558,6935,MD (Neonatology),Neonatology
15559,6936,MBBS,
15560,6936,FCPS (Surgery),Surgery
15561,6937,MBBS,
15562,6937,FCPS (Plastic Surgery),Plastic Surgery
15563,6938,MBBS,
15564,6939,MBBS,
15565,6939,MS (Ortho),Ortho
15566,6940,FCPS (Gynae & Obs.),Gynae & Obs.
15567,6940,DMAS (Fellowship/Diploma in Laparoscopy),Fellowship/Diploma in Laparoscopy
15568,6941,MBBS,
15569,6941,FCPS (Child),Child
15570,6941,MD (Child Kidney),Child Kidney
15571,6941,FRCP (UK),UK
15572,6942,FCPS,
15573,6942,MD,
15574,6945,MBBS (DMC),DMC
15575,6945,FCPS (Medicine),Medicine
15576,6945,MD (Nephrology),Nephrology
15577,6946,MBBS,
15578,6947,MBBS (Raj),Raj
15579,6948,MBBS (DMC),DMC
15580,6949,MBBS,
15581,6949,FCPS (Medicine),Medicine
15582,6950,MBBS,
15583,6950,FCPS (Surgery Part 2),Surgery Part 2
15584,6950,MS (Ent-On course),Ent-On course
15585,6951,MBBS,
15586,6951,FCPS (Surgery),Surgery
15587,6952,MBBS (Raj),Raj
15588,6952,DMU (Ultrasound),Ultrasound
15589,6953,MBBS (DMC),DMC
15590,6953,MRCP (UK),UK
15591,6953,MRCPCH (UK),UK
15592,6953,FRCP (Glasgow),Glasgow
15593,6954,MBBS (DMC),DMC
15594,6954,FCPS (Gynae & Obs),Gynae & Obs
15595,6955,MBBS,
15596,6955,BCS (Health),Health
15597,6955,MD (Gastroenterology),Gastroenterology
15598,6956,MBBS (Dhaka),Dhaka
15599,6957,MBBS (DU),DU
15600,6957,MD (Neuromedicine),Neuromedicine
15601,6958,MBBS (Dhaka),Dhaka
15602,6958,BCS (Health),Health
15603,6958,MD (Pediatric Nephrology),Pediatric Nephrology
15604,6959,MBBS (DMC),DMC
15605,6959,MS (Pediatric Surgery),Pediatric Surgery
15606,6960,MBBS (DMC),DMC
15607,6960,FCPS (Gynae & Obs),Gynae & Obs
15608,6961,MBBS,
15609,6961,MD (Paediatrics),Paediatrics
15610,6962,MBBS,
15611,6962,MD (Nephrology),Nephrology
15612,6963,MBBS,
15613,6963,MD (Paed),Paed
15614,6963,MD (Paed Haem & Oncology),Paed Haem & Oncology
15615,6964,MBBS,
15616,6964,MD (Paediatrics),Paediatrics
15617,6964,FCPS (Paediatrics),Paediatrics
15618,6965,MBBS,
15619,6965,FCPS (Paediatrics),Paediatrics
15620,6966,MBBS,
15621,6967,MBBS,
15622,6967,MS (CV & TS),CV & TS
15623,6968,MBBS,
15624,6968,(DMC),DMC
15625,6968,DOC (Skin & Sex),Skin & Sex
15626,6969,MBBS,
15627,6969,Diploma (Family Medicine),Family Medicine
15628,6969,FRSH (London),London
15629,6969,Endocrinologist,
15630,6970,MBBS,
15631,6971,MBBS (CMC),CMC
15632,6971,BCS (Health),Health
15633,6971,MD (Critical Care Medicine),Critical Care Medicine
15634,6972,MBBS,
15635,6972,MD (Internal Medicine),Internal Medicine
15636,6973,MBBS,
15637,6973,FCPS (ENT),ENT
15638,6974,MBBS,
15639,6974,MS (ORTHO),ORTHO
15640,6976,MBBS,
15641,6976,FCPS (Gynae & Obs.),Gynae & Obs.
15642,6977,MBBS,
15643,6977,FCPS (Internal Medicine),Internal Medicine
15644,6977,MD (Neurology),Neurology
15645,6978,MBBS,
15646,6978,BCS (Health),Health
15647,6978,MD (Endocrinology),Endocrinology
15648,6978,Endocrinologist,
15649,6979,FCPS (Oral & Maxillofacial Surgery),Oral & Maxillofacial Surgery
15650,6980,MBBS,
15651,6980,FCPS (Surgery),Surgery
15652,6981,MBBS,
15653,6982,MBBS (DMC),DMC
15654,6982,FCPS (CHILD),CHILD
15655,6983,MBBS (DMC),DMC
15656,6983,FCPS (Med),Med
15657,6983,FCPS (Pulmonology),Pulmonology
15658,6984,MBBS,
15659,6984,FCPS (Medicine),Medicine
15660,6984,FCPS (Gastroenterology),Gastroenterology
15661,6985,MBBS,
15662,6985,FCPS (Pediatrics),Pediatrics
15663,6986,MBBS,
15664,6986,MD (Gastroenterology),Gastroenterology
15665,6987,MBBS,
15666,6988,MBBS,
15667,6988,MS (Urology),Urology
15668,6989,MBBS,
15669,6989,MS (Ortho),Ortho
15670,6990,MBBS,
15671,6990,FCPS (Neonatology),Neonatology
15672,6991,MBBS,
15673,6991,FCPS (Gynae & OBS),Gynae & OBS
15674,6991,MS (Gynae & OBS),Gynae & OBS
15675,6992,MBBS,
15676,6992,MS (Ortho),Ortho
15677,6993,MBBS,
15678,6993,FCPS (Medicine),Medicine
15679,6993,MD (Gastroenterology),Gastroenterology
15680,6994,MBBS (DMC),DMC
15681,6994,MD (Endocrinology),Endocrinology
15682,6994,Endocrinologist,
15683,6995,MBBS,
15684,6995,BCS (Health),Health
15685,6995,MD (Neurology),Neurology
15686,6996,MBBS,
15687,6996,FCPS (Medicine),Medicine
15688,6996,Md. (Internal Medicine),Internal Medicine
15689,6997,MBBS,
15690,6997,FCPS (Surgery),Surgery
15691,6997,MS (Urology),Urology
15692,6998,MBBS,
15693,6998,BCS (Health),Health
15694,6998,FCPS (OBGYN),OBGYN
15695,6999,MBBS,
15696,6999,FCPS (OBGYN),OBGYN
15697,7000,MBBS,
15698,7000,BCS (Health),Health
15699,7001,MBBS,
15700,7001,FCPS (Medicine),Medicine
15701,7001,MD (NEUROLOGY),NEUROLOGY
15702,7002,MBBS,
15703,7002,MS (ORTHO),ORTHO
15704,7003,MBBS,
15705,7003,FCPS (Medicine),Medicine
15706,7004,MBBS,
15707,7004,MS (Urology),Urology
15708,7005,MBBS,
15709,7005,MD (Gastroenterology),Gastroenterology
15710,7006,MBBS,
15711,7006,MCPS FCPS (OBGYN),OBGYN
15712,7007,MBBS,
15713,7007,MD (Psychiatry),Psychiatry
15714,7008,MBBS,
15715,7008,FCPS (Pediatrics),Pediatrics
15716,7009,MBBS (DMC),DMC
15717,7009,FCPS (Urology),Urology
15718,7010,MBBS,
15719,7010,BCS (Health),Health
15720,7010,FCPS (Medicine),Medicine
15721,7010,MD (Gastroenterology),Gastroenterology
15722,7011,MBBS (DMC),DMC
15723,7011,BCS (Health),Health
15724,7011,FCPS (Pediatrics),Pediatrics
15725,7011,FCPS (Pediatric Neurology),Pediatric Neurology
15726,7012,MBBS,
15727,7012,FCPS (Medicine),Medicine
15728,7012,FRCP (Edin),Edin
15729,7012,FRCP (Glasg),Glasg
15730,7013,MBBS (DMC),DMC
15731,7013,FCPS (Medicine),Medicine
15732,7013,MD (Chest Diseases),Chest Diseases
15733,7013,FRCP (Glassgow),Glassgow
15734,7014,MBBS,
15735,7014,PhD,
15736,7014,FCPS (Medicine),Medicine
15737,7014,FRCP (Edin),Edin
15738,7015,MBBS,
15739,7015,FCPS (Medicine),Medicine
15740,7015,MD (Gastro),Gastro
15741,7016,MBBS,
15742,7016,FCPS (Medicine),Medicine
15743,7016,MD (Neurology),Neurology
15744,7017,MBBS,
15745,7017,FCPS,
15746,7017,FRCP,
15747,7018,MBBS,
15748,7018,FCPS (Surgery),Surgery
15749,7019,MBBS,
15750,7019,FCPS (Paed),Paed
15751,7020,MBBS,
15752,7020,FCPS (Gynae),Gynae
15753,7021,MBBS (Dhaka),Dhaka
15754,7021,FCPS (Surgery),Surgery
15755,7021,MS (Urology),Urology
15756,7022,MBBS,
15757,7022,FCPS,
15758,7022,MS (ENT),ENT
15759,7023,MBBS,
15760,7023,FCPS (Surgery),Surgery
15761,7023,MS (Neurosurgery),Neurosurgery
15762,7023,PhD,
15763,7024,MBBS,
15764,7024,FCPS,
15765,7025,MBBS (SSMC),SSMC
15766,7025,FCPS (Surgery),Surgery
15767,7026,MBBS,
15768,7026,MD (CHEST),CHEST
15769,7027,MBBS,
15770,7027,MD (Gastroenterology),Gastroenterology
15771,7027,FRCP (UK),UK
15772,7028,MBBS,
15773,7028,BCS (Health),Health
15774,7028,FCPS (Medicine),Medicine
15775,7029,MBBS,
15776,7029,FCPS (Gastro),Gastro
15777,7030,MBBS (DMC),DMC
15778,7030,FCPS (Medicine),Medicine
15779,7030,MD (Neurology),Neurology
15780,7031,MBBS,
15781,7031,FCPS (Medicine),Medicine
15782,7031,MD (Internal Medicine),Internal Medicine
15783,7031,FRCP (UK),UK
15784,7032,MBBS,
15785,7032,BCS (Health),Health
15786,7032,FCPS (Medicine),Medicine
15787,7032,MD (Hepatology),Hepatology
15788,7033,MBBS,
15789,7033,BCS (Health),Health
15790,7033,MS,
15791,7034,MBBS,
15792,7034,FCPS (Medi),Medi
15793,7035,MBBS,
15794,7035,FCPS (Medicine),Medicine
15795,7035,MD (Gastroenterology),Gastroenterology
15796,7036,MBBS,
15797,7036,FCPS (Obs & Gynae),Obs & Gynae
15798,7037,MBBS,
15799,7037,FCPS (MEDI),MEDI
15800,7037,MD (NEURO),NEURO
15801,7038,MBBS,
15802,7038,MD (Neurology),Neurology
15803,7039,MBBS (DMC),DMC
15804,7039,FCPS (ENT),ENT
15805,7040,MBBS,
15806,7040,FCPS (Internal Medicine),Internal Medicine
15807,7040,MD (Nephrology),Nephrology
15808,7041,MBBS,
15809,7041,FCPS (OBGYN),OBGYN
15810,7041,FCPS (PAK),PAK
15811,7042,MBBS,
15812,7042,FCPS (Plastic Surgery),Plastic Surgery
15813,7043,MBBS (DMC),DMC
15814,7043,BCS (Health),Health
15815,7043,FCPS,
15816,7044,MBBS,
15817,7044,MD (Cardiology),Cardiology
15818,7044,FCPS (Medicine),Medicine
15819,7045,MBBS,
15820,7045,MRCP (UK),UK
15821,7045,FRCP (Edin),Edin
15822,7045,FRCP (Glasgo),Glasgo
15823,7046,MBBS,
15824,7046,MD (Cardiology),Cardiology
15825,7046,PhD (Cardiology),Cardiology
15826,7046,FRCP (Glasgow),Glasgow
15827,7046,FRCP (Edin),Edin
15828,7047,MBBS,
15829,7047,FCPS,
15830,7047,MD,
15831,7048,MBBS,
15832,7048,FCPS (Med),Med
15833,7048,MD (Neuro),Neuro
15834,7048,MRCP (UK),UK
15835,7048,FRCP,
15836,7049,MBBS,
15837,7049,MD,
15838,7049,PhD,
15839,7049,FRCP,
15840,7050,MBBS,
15841,7050,FRCP,
15842,7050,FCPS,
15843,7051,MBBS,
15844,7051,MS (Neurosurgery),Neurosurgery
15845,7052,MBBS,
15846,7052,FCPS (Surgery),Surgery
15847,7052,MS (Urology),Urology
15848,7053,MBBS (DMC),DMC
15849,7053,BCS,
15850,7053,MS (DU),DU
15851,7054,MBBS,
15852,7054,FCPS,
15853,7054,MS,
15854,7055,MBBS,
15855,7055,FCPS (Med),Med
15856,7055,FRCP,
15857,7056,MBBS,
15858,7056,FCPS (Med),Med
15859,7056,MD,
15860,7056,FRCP (Edin),Edin
15861,7057,MBBS,
15862,7057,FCPS (Med),Med
15863,7058,MBBS,
15864,7058,FCPS,
15865,7058,MD (Internal Medicine),Internal Medicine
15866,7059,MBBS,
15867,7059,MD,
15868,7059,PhD (MS),MS
15869,7060,MBBS (Dhaka),Dhaka
15870,7060,FCPS (Medicine),Medicine
15871,7061,MBBS,
15872,7061,FCPS (Medicine),Medicine
15873,7061,MD (Neurology),Neurology
15874,7061,"FRCP (Edin, UK)","Edin, UK"
15875,7062,MBBS,
15876,7062,MD (Gastroenterology),Gastroenterology
15877,7062,FCPS (Medicine),Medicine
15878,7063,MBBS (Dhaka),Dhaka
15879,7063,FCPS (Gynae & Obs.),Gynae & Obs.
15880,7064,MBBS,
15881,7064,FCPS (Medicine),Medicine
15882,7064,MD (Nephrology),Nephrology
15883,7065,MBBS,
15884,7066,MBBS,
15885,7066,MD (Endocrinology),Endocrinology
15886,7066,Endocrinologist,
15887,7067,MBBS,
15888,7067,FCPS (OBGYN),OBGYN
15889,7068,MBBS,
15890,7068,FCPS (Hematology),Hematology
15891,7069,MBBS,
15892,7069,FCPS (Medicine),Medicine
15893,7069,MD (Gastroenterology),Gastroenterology
15894,7070,MBBS,
15895,7070,"MS (Ortho, NITOR)","Ortho, NITOR"
15896,7071,MBBS,
15897,7071,MS (Cardio Vascular & Thoracic Surgery),Cardio Vascular & Thoracic Surgery
15898,7072,MSc (Norway),Norway
15899,7073,MBBS,
15900,7073,FCPS (Medicine),Medicine
15901,7074,MBBS,
15902,7074,MS (Neurosurgery),Neurosurgery
15903,7075,MBBS,
15904,7075,MD (Cardiology),Cardiology
15905,7076,MBBS,
15906,7076,FCPS,
15907,7077,MBBS (Du),Du
15908,7077,BCS (Health),Health
15909,7077,MD (Child Health),Child Health
15910,7078,MBBS,
15911,7078,BCS (Health) FCPS (Medicine) MACP (America),Health
15912,7079,MBBS (DMC) MD (Cardiology),DMC
15913,7080,MBBS,
15914,7080,FCPS (Radiotherapy),Radiotherapy
15915,7081,MBBS,
15916,7081,FCPS (Obs & Gynae),Obs & Gynae
15917,7082,MBBS,
15918,7082,FCPS (Pediatrics),Pediatrics
15919,7082,MD (Pediatric Hematology & Oncology),Pediatric Hematology & Oncology
15920,7083,FCPS (Gynae & Obs.),Gynae & Obs.
15921,7083,BCPS MS (UK),UK
15922,7084,MBBS (Dhaka),Dhaka
15923,7084,FCPS (Medicine),Medicine
15924,7084,MD (Neurology),Neurology
15925,7085,MBBS,
15926,7085,BCS (Health),Health
15927,7085,MS (ENT),ENT
15928,7086,MBBS,
15929,7086,FCPS (Surgery),Surgery
15930,7087,MBBS,
15931,7087,PhD (Japan),Japan
15932,7088,MBBS,
15933,7088,FCPS (Hematology),Hematology
15934,7089,MBBS,
15935,7089,FCPS (Gynae & Obs.),Gynae & Obs.
15936,7090,MBBS,
15937,7090,FCPS (Surgery),Surgery
15938,7090,MS (Plastic Surgery),Plastic Surgery
15939,7091,MBBS,
15940,7091,BCS (Health),Health
15941,7091,MD (Psychiatry) (BSMMU),Psychiatry
15942,7092,MBBS,
15943,7092,BCS (Health),Health
15944,7092,MD (Physical Medicine,"Physical Medicine, BSMMU"
15945,7093,MBBS,
15946,7093,FCPS,
15947,7094,MBBS (DMC),DMC
15948,7094,BCS (Health),Health
15949,7094,MD (Hepatology),Hepatology
15950,7095,MBBS,
15951,7095,MD (Gastro),Gastro
15952,7096,MBBS,
15953,7096,MD (Endocrinology),Endocrinology
15954,7096,Endocrinologist,
15955,7097,MBBS,
15956,7097,MS (Ortho),Ortho
15957,7098,MBBS (CMC),CMC
15958,7098,FCPS (Surgery),Surgery
15959,7099,MBBS,
15960,7099,MS (Surgical Oncology),Surgical Oncology
15961,7100,MBBS,
15962,7100,BCS (Health),Health
15963,7100,FCPS (Gynae & Obs),Gynae & Obs
15964,7101,MBBS,
15965,7101,BCS (Health),Health
15966,7101,MD (Chest Diseases),Chest Diseases
15967,7102,MBBS,
15968,7102,MD (Cardiology),Cardiology
15969,7103,MBBS,
15970,7104,MBBS,
15971,7104,FCPS (OBGYN),OBGYN
15972,7105,MBBS (DMC),DMC
15973,7105,MD (Chest),Chest
15974,7105,FRCP (Edinburgh),Edinburgh
15975,7106,MBBS,
15976,7106,FCPS (CHILD),CHILD
15977,7106,MD (CHILD),CHILD
15978,7107,MBBS (SSMC),SSMC
15979,7107,FCPS (Paed),Paed
15980,7108,MBBS,
15981,7108,MS (Neurosurgery),Neurosurgery
15982,7109,MBBS,
15983,7109,MD (Nephrology),Nephrology
15984,7110,MBBS,
15985,7110,MS,
15986,7110,DMIS (FRANCE),FRANCE
15987,7111,MBBS,
15988,7111,FCPS (Surgery),Surgery
15989,7111,MS (Plastic Surgery),Plastic Surgery
15990,7112,MBBS,
15991,7112,MD (Endocrinology),Endocrinology
15992,7112,Endocrinologist,
15993,7113,MBBS,
15994,7113,MD (Cardiology),Cardiology
15995,7114,MBBS,
15996,7114,MS (Urology),Urology
15997,7115,MBBS,
15998,7115,MDSc (USA),USA
15999,7116,MBBS,
16000,7116,FCPS (ENT),ENT
16001,7116,MS (ENT),ENT
16002,7117,MBBS,
16003,7117,"FRCP (Edinburgh, Ireland)","Edinburgh, Ireland"
16004,7117,MRCP,
16005,7119,MBBS,
16006,7120,MBBS (DMC),DMC
16007,7120,MS (CV & TS),CV & TS
16008,7121,MBBS,
16009,7121,FCPS,
16010,7122,MBBS,
16011,7122,FCPS (Surgery),Surgery
16012,7122,MRCPS (UK),UK
16013,7123,MBBS (DMC),DMC
16014,7123,MD (Gastro),Gastro
16015,7124,MBBS,
16016,7124,MS (Surgery),Surgery
16017,7125,MBBS,
16018,7126,MBBS,
16019,7127,MBBS,
16020,7127,FCPS (Pediatrics),Pediatrics
16021,7127,MD (Pediatrics Nephrology),Pediatrics Nephrology
16022,7127,FRCP (Glasgow),Glasgow
16023,7128,MBBS (Dhaka),Dhaka
16024,7128,BCS (Health),Health
16025,7128,FCPS (Gynae & Obs),Gynae & Obs
16026,7128,FCPS (Infertility),Infertility
16027,7129,MBBS (DMC),DMC
16028,7129,MD (EM),EM
16029,7129,Endocrinologist,
16030,7130,MBBS (Dhaka),Dhaka
16031,7130,MS (CTS),CTS
16032,7131,MBBS (DMC),DMC
16033,7131,FCPS (BD),BD
16034,7131,FRCP (Glasg),Glasg
16035,7131,DCN (London),London
16036,7132,MD (Card),Card
16037,7132,FRCP (Edin),Edin
16038,7133,MBBS,
16039,7133,MS (General Surgery),General Surgery
16040,7133,MS (Neurosurgery),Neurosurgery
16041,7134,MBBS,
16042,7134,BCS (Health),Health
16043,7134,MD (Hepatology),Hepatology
16044,7135,MBBS (DMC),DMC
16045,7135,FCPS (Surgery),Surgery
16046,7135,MS (Neurosurgery),Neurosurgery
16047,7136,MBBS (DMC),DMC
16048,7136,DLO (London),London
16049,7137,MBBS,
16050,7137,BCS (Health),Health
16051,7137,MS (Neurosurgery),Neurosurgery
16052,7138,MBBS,
16053,7138,FCPS (General Surgery),General Surgery
16054,7138,MS (Urology),Urology
16055,7139,MBBS,
16056,7139,DTM & H (London),London
16057,7139,MD (USA),USA
16058,7140,MBBS,
16059,7141,MBBS,
16060,7141,MS (Ortho),Ortho
16061,7142,MBBS,
16062,7143,MBBS (DMC),DMC
16063,7143,MD (Nephrology),Nephrology
16064,7144,MBBS,
16065,7144,FCPS (Pediatrics),Pediatrics
16066,7144,"FRCP (Edin, UK)","Edin, UK"
16067,7145,MBBS,
16068,7145,FCPS (Surgery),Surgery
16069,7145,MRCPS (Glasg),Glasg
16070,7146,MBBS,
16071,7146,FCPS (Surgery),Surgery
16072,7146,MS (Hepatobiliary Surgery),Hepatobiliary Surgery
16073,7147,MBBS,
16074,7147,FCPS (Gynae & Obs),Gynae & Obs
16075,7148,MBBS,
16076,7148,FCPS,
16077,7148,Pediatric Endocrinologist,
16078,7149,MBBS,
16079,7149,MS - Obstetrics and Gynaecology,
16080,7150,MBBS,
16081,7150,MD - Cardiology,
16082,7150,FCPS - Medicine,
16083,7151,MBBS,
16084,7152,MBBS,
16085,7152,MD (Dermatology),Dermatology
16086,7153,MBBS,
16087,7153,MD (USA) Board Certified in Neurology (USA),USA
16088,7154,MBBS,
16089,7154,FCPS,
16090,7154,MD (Chest),Chest
16091,7154,"FRCP (Ire. Edin, Glasgow)","Ire. Edin, Glasgow"
16092,7155,MBBS,
16093,7155,MD (Pediatrics),Pediatrics
16094,7155,MD (Neonatology),Neonatology
16095,7156,MBBS,
16096,7156,FCPS (OBGYN),OBGYN
16097,7157,MBBS,
16098,7157,MSSVD (London),London
16099,7158,MBBS,
16100,7158,MRCP,
16101,7158,FRCP,
16102,7159,MBBS,
16103,7159,FCPS (Pediatrics),Pediatrics
16104,7159,MRCPCH (UK),UK
16105,7160,MBBS,
16106,7160,FCPS,
16107,7161,MBBS,
16108,7161,FCPS (Medicine),Medicine
16109,7162,MBBS,
16110,7162,FCPS (OBGYN),OBGYN
16111,7163,MBBS (DMC),DMC
16112,7163,MD (Hepatology),Hepatology
16113,7164,MBBS,
16114,7164,MRCP (UK),UK
16115,7164,FRCP (E.),E.
16116,7165,MBBS (DMC),DMC
16117,7165,FCPS (OBGYN),OBGYN
16118,7165,MS (OBGYN),OBGYN
16119,7166,MBBS - Medicine,
16120,7166,FCPS - Obstetrics and Gynaecology,
16121,7167,MBBS,
16122,7167,FCPS (Dermatology & Venereology),Dermatology & Venereology
16123,7168,Bsc & MSc (Food & Nutrition) DU,Food & Nutrition
16124,7169,MBBS (DMC),DMC
16125,7169,FCPS (Medicine),Medicine
16126,7169,MD (Gastroenterology),Gastroenterology
16127,7170,MBBS,
16128,7170,MS (ENT),ENT
16129,7170,FCPS (ENT),ENT
16130,7171,MBBS (DMC),DMC
16131,7171,MS (Urology),Urology
16132,7172,MBBS,
16133,7172,MD (Gastroenterology),Gastroenterology
16134,7173,MBBS,
16135,7173,MS (UROLOGY),UROLOGY
16136,7174,MBBS (DMC),DMC
16137,7174,FCPS (OBGYN),OBGYN
16138,7175,MBBS,
16139,7175,MD (Endocrinology),Endocrinology
16140,7175,Endocrinologist,
16141,7176,MBBS,
16142,7176,BCS (Health),Health
16143,7178,MS,
16144,7179,MBBS(DU),DU
16145,7179,FCPS( Physical Medicine & Rehabilitation), Physical Medicine & Rehabilitation
16146,7180,MBBS,
16147,7180,FCPS(Surgery),Surgery
16148,7180,MS(Urology),Urology
16149,7181,Fcps ( paediatrics), paediatrics
16150,7181,Fcps (paediatric neurology and development),paediatric neurology and development
16151,7182,FCPS - Plastic and Reconstructive Surgery,
16152,7183,MBBS,
16153,7183,MD (Paediatric Hematology & Oncology),Paediatric Hematology & Oncology
16154,7184,MBBS,
16155,7184,MS (Orthopaedic Surgery),Orthopaedic Surgery
16156,7186,MBBS,
16157,7186,FCPS( Radiotherapy), Radiotherapy
16158,7187,MBBS,
16159,7187,BCS( Health)FCPS ( Medicine), Health
16160,7187,FCPS( Cardiology) Thesis, Cardiology
16161,7188,MBBS,
16162,7188,BCS(BCS(Health),BCS(Health
16163,7188,MS(MS(Neurosurgery).,MS(Neurosurgery
16164,7189,MBBS (RU),RU
16165,7189,BCS (Health),Health
16166,7189,MS (ENT),ENT
16167,7190,MBBS (DMC),DMC
16168,7190,BCS (Health),Health
16169,7190,MD (Endocrinology & Metabolism),Endocrinology & Metabolism
16170,7190,Endocrinologist,
16171,7191,MBBS(Dhaka),Dhaka
16172,7191,BCS(Health),Health
16173,7191,MD(Child),Child
16174,7193,FCPS (Surgery),Surgery
16175,7193,BCS (Health),Health
16176,7194,MS(Neurosurgery),Neurosurgery
16177,7194,MBBS,
16178,7194,BCS(Health),Health
16179,7195,MS NEUROSURGERY,
16180,7196,MBBS,
16181,7196,MRCP(Uk) Internal Medicine,Uk
16182,7196,MRCP( Edin), Edin
16183,7197,MBBS,
16184,7197,FCPS ( Skin and VD), Skin and VD
16185,7199,MS (Orthopaedic Surgery),Orthopaedic Surgery
16186,7200,MBBS,
16187,7200,MS ( Neurosurgery), Neurosurgery
16188,7201,MBBS,
16189,7201,MD (Rheumatology),Rheumatology
16190,7202,MBBS,
16191,7202,MS (PEDIATRIC SURGERY),PEDIATRIC SURGERY
16192,7203,MBBS MD,
16193,7206,MBBS,
16194,7206,MS( Plastic Surgery), Plastic Surgery
16195,7207,MBBS,
16196,7207,MD( Nuclear Medicine), Nuclear Medicine
16197,7208,MBBS,
16198,7208,MS(Pediatric Surgery),Pediatric Surgery
16199,7209,Bachelor Of Ayurvedic Medicine &Surgery-BAMS(DU),DU
16200,7209,ADMU,
16201,7210,MBBS,
16202,7210,FCPS (Physical Medicine),Physical Medicine
16203,7211,FCPS (Plastic & Reconstructive Surgery),Plastic & Reconstructive Surgery
16204,7213,MBBS,
16205,7214,MBBS,
16206,7214,FCPS (Physical medicine and rehabilitation),Physical medicine and rehabilitation
16207,7216,MBBS,
16208,7216,MS(NEUROSURGERY),NEUROSURGERY
16209,7217,MBBS,
16210,7217,FCPS (Medicine),Medicine
16211,7218,MBBS,
16212,7218,MS,
16213,7219,MBBS,
16214,7219,BCS (Health),Health
16215,7220,MBBS,
16216,7220,FCPS (Medicine),Medicine
16217,7220,MD (Endocrinology),Endocrinology
16218,7220,Endocrinologist,
16219,7221,MBBS,
16220,7221,FCPS(final part),final part
16221,7222,MBBS,
16222,7222,FCPS (Cardiology) Final Part,Cardiology
16223,7224,MBBS,
16224,7224,FCPS-PART 2,
16225,7225,MBBS,
16226,7225,"MD (Hepatology) (Liver, Gastro & Medicine Specialist)",Hepatology
16227,7227,MBBS,
16228,7227,MD (Obs & Gynae) India,Obs & Gynae
16229,7227,FTM & H (London),London
16230,7227,FRSH (London),London
16231,7228,MBBS,
16232,7228,FCPS (Skin),Skin
16233,7229,MBBS,
16234,7229,FCPS(Medicine),Medicine
16235,7229,MD(Neurology),Neurology
16236,7230,MBBS(SSMC),SSMC
16237,7230,BCS(Health),Health
16238,7230,MS(Orthopaedic-Surgery),Orthopaedic-Surgery
16239,7231,MBBS,
16240,7231,FCPS(ENT),ENT
16241,7232,FCPS(Final Part),Final Part
16242,7233,MBBS,
16243,7233,FCPS,
16244,7233,MS,
16245,7234,MD(Neurology),Neurology
16246,7235,MBBS,
16247,7235,FCPS (Pediatrics),Pediatrics
16248,7235,PhD (UK),UK
16249,7235,MD (Poland),Poland
16250,7237,MBBS(CMC),CMC
16251,7237,FCPS(Medicine),Medicine
16252,7239,MS - Neuro Surgery,
16253,7240,MBBS,
16254,7240,FCPS (Medicine),Medicine
16255,7240,MD (Chest),Chest
16256,7241,MBBS,
16257,7241,MD (Cardiology),Cardiology
16258,7241,FRSPH (London),London
16259,7242,MBBS(DU),DU
16260,7243,MBBS,
16261,7243,BCS,
16262,7243,MS (Urology),Urology
16263,7244,MBBS,
16264,7245,MBBS,
16265,7245,FCPS (Medicine),Medicine
16266,7245,FRCP (UK),UK
16267,7246,MBBS,
16268,7246,FCPS,
16269,7246,MS (Gyne & Obs),Gyne & Obs
16270,7247,MBBS,
16271,7247,BCS,
16272,7247,FCPS (Surgery),Surgery
16273,7249,MBBS,
16274,7249,FCPS (OPH),OPH
16275,7249,MSC (London),London
16276,7250,MBBS (DMC),DMC
16277,7250,MD (Neurology),Neurology
16278,7256,MBBS,
16279,7256,MD (Gastroenterology),Gastroenterology
16280,7256,FRCP (Edin),Edin
16281,7257,MBBS,
16282,7257,MD (Endocrinology),Endocrinology
16283,7257,Endocrinologist,
16284,7258,MBBS,
16285,7258,BCS (Health),Health
16286,7258,MD (Neurology),Neurology
16287,7259,MBBS,
16288,7259,FCPS - Surgery,
16289,7260,MBBS (Dhaka),Dhaka
16290,7260,FCPS (Psychiatry),Psychiatry
16291,7261,MBBS,
16292,7261,FCPS (Medicine),Medicine
16293,7262,MBBS (Dhaka),Dhaka
16294,7262,MD (Neuro-medicine),Neuro-medicine
16295,7263,MBBS,
16296,7263,London,
16297,7264,MBBS,
16298,7264,MD (Pediatric),Pediatric
16299,7264,FCPS (Neonatology),Neonatology
16300,7265,MBBS,
16301,7265,FCPS (Medicine),Medicine
16302,7265,MD (Gastroenterology),Gastroenterology
16303,7266,MBBS,
16304,7266,FCPS (Medicine),Medicine
16305,7266,MD (Nephrology),Nephrology
16306,7267,MBBS,
16307,7267,FCPS (Surgery),Surgery
16308,7268,MBBS,
16309,7269,MBBS,
16310,7269,MS (Urology),Urology
16311,7270,MBBS,
16312,7270,FCPS (Dermatology),Dermatology
16313,7270,FRCP (UK),UK
16314,7271,MBBS,
16315,7271,FCPS (Surgery),Surgery
16316,7271,MS (Plastic Surgery),Plastic Surgery
16317,7272,MBBS,
16318,7272,MS (Urology),Urology
16319,7273,MBBS,
16320,7274,MBBS,
16321,7274,BCS (Health),Health
16322,7274,MD (Pediatric Gastoentrology),Pediatric Gastoentrology
16323,7275,MBBS,
16324,7275,BCS (Health),Health
16325,7275,MS (Urology),Urology
16326,7276,MBBS,
16327,7276,MD (Neurology),Neurology
16328,7277,MBBS (DMC),DMC
16329,7277,BCS (Health),Health
16330,7277,FCPS (Medicine),Medicine
16331,7278,MBBS,
16332,7278,FCPS (Physical Medicine),Physical Medicine
16333,7279,MBBS,
16334,7279,MS (Ortho),Ortho
16335,7280,MBBS,
16336,7280,FCPS (Medicine),Medicine
16337,7280,MD (Gaestro),Gaestro
16338,7281,MBBS (DMC),DMC
16339,7281,FCPS (Medicine),Medicine
16340,7281,MD (Neurology),Neurology
16341,7282,MBBS (DMC),DMC
16342,7282,FCPS (Skin & Sex),Skin & Sex
16343,7286,MBBS,
16344,7286,FCPS (Medicine),Medicine
16345,7286,MD (Hematology),Hematology
16346,7287,MBBS (DMC),DMC
16347,7287,DGO (DMC),DMC
16348,7287,FCPS (Obs & Gynae),Obs & Gynae
16349,7288,MBBS,
16350,7288,MD (Psychiatry),Psychiatry
16351,7289,MBBS,
16352,7289,BCS (Health),Health
16353,7289,FCPS (Medicine),Medicine
16354,7289,MD (Gastroenterology),Gastroenterology
16355,7290,MBBS,
16356,7290,FCPS (ENT),ENT
16357,7291,MBBS,
16358,7291,PhD (USA),USA
16359,7291,"FRCP (IRELAND, EDIN, LONDON)","IRELAND, EDIN, LONDON"
16360,7292,MBBS,
16361,7292,FCPS,
16362,7293,MBBS,
16363,7293,FCPS (OBGYN),OBGYN
16364,7294,MBBS (DU),DU
16365,7294,FCPS (Medicine),Medicine
16366,7294,MRCP (UK),UK
16367,7294,MRCP (Ireland),Ireland
16368,7294,MRCP (Glasgow),Glasgow
16369,7295,MBBS (DMC),DMC
16370,7295,FCPS (Medicine),Medicine
16371,7296,MBBS,
16372,7296,MD (USA),USA
16373,7296,MD (Chest Diseases),Chest Diseases
16374,7297,MBBS (Dhaka),Dhaka
16375,7297,MRCP (UK),UK
16376,7297,MD (Rheumatology),Rheumatology
